DROP INDEX `questions_official_position_idx`;--> statement-breakpoint
ALTER TABLE `questions` ADD `content_json` text DEFAULT '[]' NOT NULL;--> statement-breakpoint
ALTER TABLE `questions` ADD `answer_status` text DEFAULT 'valid' NOT NULL;--> statement-breakpoint
CREATE UNIQUE INDEX `questions_official_position_idx` ON `questions` (`year`,`exam_day`,`booklet`,`official_number`,`language`);
--> statement-breakpoint
INSERT INTO `exams` (`id`, `slug`, `title`, `description`, `year`, `duration_minutes`, `question_count`, `status`, `published_at`) VALUES (202501, 'enem-2025-dia-1-ingles', 'ENEM 2025 · 1º dia · Inglês', 'Linguagens e Ciências Humanas com a opção de língua inglesa.', 2025, 330, 90, 'published', CURRENT_TIMESTAMP);
--> statement-breakpoint
INSERT INTO `exams` (`id`, `slug`, `title`, `description`, `year`, `duration_minutes`, `question_count`, `status`, `published_at`) VALUES (202502, 'enem-2025-dia-1-espanhol', 'ENEM 2025 · 1º dia · Espanhol', 'Linguagens e Ciências Humanas com a opção de língua espanhola.', 2025, 330, 90, 'published', CURRENT_TIMESTAMP);
--> statement-breakpoint
INSERT INTO `exams` (`id`, `slug`, `title`, `description`, `year`, `duration_minutes`, `question_count`, `status`, `published_at`) VALUES (202503, 'enem-2025-dia-2', 'ENEM 2025 · 2º dia', 'Ciências da Natureza e Matemática.', 2025, 300, 90, 'published', CURRENT_TIMESTAMP);
--> statement-breakpoint
INSERT INTO `questions` (`id`, `external_id`, `year`, `exam_day`, `booklet`, `official_number`, `language`, `area`, `topic`, `statement`, `content_json`, `support_text`, `source_label`, `source_url`, `image_key`, `asset_bundle_key`, `difficulty`, `answer_status`, `status`, `review_status`, `taxonomy_version`) VALUES (2025001, 'enem-2025-d1-azul-en-001', 2025, 1, 'azul', 1, 'en', 'Linguagens', 'Prova oficial ENEM 2025', 'Glory Ames, from the White Earth reservation, is frustrated that despite the presence of several indigenous reservations near Moorhead, local Halloween stores still feature a western section with costumes such as “pow wow princess”.Even worse, despite a long-running debate about racism and cultural appropriation, often prompted by backlash against celebrities and politicians for donning offensive costumes, people continue to wear such costumes.Last Halloween, Ames spotted a photo on Instagram of a girl dressed as a Native American with a bullet in her forehead. She immediately reported it to the social media platform and had it removed.“They blatantly take certain aspects of our culture, race, religion, and use it for their advantage and ignore the people living it”, said Ames.LIU, M. C. M. Disponível em: www.washingtonpost.com. Acesso em: 12 maio 2024 (adaptado).Ao abordar um aspecto da celebração do Halloween, esse texto tem por objetivo', '[{"type":"text","content":"Glory Ames, from the White Earth reservation, is frustrated that despite the presence of several indigenous reservations near Moorhead, local Halloween stores still feature a western section with costumes such as “pow wow princess”.Even worse, despite a long-running debate about racism and cultural appropriation, often prompted by backlash against celebrities and politicians for donning offensive costumes, people continue to wear such costumes.Last Halloween, Ames spotted a photo on Instagram of a girl dressed as a Native American with a bullet in her forehead. She immediately reported it to the social media platform and had it removed.“They blatantly take certain aspects of our culture, race, religion, and use it for their advantage and ignore the people living it”, said Ames.LIU, M. C. M. Disponível em: www.washingtonpost.com. Acesso em: 12 maio 2024 (adaptado).Ao abordar um aspecto da celebração do Halloween, esse texto tem por objetivo"}]', NULL, 'INEP · ENEM 2025 · 1º dia · Caderno 1 azul', 'https://download.inep.gov.br/enem/provas_e_gabaritos/2025_PV_impresso_D1_CD1.pdf', NULL, 'enem/2025/dia1', 'official', 'valid', 'published', 'imported', 1);
--> statement-breakpoint
INSERT INTO `question_options` (`id`, `question_id`, `label`, `content`, `is_correct`) VALUES (20250001, 2025001, 'A', '[{"type":"text","content":"denunciar a violência contra crianças indígenas."}]', 0);
--> statement-breakpoint
INSERT INTO `question_options` (`id`, `question_id`, `label`, `content`, `is_correct`) VALUES (20250002, 2025001, 'B', '[{"type":"text","content":"descrever costumes tradicionais em celebrações indígenas."}]', 0);
--> statement-breakpoint
INSERT INTO `question_options` (`id`, `question_id`, `label`, `content`, `is_correct`) VALUES (20250003, 2025001, 'C', '[{"type":"text","content":"valorizar as vestimentas características dos povos originários."}]', 0);
--> statement-breakpoint
INSERT INTO `question_options` (`id`, `question_id`, `label`, `content`, `is_correct`) VALUES (20250004, 2025001, 'D', '[{"type":"text","content":"criticar a exploração indevida de elementos da identidade indígena."}]', 1);
--> statement-breakpoint
INSERT INTO `question_options` (`id`, `question_id`, `label`, `content`, `is_correct`) VALUES (20250005, 2025001, 'E', '[{"type":"text","content":"sugerir ações de combate ao preconceito contra os povos originários."}]', 0);
--> statement-breakpoint
INSERT INTO `questions` (`id`, `external_id`, `year`, `exam_day`, `booklet`, `official_number`, `language`, `area`, `topic`, `statement`, `content_json`, `support_text`, `source_label`, `source_url`, `image_key`, `asset_bundle_key`, `difficulty`, `answer_status`, `status`, `review_status`, `taxonomy_version`) VALUES (2025002, 'enem-2025-d1-azul-en-002', 2025, 1, 'azul', 2, 'en', 'Linguagens', 'Prova oficial ENEM 2025', 'My idea of philosophy is that if it is not relevant to human problems, if it does not tell us how we can go about eradicating some of the misery in this world, then it is not worth the name of philosophy. I think Socrates made a very profound statement when he asserted that philosophy is to teach us proper living. In this day and age “proper living” means liberation from the urgent problems of poverty, economic necessity and indoctrination, mental oppression.DAVIS, A. Lectures on Liberation. Washington: Smithsonian Libraries, 1971 (adaptado).Nesse texto, ao discorrer sobre a relevância da filosofia, a escritora Angela Davis tem por objetivo', '[{"type":"text","content":"My idea of philosophy is that if it is not relevant to human problems, if it does not tell us how we can go about eradicating some of the misery in this world, then it is not worth the name of philosophy. I think Socrates made a very profound statement when he asserted that philosophy is to teach us proper living. In this day and age “proper living” means liberation from the urgent problems of poverty, economic necessity and indoctrination, mental oppression.DAVIS, A. Lectures on Liberation. Washington: Smithsonian Libraries, 1971 (adaptado).Nesse texto, ao discorrer sobre a relevância da filosofia, a escritora Angela Davis tem por objetivo"}]', NULL, 'INEP · ENEM 2025 · 1º dia · Caderno 1 azul', 'https://download.inep.gov.br/enem/provas_e_gabaritos/2025_PV_impresso_D1_CD1.pdf', NULL, 'enem/2025/dia1', 'official', 'valid', 'published', 'imported', 1);
--> statement-breakpoint
INSERT INTO `question_options` (`id`, `question_id`, `label`, `content`, `is_correct`) VALUES (20250006, 2025002, 'A', '[{"type":"text","content":"criticá-la pela restrição temática."}]', 0);
--> statement-breakpoint
INSERT INTO `question_options` (`id`, `question_id`, `label`, `content`, `is_correct`) VALUES (20250007, 2025002, 'B', '[{"type":"text","content":"vinculá-la ao universo acadêmico."}]', 0);
--> statement-breakpoint
INSERT INTO `question_options` (`id`, `question_id`, `label`, `content`, `is_correct`) VALUES (20250008, 2025002, 'C', '[{"type":"text","content":"afastá-la da abordagem socrática."}]', 0);
--> statement-breakpoint
INSERT INTO `question_options` (`id`, `question_id`, `label`, `content`, `is_correct`) VALUES (20250009, 2025002, 'D', '[{"type":"text","content":"aproximá-la dos problemas sociais."}]', 1);
--> statement-breakpoint
INSERT INTO `question_options` (`id`, `question_id`, `label`, `content`, `is_correct`) VALUES (20250010, 2025002, 'E', '[{"type":"text","content":"responsabilizá-la pela pobreza humana."}]', 0);
--> statement-breakpoint
INSERT INTO `questions` (`id`, `external_id`, `year`, `exam_day`, `booklet`, `official_number`, `language`, `area`, `topic`, `statement`, `content_json`, `support_text`, `source_label`, `source_url`, `image_key`, `asset_bundle_key`, `difficulty`, `answer_status`, `status`, `review_status`, `taxonomy_version`) VALUES (2025003, 'enem-2025-d1-azul-en-003', 2025, 1, 'azul', 3, 'en', 'Linguagens', 'Prova oficial ENEM 2025', 'Remember the sky that you were born under,know each of the star’s stories.Remember the moon, know who she is.Remember the sun’s birth at dawn. [...]Remember your birth, how your mother struggledto give you form and breath [...]Remember the earth whose skin you are:red earth, black earth, yellow earth, white earthbrown earth, we are earth.Remember the plants, trees, animal life who all have theirtribes, their families, their histories, too [...]Remember you are all people and all people are you.Remember you are this universe and this universe is you.Remember all is in motion, is growing, is you.HARJO, J. She Had Some Horses. Londres: W. Norton & Company, 1983 (fragmento).Nesse poema, de uma autora de ascendência indígena, o eu lírico ressalta a', '[{"type":"text","content":"Remember the sky that you were born under,know each of the star’s stories.Remember the moon, know who she is.Remember the sun’s birth at dawn. [...]Remember your birth, how your mother struggledto give you form and breath [...]Remember the earth whose skin you are:red earth, black earth, yellow earth, white earthbrown earth, we are earth.Remember the plants, trees, animal life who all have theirtribes, their families, their histories, too [...]Remember you are all people and all people are you.Remember you are this universe and this universe is you.Remember all is in motion, is growing, is you.HARJO, J. She Had Some Horses. Londres: W. Norton & Company, 1983 (fragmento).Nesse poema, de uma autora de ascendência indígena, o eu lírico ressalta a"}]', NULL, 'INEP · ENEM 2025 · 1º dia · Caderno 1 azul', 'https://download.inep.gov.br/enem/provas_e_gabaritos/2025_PV_impresso_D1_CD1.pdf', NULL, 'enem/2025/dia1', 'official', 'valid', 'published', 'imported', 1);
--> statement-breakpoint
INSERT INTO `question_options` (`id`, `question_id`, `label`, `content`, `is_correct`) VALUES (20250011, 2025003, 'A', '[{"type":"text","content":"potência dos astros celestes."}]', 0);
--> statement-breakpoint
INSERT INTO `question_options` (`id`, `question_id`, `label`, `content`, `is_correct`) VALUES (20250012, 2025003, 'B', '[{"type":"text","content":"origem das plantas e dos animais."}]', 0);
--> statement-breakpoint
INSERT INTO `question_options` (`id`, `question_id`, `label`, `content`, `is_correct`) VALUES (20250013, 2025003, 'C', '[{"type":"text","content":"importância do apego à terra natal."}]', 0);
--> statement-breakpoint
INSERT INTO `question_options` (`id`, `question_id`, `label`, `content`, `is_correct`) VALUES (20250014, 2025003, 'D', '[{"type":"text","content":"relação entre seres humanos e natureza."}]', 1);
--> statement-breakpoint
INSERT INTO `question_options` (`id`, `question_id`, `label`, `content`, `is_correct`) VALUES (20250015, 2025003, 'E', '[{"type":"text","content":"conexão entre o tempo real e o tempo imaginário."}]', 0);
--> statement-breakpoint
INSERT INTO `questions` (`id`, `external_id`, `year`, `exam_day`, `booklet`, `official_number`, `language`, `area`, `topic`, `statement`, `content_json`, `support_text`, `source_label`, `source_url`, `image_key`, `asset_bundle_key`, `difficulty`, `answer_status`, `status`, `review_status`, `taxonomy_version`) VALUES (2025004, 'enem-2025-d1-azul-en-004', 2025, 1, 'azul', 4, 'en', 'Linguagens', 'Prova oficial ENEM 2025', 'It is true that all children are special, simply because they are children. But most adults are not special, and children end up as adults pretty quickly. Life then can be difficult and even disappointing. The shock of this may account for the emergence of the “snowflake generation” of university students, who are so delicate they can’t handle controversial ideas being put forward in their lectures. The roots of this fragility run deep in modern culture. So, an approach of the world that states: “Life is wonderful, you’re special and, if you are a good boy/girl, life will be amazing forever” is not a message designed to aid bouncing back from failure or confronting catastrophe. Resilience is not about feeding ego — telling your children how wonderful they are — but strengthening it.LOTT, T. Disponível em: www.theguardian.com. Acesso em: 10 dez. 2017 (adaptado).Nesse texto, a expressão “snowflake generation” é usada para', '[{"type":"text","content":"It is true that all children are special, simply because they are children. But most adults are not special, and children end up as adults pretty quickly. Life then can be difficult and even disappointing. The shock of this may account for the emergence of the “snowflake generation” of university students, who are so delicate they can’t handle controversial ideas being put forward in their lectures. The roots of this fragility run deep in modern culture. So, an approach of the world that states: “Life is wonderful, you’re special and, if you are a good boy/girl, life will be amazing forever” is not a message designed to aid bouncing back from failure or confronting catastrophe. Resilience is not about feeding ego — telling your children how wonderful they are — but strengthening it.LOTT, T. Disponível em: www.theguardian.com. Acesso em: 10 dez. 2017 (adaptado).Nesse texto, a expressão “snowflake generation” é usada para"}]', NULL, 'INEP · ENEM 2025 · 1º dia · Caderno 1 azul', 'https://download.inep.gov.br/enem/provas_e_gabaritos/2025_PV_impresso_D1_CD1.pdf', NULL, 'enem/2025/dia1', 'official', 'valid', 'published', 'imported', 1);
--> statement-breakpoint
INSERT INTO `question_options` (`id`, `question_id`, `label`, `content`, `is_correct`) VALUES (20250016, 2025004, 'A', '[{"type":"text","content":"abordar obstáculos impostos a universitários."}]', 0);
--> statement-breakpoint
INSERT INTO `question_options` (`id`, `question_id`, `label`, `content`, `is_correct`) VALUES (20250017, 2025004, 'B', '[{"type":"text","content":"destacar mensagens de incentivo a estudantes."}]', 0);
--> statement-breakpoint
INSERT INTO `question_options` (`id`, `question_id`, `label`, `content`, `is_correct`) VALUES (20250018, 2025004, 'C', '[{"type":"text","content":"estimular ações proativas em situações de emergência."}]', 0);
--> statement-breakpoint
INSERT INTO `question_options` (`id`, `question_id`, `label`, `content`, `is_correct`) VALUES (20250019, 2025004, 'D', '[{"type":"text","content":"retratar relações conflituosas em ambiente universitário."}]', 0);
--> statement-breakpoint
INSERT INTO `question_options` (`id`, `question_id`, `label`, `content`, `is_correct`) VALUES (20250020, 2025004, 'E', '[{"type":"text","content":"apontar posturas de uma juventude avessa a contrariedades."}]', 1);
--> statement-breakpoint
INSERT INTO `questions` (`id`, `external_id`, `year`, `exam_day`, `booklet`, `official_number`, `language`, `area`, `topic`, `statement`, `content_json`, `support_text`, `source_label`, `source_url`, `image_key`, `asset_bundle_key`, `difficulty`, `answer_status`, `status`, `review_status`, `taxonomy_version`) VALUES (2025005, 'enem-2025-d1-azul-en-005', 2025, 1, 'azul', 5, 'en', 'Linguagens', 'Prova oficial ENEM 2025', 'Disponível em: https://pt.foursquare.com. Acesso em: 14 maio 2024.Nesse texto, a pergunta “What is sleep?”, em uma das embalagens do produto, está relacionada ao(à)', '[{"type":"image","content":"/enem/2025/dia1/question-5.png"},{"type":"text","content":"Disponível em: https://pt.foursquare.com. Acesso em: 14 maio 2024.Nesse texto, a pergunta “What is sleep?”, em uma das embalagens do produto, está relacionada ao(à)"}]', NULL, 'INEP · ENEM 2025 · 1º dia · Caderno 1 azul', 'https://download.inep.gov.br/enem/provas_e_gabaritos/2025_PV_impresso_D1_CD1.pdf', '/enem/2025/dia1/question-5.png', 'enem/2025/dia1', 'official', 'valid', 'published', 'imported', 1);
--> statement-breakpoint
INSERT INTO `question_options` (`id`, `question_id`, `label`, `content`, `is_correct`) VALUES (20250021, 2025005, 'A', '[{"type":"text","content":"escassez de horas de sono."}]', 1);
--> statement-breakpoint
INSERT INTO `question_options` (`id`, `question_id`, `label`, `content`, `is_correct`) VALUES (20250022, 2025005, 'B', '[{"type":"text","content":"estímulo a um descanso de qualidade."}]', 0);
--> statement-breakpoint
INSERT INTO `question_options` (`id`, `question_id`, `label`, `content`, `is_correct`) VALUES (20250023, 2025005, 'C', '[{"type":"text","content":"gasto com bebidas que combatem a insônia."}]', 0);
--> statement-breakpoint
INSERT INTO `question_options` (`id`, `question_id`, `label`, `content`, `is_correct`) VALUES (20250024, 2025005, 'D', '[{"type":"text","content":"consumo de bebidas que causam dependência."}]', 0);
--> statement-breakpoint
INSERT INTO `question_options` (`id`, `question_id`, `label`, `content`, `is_correct`) VALUES (20250025, 2025005, 'E', '[{"type":"text","content":"necessidade de um produto que provoque o sono."}]', 0);
--> statement-breakpoint
INSERT INTO `questions` (`id`, `external_id`, `year`, `exam_day`, `booklet`, `official_number`, `language`, `area`, `topic`, `statement`, `content_json`, `support_text`, `source_label`, `source_url`, `image_key`, `asset_bundle_key`, `difficulty`, `answer_status`, `status`, `review_status`, `taxonomy_version`) VALUES (2025006, 'enem-2025-d1-azul-es-001', 2025, 1, 'azul', 1, 'es', 'Linguagens', 'Prova oficial ENEM 2025', '¿Dónde está nuestro pan, patrón?¿Dónde quedó todo ese dinero?¿Lo tiene oculto bajo el colchóno lo escondió en otro sucio agujero?Yo tengo un Tàpies, dice Juan Luis;yo tengo un Antonio López, dice Jaume.¿Quién de los dos sabrá decircuántos muertos tiene a sus espaldas?NACHO VEGAS. Disponível em: www.lahiguera.net. Acesso em: 12 abr. 2024 (fragmento).Na letra da canção Polvorado, ao apresentar as reflexões do eu poético, o cantor espanhol Nacho Vegas', '[{"type":"text","content":"¿Dónde está nuestro pan, patrón?¿Dónde quedó todo ese dinero?¿Lo tiene oculto bajo el colchóno lo escondió en otro sucio agujero?Yo tengo un Tàpies, dice Juan Luis;yo tengo un Antonio López, dice Jaume.¿Quién de los dos sabrá decircuántos muertos tiene a sus espaldas?NACHO VEGAS. Disponível em: www.lahiguera.net. Acesso em: 12 abr. 2024 (fragmento).Na letra da canção Polvorado, ao apresentar as reflexões do eu poético, o cantor espanhol Nacho Vegas"}]', NULL, 'INEP · ENEM 2025 · 1º dia · Caderno 1 azul', 'https://download.inep.gov.br/enem/provas_e_gabaritos/2025_PV_impresso_D1_CD1.pdf', NULL, 'enem/2025/dia1', 'official', 'valid', 'published', 'imported', 1);
--> statement-breakpoint
INSERT INTO `question_options` (`id`, `question_id`, `label`, `content`, `is_correct`) VALUES (20250026, 2025006, 'A', '[{"type":"text","content":"demonstra o orgulho dos trabalhadores para com artistas de referência."}]', 0);
--> statement-breakpoint
INSERT INTO `question_options` (`id`, `question_id`, `label`, `content`, `is_correct`) VALUES (20250027, 2025006, 'B', '[{"type":"text","content":"critica a postura dos patrões frente aos direitos dos trabalhadores."}]', 0);
--> statement-breakpoint
INSERT INTO `question_options` (`id`, `question_id`, `label`, `content`, `is_correct`) VALUES (20250028, 2025006, 'C', '[{"type":"text","content":"apresenta propostas para diminuir as desigualdades sociais."}]', 0);
--> statement-breakpoint
INSERT INTO `question_options` (`id`, `question_id`, `label`, `content`, `is_correct`) VALUES (20250029, 2025006, 'D', '[{"type":"text","content":"evidencia o diálogo horizontal entre patrão e trabalhadores."}]', 1);
--> statement-breakpoint
INSERT INTO `question_options` (`id`, `question_id`, `label`, `content`, `is_correct`) VALUES (20250030, 2025006, 'E', '[{"type":"text","content":"questiona a insalubridade do ambiente de trabalho."}]', 0);
--> statement-breakpoint
INSERT INTO `questions` (`id`, `external_id`, `year`, `exam_day`, `booklet`, `official_number`, `language`, `area`, `topic`, `statement`, `content_json`, `support_text`, `source_label`, `source_url`, `image_key`, `asset_bundle_key`, `difficulty`, `answer_status`, `status`, `review_status`, `taxonomy_version`) VALUES (2025007, 'enem-2025-d1-azul-es-002', 2025, 1, 'azul', 2, 'es', 'Linguagens', 'Prova oficial ENEM 2025', 'Guagua, las palabras también migranPocas palabras del idioma castellano despiertan tanto interés y asombro como guagua. En España su uso se reduce a las Islas Canarias, donde se registra a partir de los años 30 del pasado siglo. El origen de guagua resulta algo polémico. Todo parece indicar que la voz vino de Cuba. La trajeron de vuelta, junto con sus maletas y sus recuerdos, aquellos inmigrantes canarios que viajaron a la isla antillana en busca de fortuna. Recientemente en Lanzarote, las autoridades acuñaron “guagüismo” para potenciar el uso del transporte público y han solicitado a la Real Academia Española que introduzca dicho término en el diccionario.El origen de guagua cambia si nos vamos al sur del continente. Autobús no es la única acepción de la palabra guagua que se usa en América. En los países del sur, tales como Colombia, Argentina o Perú, como una derivación del término quechua wáwa, también se le dice guagua a un niño de pecho o bebé. Algunos autores chilenos han defendido también que esta acepción de guagua como bebé proviene del idioma mapuche. Sea uno u otro el origen, es común en todo el cono sur oír a hombres y mujeres hablar con ternura de sus “guaguas lindas”.Disponível em: www.escribirbienyclaro.com. Acesso em: 13 maio 2024.Ao abordar a trajetória da palavra “guagua”, o texto destaca a', '[{"type":"text","content":"Guagua, las palabras también migranPocas palabras del idioma castellano despiertan tanto interés y asombro como guagua. En España su uso se reduce a las Islas Canarias, donde se registra a partir de los años 30 del pasado siglo. El origen de guagua resulta algo polémico. Todo parece indicar que la voz vino de Cuba. La trajeron de vuelta, junto con sus maletas y sus recuerdos, aquellos inmigrantes canarios que viajaron a la isla antillana en busca de fortuna. Recientemente en Lanzarote, las autoridades acuñaron “guagüismo” para potenciar el uso del transporte público y han solicitado a la Real Academia Española que introduzca dicho término en el diccionario.El origen de guagua cambia si nos vamos al sur del continente. Autobús no es la única acepción de la palabra guagua que se usa en América. En los países del sur, tales como Colombia, Argentina o Perú, como una derivación del término quechua wáwa, también se le dice guagua a un niño de pecho o bebé. Algunos autores chilenos han defendido también que esta acepción de guagua como bebé proviene del idioma mapuche. Sea uno u otro el origen, es común en todo el cono sur oír a hombres y mujeres hablar con ternura de sus “guaguas lindas”.Disponível em: www.escribirbienyclaro.com. Acesso em: 13 maio 2024.Ao abordar a trajetória da palavra “guagua”, o texto destaca a"}]', NULL, 'INEP · ENEM 2025 · 1º dia · Caderno 1 azul', 'https://download.inep.gov.br/enem/provas_e_gabaritos/2025_PV_impresso_D1_CD1.pdf', NULL, 'enem/2025/dia1', 'official', 'valid', 'published', 'imported', 1);
--> statement-breakpoint
INSERT INTO `question_options` (`id`, `question_id`, `label`, `content`, `is_correct`) VALUES (20250031, 2025007, 'A', '[{"type":"text","content":"presença de empréstimo linguístico no espanhol."}]', 0);
--> statement-breakpoint
INSERT INTO `question_options` (`id`, `question_id`, `label`, `content`, `is_correct`) VALUES (20250032, 2025007, 'B', '[{"type":"text","content":"validação de um vocábulo por uma instituição renomada."}]', 0);
--> statement-breakpoint
INSERT INTO `question_options` (`id`, `question_id`, `label`, `content`, `is_correct`) VALUES (20250033, 2025007, 'C', '[{"type":"text","content":"concorrência entre línguas indígenas e a língua espanhola."}]', 0);
--> statement-breakpoint
INSERT INTO `question_options` (`id`, `question_id`, `label`, `content`, `is_correct`) VALUES (20250034, 2025007, 'D', '[{"type":"text","content":"valorização da língua de um país em detrimento da de outro."}]', 1);
--> statement-breakpoint
INSERT INTO `question_options` (`id`, `question_id`, `label`, `content`, `is_correct`) VALUES (20250035, 2025007, 'E', '[{"type":"text","content":"disputa entre hispano-americanos e espanhóis por sua origem."}]', 0);
--> statement-breakpoint
INSERT INTO `questions` (`id`, `external_id`, `year`, `exam_day`, `booklet`, `official_number`, `language`, `area`, `topic`, `statement`, `content_json`, `support_text`, `source_label`, `source_url`, `image_key`, `asset_bundle_key`, `difficulty`, `answer_status`, `status`, `review_status`, `taxonomy_version`) VALUES (2025008, 'enem-2025-d1-azul-es-003', 2025, 1, 'azul', 3, 'es', 'Linguagens', 'Prova oficial ENEM 2025', 'Cuando yo era chiquitotodo quedaba cerca, cerquita.Para llegar al cielono más bastaba una subidita.El sueño me alcanzabapara ir tan lejos como quería.Cuando yo era chiquitoyo sí podía, yo sí podía.Libertad, libertad,libertad para mi niño.[...]Cuando yo era vejigome iba pa’l río porque era hermoso,aunque estaba prohibidopor peligroso, por peligroso.Como jagüey y ceiba,como la palma y la yagruma,cuando yo era vejigoyo era del monte y soñaba espuma.Libertad, libertad,libertad para mi niño.RODRÍGUEZ, S. Cuando yo era un enano. In: Oh Melancolía. Havana: Empresa de Grabaciones y Ediciones Musicales, 1988 (fragmento).O recurso que caracteriza essa letra de canção como um relato das memórias do eu poético é o uso de', '[{"type":"text","content":"Cuando yo era chiquitotodo quedaba cerca, cerquita.Para llegar al cielono más bastaba una subidita.El sueño me alcanzabapara ir tan lejos como quería.Cuando yo era chiquitoyo sí podía, yo sí podía.Libertad, libertad,libertad para mi niño.[...]Cuando yo era vejigome iba pa’l río porque era hermoso,aunque estaba prohibidopor peligroso, por peligroso.Como jagüey y ceiba,como la palma y la yagruma,cuando yo era vejigoyo era del monte y soñaba espuma.Libertad, libertad,libertad para mi niño.RODRÍGUEZ, S. Cuando yo era un enano. In: Oh Melancolía. Havana: Empresa de Grabaciones y Ediciones Musicales, 1988 (fragmento).O recurso que caracteriza essa letra de canção como um relato das memórias do eu poético é o uso de"}]', NULL, 'INEP · ENEM 2025 · 1º dia · Caderno 1 azul', 'https://download.inep.gov.br/enem/provas_e_gabaritos/2025_PV_impresso_D1_CD1.pdf', NULL, 'enem/2025/dia1', 'official', 'valid', 'published', 'imported', 1);
--> statement-breakpoint
INSERT INTO `question_options` (`id`, `question_id`, `label`, `content`, `is_correct`) VALUES (20250036, 2025008, 'A', '[{"type":"text","content":"palavras no grau diminutivo."}]', 0);
--> statement-breakpoint
INSERT INTO `question_options` (`id`, `question_id`, `label`, `content`, `is_correct`) VALUES (20250037, 2025008, 'B', '[{"type":"text","content":"adjetivos na descrição da paisagem."}]', 0);
--> statement-breakpoint
INSERT INTO `question_options` (`id`, `question_id`, `label`, `content`, `is_correct`) VALUES (20250038, 2025008, 'C', '[{"type":"text","content":"vocábulos relacionados à fauna cubana."}]', 0);
--> statement-breakpoint
INSERT INTO `question_options` (`id`, `question_id`, `label`, `content`, `is_correct`) VALUES (20250039, 2025008, 'D', '[{"type":"text","content":"verbos no pretérito imperfeito do indicativo."}]', 1);
--> statement-breakpoint
INSERT INTO `question_options` (`id`, `question_id`, `label`, `content`, `is_correct`) VALUES (20250040, 2025008, 'E', '[{"type":"text","content":"marcas linguísticas de uma variedade caribenha."}]', 0);
--> statement-breakpoint
INSERT INTO `questions` (`id`, `external_id`, `year`, `exam_day`, `booklet`, `official_number`, `language`, `area`, `topic`, `statement`, `content_json`, `support_text`, `source_label`, `source_url`, `image_key`, `asset_bundle_key`, `difficulty`, `answer_status`, `status`, `review_status`, `taxonomy_version`) VALUES (2025009, 'enem-2025-d1-azul-es-004', 2025, 1, 'azul', 4, 'es', 'Linguagens', 'Prova oficial ENEM 2025', 'MORGAN, J. Disponível em: www3.gobiernodecanarias.org. Acesso em: 5 maio 2024.Na charge, a diversidade linguística está representada pelo uso de', '[{"type":"image","content":"/enem/2025/dia1/question-4.png"},{"type":"text","content":"MORGAN, J. Disponível em: www3.gobiernodecanarias.org. Acesso em: 5 maio 2024.Na charge, a diversidade linguística está representada pelo uso de"}]', NULL, 'INEP · ENEM 2025 · 1º dia · Caderno 1 azul', 'https://download.inep.gov.br/enem/provas_e_gabaritos/2025_PV_impresso_D1_CD1.pdf', '/enem/2025/dia1/question-4.png', 'enem/2025/dia1', 'official', 'valid', 'published', 'imported', 1);
--> statement-breakpoint
INSERT INTO `question_options` (`id`, `question_id`, `label`, `content`, `is_correct`) VALUES (20250041, 2025009, 'A', '[{"type":"text","content":"estruturas verbais com valor de futuro próximo."}]', 0);
--> statement-breakpoint
INSERT INTO `question_options` (`id`, `question_id`, `label`, `content`, `is_correct`) VALUES (20250042, 2025009, 'B', '[{"type":"text","content":"expressões idiomáticas características de uma região."}]', 0);
--> statement-breakpoint
INSERT INTO `question_options` (`id`, `question_id`, `label`, `content`, `is_correct`) VALUES (20250043, 2025009, 'C', '[{"type":"text","content":"advérbios característicos do repertório vocabular dos jovens."}]', 0);
--> statement-breakpoint
INSERT INTO `question_options` (`id`, `question_id`, `label`, `content`, `is_correct`) VALUES (20250044, 2025009, 'D', '[{"type":"text","content":"marcas da oralidade expressas na representação escrita da fala."}]', 0);
--> statement-breakpoint
INSERT INTO `question_options` (`id`, `question_id`, `label`, `content`, `is_correct`) VALUES (20250045, 2025009, 'E', '[{"type":"text","content":"enunciados interrogativos em situação comunicativa com um interlocutor."}]', 1);
--> statement-breakpoint
INSERT INTO `questions` (`id`, `external_id`, `year`, `exam_day`, `booklet`, `official_number`, `language`, `area`, `topic`, `statement`, `content_json`, `support_text`, `source_label`, `source_url`, `image_key`, `asset_bundle_key`, `difficulty`, `answer_status`, `status`, `review_status`, `taxonomy_version`) VALUES (2025010, 'enem-2025-d1-azul-es-005', 2025, 1, 'azul', 5, 'es', 'Linguagens', 'Prova oficial ENEM 2025', '¿Qué es la generación Alfa?Hacer cortes generacionales no es una ciencia exacta. Sin embargo, según un análisis de 2018 del centro de estudios Pew Research Center, analizar las generaciones ofrece “una manera de entender cómo los acontecimientos globales y los cambios tecnológicos, económicos y sociales interactúan para definir la forma en que la gente ve el mundo”. Y está claro cómo ve el mundo la próxima generación: a través de una pantalla.“Antes las generaciones se definían a partir de sucesos históricos o sociales importantes. Hoy se delimitan por el uso de determinada tecnología”, le explica a BBC Mundo un psicólogo, docente, escritor y experto en el uso — y abuso — de las redes sociales.Ninguna de las generaciones anteriores será comparable a nivel digital con los Alfa, que, como contraparte, serán la primera a la que le serán ajenos muchos aspectos del mundo analógico.Disponível em: www.bbc.com. Acesso em: 9 maio 2024 (adaptado).Nesse texto, a expressão “a través de una pantalla” evidencia que a geração Alfa estabelece com o mundo uma relação marcada pelo(a)', '[{"type":"text","content":"¿Qué es la generación Alfa?Hacer cortes generacionales no es una ciencia exacta. Sin embargo, según un análisis de 2018 del centro de estudios Pew Research Center, analizar las generaciones ofrece “una manera de entender cómo los acontecimientos globales y los cambios tecnológicos, económicos y sociales interactúan para definir la forma en que la gente ve el mundo”. Y está claro cómo ve el mundo la próxima generación: a través de una pantalla.“Antes las generaciones se definían a partir de sucesos históricos o sociales importantes. Hoy se delimitan por el uso de determinada tecnología”, le explica a BBC Mundo un psicólogo, docente, escritor y experto en el uso — y abuso — de las redes sociales.Ninguna de las generaciones anteriores será comparable a nivel digital con los Alfa, que, como contraparte, serán la primera a la que le serán ajenos muchos aspectos del mundo analógico.Disponível em: www.bbc.com. Acesso em: 9 maio 2024 (adaptado).Nesse texto, a expressão “a través de una pantalla” evidencia que a geração Alfa estabelece com o mundo uma relação marcada pelo(a)"}]', NULL, 'INEP · ENEM 2025 · 1º dia · Caderno 1 azul', 'https://download.inep.gov.br/enem/provas_e_gabaritos/2025_PV_impresso_D1_CD1.pdf', NULL, 'enem/2025/dia1', 'official', 'valid', 'published', 'imported', 1);
--> statement-breakpoint
INSERT INTO `question_options` (`id`, `question_id`, `label`, `content`, `is_correct`) VALUES (20250046, 2025010, 'A', '[{"type":"text","content":"conflito etário."}]', 1);
--> statement-breakpoint
INSERT INTO `question_options` (`id`, `question_id`, `label`, `content`, `is_correct`) VALUES (20250047, 2025010, 'B', '[{"type":"text","content":"efemeridade da tecnologia."}]', 0);
--> statement-breakpoint
INSERT INTO `question_options` (`id`, `question_id`, `label`, `content`, `is_correct`) VALUES (20250048, 2025010, 'C', '[{"type":"text","content":"dependência de recursos digitais."}]', 0);
--> statement-breakpoint
INSERT INTO `question_options` (`id`, `question_id`, `label`, `content`, `is_correct`) VALUES (20250049, 2025010, 'D', '[{"type":"text","content":"valor dos acontecimentos sociais."}]', 0);
--> statement-breakpoint
INSERT INTO `question_options` (`id`, `question_id`, `label`, `content`, `is_correct`) VALUES (20250050, 2025010, 'E', '[{"type":"text","content":"indiferença em relação a fatos históricos."}]', 0);
--> statement-breakpoint
INSERT INTO `questions` (`id`, `external_id`, `year`, `exam_day`, `booklet`, `official_number`, `language`, `area`, `topic`, `statement`, `content_json`, `support_text`, `source_label`, `source_url`, `image_key`, `asset_bundle_key`, `difficulty`, `answer_status`, `status`, `review_status`, `taxonomy_version`) VALUES (2025011, 'enem-2025-d1-azul-shared-006', 2025, 1, 'azul', 6, NULL, 'Linguagens', 'Prova oficial ENEM 2025', 'De próprio punho A escrita e suas tecnologias sofrem interessantes metamorfoses, numa ciranda que vai do simples bilhete aos originais de um livro Estranhei muito na primeira vez que escutei a expressão “de próprio punho”. Parecia que eu ia bater em alguém. Não era bem o caso. Foi numa situação bancária, dessas bem burocráticas, e eu devia escrever algo bem breve, mas com minhas mãos. Na verdade, o que importava era a autenticidade da minha caligrafia, que à época ainda era mais fluente e firme. Depois dos teclados de computador, ela rateia bastante. Minha letra, hoje, tem uma espécie de alternância: dia sim, dia não, trêmula e firme, forte e fraca, mais rotunda e mais cheia de arestas. É claro que já escrevi muito mais de próprio punho ou, numa palavra mais bonita, manuscrevi (prefiro a mão ao punho, embora ele também seja usado na tarefa). Mas isso não é um feito individual. Em larga medida, é social. Muita gente sente o mesmo que eu, isto é, escreve bem menos usando as mãos, ou melhor, empregando algum tipo de tecnologia (lápis, caneta etc.) para escrever com grafite ou tinta ou giz ou carvão ou sangue e o que mais. É importante lembrar que ainda há gente que não sabe escrever neste país, neste planeta, mas muita gente sabe e tem um combo de tecnologias mais ou menos à disposição para isso. Sou dessas pessoas privilegiadas que têm várias possibilidades, e uma delas nunca deixou de ser o uso das minhas mãos. Ainda hoje, são elas que batucam meu teclado de computador ou que tocam suavemente duas ou três telas sensíveis. Mas não expressam mais a minha letra. No lugar, aparecem Times New Roman, Arial, Calibri e mais uma centena de “letras” à minha escolha. Eu e Deus e o mundo. A despeito desse rol de chances e ferramentas para escrever, o manuscrito nunca deixou de pintar aqui e ali, muitas vezes como obrigação. Na escola, por exemplo, até hoje ele é soberano. No Enem também. Curioso, não? Fico pensando em que espaços e ocasiões ainda uso minha letra. Olhando ao redor, na minha casa, minha letra está em espaços muito delimitados e específicos: bilhetes. Eles estão principalmente na cozinha, em especial na porta da geladeira, a fim de manter a comunicação com meus coabitantes, sempre muito esquecidos ou relapsos. Mas também há bilhetes em post its na minha mesa do escritório, textinhos em garranchos por meio dos quais me comunico comigo mesma, a evitar um comportamento esquecido e relapso. No escritório, costumo ser mais suave comigo mesma, mas também muito mais lacônica, a ponto de nem eu me entender, se passar o tempo. Em todos os casos vai minha letra, menos e mais redonda, a lápis e a tinta azul, em post its rosa-choque, colados precariamente, e todos com destino à lixeira, em breve. Justo porque eles funcionam como lembretes de tarefas e coisas que devem ser vencidas e, claro, substituídas por outras, num fluxo infinito, às vezes ansiogênico, com que a maioria dos adultos (e mais ainda as adultas) precisa conviver. As formas de escrever mudam, as necessidades também, e o resultado é um elenco complexo, em que nada dispensa nada, a depender da tarefa ou da importância das coisas ou de suas funções, claro. A escrita e suas tecnologias incríveis vão se reposicionando, mudando de status, numa ciranda interessante e importante que pode ser vista à luz de certa diversidade que encontra suas oportunidades e seus efeitos, aqui e ali. Não adianta muito pensar sempre como se tudo fosse excludente. Estão aí minha farta comunicação por bilhetes, minha gaveta alegre de post its de toda cor, esperando para serem usados, e o cheque do cartório, em que quase tudo já é digital. “Do punho ao pixel” não é uma frase filosoficamente correta. O negócio é mais “o punho e o pixel”. RIBEIRO, A. E. Disponível em: https://rascunho.com.br. Acesso em: 16 jan. 2024 (adaptado). No que diz respeito ao gênero bilhete, a autora dessa crônica', '[{"type":"text","content":"De próprio punho A escrita e suas tecnologias sofrem interessantes metamorfoses, numa ciranda que vai do simples bilhete aos originais de um livro Estranhei muito na primeira vez que escutei a expressão “de próprio punho”. Parecia que eu ia bater em alguém. Não era bem o caso. Foi numa situação bancária, dessas bem burocráticas, e eu devia escrever algo bem breve, mas com minhas mãos. Na verdade, o que importava era a autenticidade da minha caligrafia, que à época ainda era mais fluente e firme. Depois dos teclados de computador, ela rateia bastante. Minha letra, hoje, tem uma espécie de alternância: dia sim, dia não, trêmula e firme, forte e fraca, mais rotunda e mais cheia de arestas. É claro que já escrevi muito mais de próprio punho ou, numa palavra mais bonita, manuscrevi (prefiro a mão ao punho, embora ele também seja usado na tarefa). Mas isso não é um feito individual. Em larga medida, é social. Muita gente sente o mesmo que eu, isto é, escreve bem menos usando as mãos, ou melhor, empregando algum tipo de tecnologia (lápis, caneta etc.) para escrever com grafite ou tinta ou giz ou carvão ou sangue e o que mais. É importante lembrar que ainda há gente que não sabe escrever neste país, neste planeta, mas muita gente sabe e tem um combo de tecnologias mais ou menos à disposição para isso. Sou dessas pessoas privilegiadas que têm várias possibilidades, e uma delas nunca deixou de ser o uso das minhas mãos. Ainda hoje, são elas que batucam meu teclado de computador ou que tocam suavemente duas ou três telas sensíveis. Mas não expressam mais a minha letra. No lugar, aparecem Times New Roman, Arial, Calibri e mais uma centena de “letras” à minha escolha. Eu e Deus e o mundo. A despeito desse rol de chances e ferramentas para escrever, o manuscrito nunca deixou de pintar aqui e ali, muitas vezes como obrigação. Na escola, por exemplo, até hoje ele é soberano. No Enem também. Curioso, não? Fico pensando em que espaços e ocasiões ainda uso minha letra. Olhando ao redor, na minha casa, minha letra está em espaços muito delimitados e específicos: bilhetes. Eles estão principalmente na cozinha, em especial na porta da geladeira, a fim de manter a comunicação com meus coabitantes, sempre muito esquecidos ou relapsos. Mas também há bilhetes em post its na minha mesa do escritório, textinhos em garranchos por meio dos quais me comunico comigo mesma, a evitar um comportamento esquecido e relapso. No escritório, costumo ser mais suave comigo mesma, mas também muito mais lacônica, a ponto de nem eu me entender, se passar o tempo. Em todos os casos vai minha letra, menos e mais redonda, a lápis e a tinta azul, em post its rosa-choque, colados precariamente, e todos com destino à lixeira, em breve. Justo porque eles funcionam como lembretes de tarefas e coisas que devem ser vencidas e, claro, substituídas por outras, num fluxo infinito, às vezes ansiogênico, com que a maioria dos adultos (e mais ainda as adultas) precisa conviver. As formas de escrever mudam, as necessidades também, e o resultado é um elenco complexo, em que nada dispensa nada, a depender da tarefa ou da importância das coisas ou de suas funções, claro. A escrita e suas tecnologias incríveis vão se reposicionando, mudando de status, numa ciranda interessante e importante que pode ser vista à luz de certa diversidade que encontra suas oportunidades e seus efeitos, aqui e ali. Não adianta muito pensar sempre como se tudo fosse excludente. Estão aí minha farta comunicação por bilhetes, minha gaveta alegre de post its de toda cor, esperando para serem usados, e o cheque do cartório, em que quase tudo já é digital. “Do punho ao pixel” não é uma frase filosoficamente correta. O negócio é mais “o punho e o pixel”. RIBEIRO, A. E. Disponível em: https://rascunho.com.br. Acesso em: 16 jan. 2024 (adaptado)."},{"type":"text","content":"No que diz respeito ao gênero bilhete, a autora dessa crônica"}]', NULL, 'INEP · ENEM 2025 · 1º dia · Caderno 1 azul', 'https://download.inep.gov.br/enem/provas_e_gabaritos/2025_PV_impresso_D1_CD1.pdf', NULL, 'enem/2025/dia1', 'official', 'valid', 'published', 'imported', 1);
--> statement-breakpoint
INSERT INTO `question_options` (`id`, `question_id`, `label`, `content`, `is_correct`) VALUES (20250051, 2025011, 'A', '[{"type":"text","content":"ressalta a formalidade na comunicação com as pessoas de sua convivência."}]', 0);
--> statement-breakpoint
INSERT INTO `question_options` (`id`, `question_id`, `label`, `content`, `is_correct`) VALUES (20250052, 2025011, 'B', '[{"type":"text","content":"critica a ansiedade causada pela velocidade da comunicação."}]', 0);
--> statement-breakpoint
INSERT INTO `question_options` (`id`, `question_id`, `label`, `content`, `is_correct`) VALUES (20250053, 2025011, 'C', '[{"type":"text","content":"expressa a obrigatoriedade de concisão nas anotações."}]', 0);
--> statement-breakpoint
INSERT INTO `question_options` (`id`, `question_id`, `label`, `content`, `is_correct`) VALUES (20250054, 2025011, 'D', '[{"type":"text","content":"questiona a prática da escrita de próprio punho."}]', 0);
--> statement-breakpoint
INSERT INTO `question_options` (`id`, `question_id`, `label`, `content`, `is_correct`) VALUES (20250055, 2025011, 'E', '[{"type":"text","content":"apresenta a diversidade de usos no cotidiano."}]', 1);
--> statement-breakpoint
INSERT INTO `questions` (`id`, `external_id`, `year`, `exam_day`, `booklet`, `official_number`, `language`, `area`, `topic`, `statement`, `content_json`, `support_text`, `source_label`, `source_url`, `image_key`, `asset_bundle_key`, `difficulty`, `answer_status`, `status`, `review_status`, `taxonomy_version`) VALUES (2025012, 'enem-2025-d1-azul-shared-007', 2025, 1, 'azul', 7, NULL, 'Linguagens', 'Prova oficial ENEM 2025', 'De próprio punho A escrita e suas tecnologias sofrem interessantes metamorfoses, numa ciranda que vai do simples bilhete aos originais de um livro Estranhei muito na primeira vez que escutei a expressão “de próprio punho”. Parecia que eu ia bater em alguém. Não era bem o caso. Foi numa situação bancária, dessas bem burocráticas, e eu devia escrever algo bem breve, mas com minhas mãos. Na verdade, o que importava era a autenticidade da minha caligrafia, que à época ainda era mais fluente e firme. Depois dos teclados de computador, ela rateia bastante. Minha letra, hoje, tem uma espécie de alternância: dia sim, dia não, trêmula e firme, forte e fraca, mais rotunda e mais cheia de arestas. É claro que já escrevi muito mais de próprio punho ou, numa palavra mais bonita, manuscrevi (prefiro a mão ao punho, embora ele também seja usado na tarefa). Mas isso não é um feito individual. Em larga medida, é social. Muita gente sente o mesmo que eu, isto é, escreve bem menos usando as mãos, ou melhor, empregando algum tipo de tecnologia (lápis, caneta etc.) para escrever com grafite ou tinta ou giz ou carvão ou sangue e o que mais. É importante lembrar que ainda há gente que não sabe escrever neste país, neste planeta, mas muita gente sabe e tem um combo de tecnologias mais ou menos à disposição para isso. Sou dessas pessoas privilegiadas que têm várias possibilidades, e uma delas nunca deixou de ser o uso das minhas mãos. Ainda hoje, são elas que batucam meu teclado de computador ou que tocam suavemente duas ou três telas sensíveis. Mas não expressam mais a minha letra. No lugar, aparecem Times New Roman, Arial, Calibri e mais uma centena de “letras” à minha escolha. Eu e Deus e o mundo. A despeito desse rol de chances e ferramentas para escrever, o manuscrito nunca deixou de pintar aqui e ali, muitas vezes como obrigação. Na escola, por exemplo, até hoje ele é soberano. No Enem também. Curioso, não? Fico pensando em que espaços e ocasiões ainda uso minha letra. Olhando ao redor, na minha casa, minha letra está em espaços muito delimitados e específicos: bilhetes. Eles estão principalmente na cozinha, em especial na porta da geladeira, a fim de manter a comunicação com meus coabitantes, sempre muito esquecidos ou relapsos. Mas também há bilhetes em post its na minha mesa do escritório, textinhos em garranchos por meio dos quais me comunico comigo mesma, a evitar um comportamento esquecido e relapso. No escritório, costumo ser mais suave comigo mesma, mas também muito mais lacônica, a ponto de nem eu me entender, se passar o tempo. Em todos os casos vai minha letra, menos e mais redonda, a lápis e a tinta azul, em post its rosa-choque, colados precariamente, e todos com destino à lixeira, em breve. Justo porque eles funcionam como lembretes de tarefas e coisas que devem ser vencidas e, claro, substituídas por outras, num fluxo infinito, às vezes ansiogênico, com que a maioria dos adultos (e mais ainda as adultas) precisa conviver. As formas de escrever mudam, as necessidades também, e o resultado é um elenco complexo, em que nada dispensa nada, a depender da tarefa ou da importância das coisas ou de suas funções, claro. A escrita e suas tecnologias incríveis vão se reposicionando, mudando de status, numa ciranda interessante e importante que pode ser vista à luz de certa diversidade que encontra suas oportunidades e seus efeitos, aqui e ali. Não adianta muito pensar sempre como se tudo fosse excludente. Estão aí minha farta comunicação por bilhetes, minha gaveta alegre de post its de toda cor, esperando para serem usados, e o cheque do cartório, em que quase tudo já é digital. “Do punho ao pixel” não é uma frase filosoficamente correta. O negócio é mais “o punho e o pixel”. RIBEIRO, A. E. Disponível em: https://rascunho.com.br. Acesso em: 16 jan. 2024 (adaptado). O elemento que caracteriza esse texto como uma crônica é a', '[{"type":"text","content":"De próprio punho A escrita e suas tecnologias sofrem interessantes metamorfoses, numa ciranda que vai do simples bilhete aos originais de um livro Estranhei muito na primeira vez que escutei a expressão “de próprio punho”. Parecia que eu ia bater em alguém. Não era bem o caso. Foi numa situação bancária, dessas bem burocráticas, e eu devia escrever algo bem breve, mas com minhas mãos. Na verdade, o que importava era a autenticidade da minha caligrafia, que à época ainda era mais fluente e firme. Depois dos teclados de computador, ela rateia bastante. Minha letra, hoje, tem uma espécie de alternância: dia sim, dia não, trêmula e firme, forte e fraca, mais rotunda e mais cheia de arestas. É claro que já escrevi muito mais de próprio punho ou, numa palavra mais bonita, manuscrevi (prefiro a mão ao punho, embora ele também seja usado na tarefa). Mas isso não é um feito individual. Em larga medida, é social. Muita gente sente o mesmo que eu, isto é, escreve bem menos usando as mãos, ou melhor, empregando algum tipo de tecnologia (lápis, caneta etc.) para escrever com grafite ou tinta ou giz ou carvão ou sangue e o que mais. É importante lembrar que ainda há gente que não sabe escrever neste país, neste planeta, mas muita gente sabe e tem um combo de tecnologias mais ou menos à disposição para isso. Sou dessas pessoas privilegiadas que têm várias possibilidades, e uma delas nunca deixou de ser o uso das minhas mãos. Ainda hoje, são elas que batucam meu teclado de computador ou que tocam suavemente duas ou três telas sensíveis. Mas não expressam mais a minha letra. No lugar, aparecem Times New Roman, Arial, Calibri e mais uma centena de “letras” à minha escolha. Eu e Deus e o mundo. A despeito desse rol de chances e ferramentas para escrever, o manuscrito nunca deixou de pintar aqui e ali, muitas vezes como obrigação. Na escola, por exemplo, até hoje ele é soberano. No Enem também. Curioso, não? Fico pensando em que espaços e ocasiões ainda uso minha letra. Olhando ao redor, na minha casa, minha letra está em espaços muito delimitados e específicos: bilhetes. Eles estão principalmente na cozinha, em especial na porta da geladeira, a fim de manter a comunicação com meus coabitantes, sempre muito esquecidos ou relapsos. Mas também há bilhetes em post its na minha mesa do escritório, textinhos em garranchos por meio dos quais me comunico comigo mesma, a evitar um comportamento esquecido e relapso. No escritório, costumo ser mais suave comigo mesma, mas também muito mais lacônica, a ponto de nem eu me entender, se passar o tempo. Em todos os casos vai minha letra, menos e mais redonda, a lápis e a tinta azul, em post its rosa-choque, colados precariamente, e todos com destino à lixeira, em breve. Justo porque eles funcionam como lembretes de tarefas e coisas que devem ser vencidas e, claro, substituídas por outras, num fluxo infinito, às vezes ansiogênico, com que a maioria dos adultos (e mais ainda as adultas) precisa conviver. As formas de escrever mudam, as necessidades também, e o resultado é um elenco complexo, em que nada dispensa nada, a depender da tarefa ou da importância das coisas ou de suas funções, claro. A escrita e suas tecnologias incríveis vão se reposicionando, mudando de status, numa ciranda interessante e importante que pode ser vista à luz de certa diversidade que encontra suas oportunidades e seus efeitos, aqui e ali. Não adianta muito pensar sempre como se tudo fosse excludente. Estão aí minha farta comunicação por bilhetes, minha gaveta alegre de post its de toda cor, esperando para serem usados, e o cheque do cartório, em que quase tudo já é digital. “Do punho ao pixel” não é uma frase filosoficamente correta. O negócio é mais “o punho e o pixel”. RIBEIRO, A. E. Disponível em: https://rascunho.com.br. Acesso em: 16 jan. 2024 (adaptado)."},{"type":"text","content":"O elemento que caracteriza esse texto como uma crônica é a"}]', NULL, 'INEP · ENEM 2025 · 1º dia · Caderno 1 azul', 'https://download.inep.gov.br/enem/provas_e_gabaritos/2025_PV_impresso_D1_CD1.pdf', NULL, 'enem/2025/dia1', 'official', 'valid', 'published', 'imported', 1);
--> statement-breakpoint
INSERT INTO `question_options` (`id`, `question_id`, `label`, `content`, `is_correct`) VALUES (20250056, 2025012, 'A', '[{"type":"text","content":"defesa das opiniões da autora sobre um tema de interesse coletivo."}]', 0);
--> statement-breakpoint
INSERT INTO `question_options` (`id`, `question_id`, `label`, `content`, `is_correct`) VALUES (20250057, 2025012, 'B', '[{"type":"text","content":"exposição sobre o uso de tecnologias nas práticas de escrita atuais."}]', 0);
--> statement-breakpoint
INSERT INTO `question_options` (`id`, `question_id`, `label`, `content`, `is_correct`) VALUES (20250058, 2025012, 'C', '[{"type":"text","content":"abordagem de fatos do contexto pessoal em uma perspectiva reflexiva."}]', 1);
--> statement-breakpoint
INSERT INTO `question_options` (`id`, `question_id`, `label`, `content`, `is_correct`) VALUES (20250059, 2025012, 'D', '[{"type":"text","content":"utilização de recursos linguísticos para a interlocução direta com o leitor."}]', 0);
--> statement-breakpoint
INSERT INTO `question_options` (`id`, `question_id`, `label`, `content`, `is_correct`) VALUES (20250060, 2025012, 'E', '[{"type":"text","content":"apresentação de acontecimentos segundo a ordem de sucessão no tempo."}]', 0);
--> statement-breakpoint
INSERT INTO `questions` (`id`, `external_id`, `year`, `exam_day`, `booklet`, `official_number`, `language`, `area`, `topic`, `statement`, `content_json`, `support_text`, `source_label`, `source_url`, `image_key`, `asset_bundle_key`, `difficulty`, `answer_status`, `status`, `review_status`, `taxonomy_version`) VALUES (2025013, 'enem-2025-d1-azul-shared-008', 2025, 1, 'azul', 8, NULL, 'Linguagens', 'Prova oficial ENEM 2025', 'De próprio punho A escrita e suas tecnologias sofrem interessantes metamorfoses, numa ciranda que vai do simples bilhete aos originais de um livro Estranhei muito na primeira vez que escutei a expressão “de próprio punho”. Parecia que eu ia bater em alguém. Não era bem o caso. Foi numa situação bancária, dessas bem burocráticas, e eu devia escrever algo bem breve, mas com minhas mãos. Na verdade, o que importava era a autenticidade da minha caligrafia, que à época ainda era mais fluente e firme. Depois dos teclados de computador, ela rateia bastante. Minha letra, hoje, tem uma espécie de alternância: dia sim, dia não, trêmula e firme, forte e fraca, mais rotunda e mais cheia de arestas. É claro que já escrevi muito mais de próprio punho ou, numa palavra mais bonita, manuscrevi (prefiro a mão ao punho, embora ele também seja usado na tarefa). Mas isso não é um feito individual. Em larga medida, é social. Muita gente sente o mesmo que eu, isto é, escreve bem menos usando as mãos, ou melhor, empregando algum tipo de tecnologia (lápis, caneta etc.) para escrever com grafite ou tinta ou giz ou carvão ou sangue e o que mais. É importante lembrar que ainda há gente que não sabe escrever neste país, neste planeta, mas muita gente sabe e tem um combo de tecnologias mais ou menos à disposição para isso. Sou dessas pessoas privilegiadas que têm várias possibilidades, e uma delas nunca deixou de ser o uso das minhas mãos. Ainda hoje, são elas que batucam meu teclado de computador ou que tocam suavemente duas ou três telas sensíveis. Mas não expressam mais a minha letra. No lugar, aparecem Times New Roman, Arial, Calibri e mais uma centena de “letras” à minha escolha. Eu e Deus e o mundo. A despeito desse rol de chances e ferramentas para escrever, o manuscrito nunca deixou de pintar aqui e ali, muitas vezes como obrigação. Na escola, por exemplo, até hoje ele é soberano. No Enem também. Curioso, não? Fico pensando em que espaços e ocasiões ainda uso minha letra. Olhando ao redor, na minha casa, minha letra está em espaços muito delimitados e específicos: bilhetes. Eles estão principalmente na cozinha, em especial na porta da geladeira, a fim de manter a comunicação com meus coabitantes, sempre muito esquecidos ou relapsos. Mas também há bilhetes em post its na minha mesa do escritório, textinhos em garranchos por meio dos quais me comunico comigo mesma, a evitar um comportamento esquecido e relapso. No escritório, costumo ser mais suave comigo mesma, mas também muito mais lacônica, a ponto de nem eu me entender, se passar o tempo. Em todos os casos vai minha letra, menos e mais redonda, a lápis e a tinta azul, em post its rosa-choque, colados precariamente, e todos com destino à lixeira, em breve. Justo porque eles funcionam como lembretes de tarefas e coisas que devem ser vencidas e, claro, substituídas por outras, num fluxo infinito, às vezes ansiogênico, com que a maioria dos adultos (e mais ainda as adultas) precisa conviver. As formas de escrever mudam, as necessidades também, e o resultado é um elenco complexo, em que nada dispensa nada, a depender da tarefa ou da importância das coisas ou de suas funções, claro. A escrita e suas tecnologias incríveis vão se reposicionando, mudando de status, numa ciranda interessante e importante que pode ser vista à luz de certa diversidade que encontra suas oportunidades e seus efeitos, aqui e ali. Não adianta muito pensar sempre como se tudo fosse excludente. Estão aí minha farta comunicação por bilhetes, minha gaveta alegre de post its de toda cor, esperando para serem usados, e o cheque do cartório, em que quase tudo já é digital. “Do punho ao pixel” não é uma frase filosoficamente correta. O negócio é mais “o punho e o pixel”. RIBEIRO, A. E. Disponível em: https://rascunho.com.br. Acesso em: 16 jan. 2024 (adaptado). Nesse texto, o que caracteriza a escrita “de próprio punho” é a letra manuscrita, enquanto a escrita digital é ilustrada pelo(a)', '[{"type":"text","content":"De próprio punho A escrita e suas tecnologias sofrem interessantes metamorfoses, numa ciranda que vai do simples bilhete aos originais de um livro Estranhei muito na primeira vez que escutei a expressão “de próprio punho”. Parecia que eu ia bater em alguém. Não era bem o caso. Foi numa situação bancária, dessas bem burocráticas, e eu devia escrever algo bem breve, mas com minhas mãos. Na verdade, o que importava era a autenticidade da minha caligrafia, que à época ainda era mais fluente e firme. Depois dos teclados de computador, ela rateia bastante. Minha letra, hoje, tem uma espécie de alternância: dia sim, dia não, trêmula e firme, forte e fraca, mais rotunda e mais cheia de arestas. É claro que já escrevi muito mais de próprio punho ou, numa palavra mais bonita, manuscrevi (prefiro a mão ao punho, embora ele também seja usado na tarefa). Mas isso não é um feito individual. Em larga medida, é social. Muita gente sente o mesmo que eu, isto é, escreve bem menos usando as mãos, ou melhor, empregando algum tipo de tecnologia (lápis, caneta etc.) para escrever com grafite ou tinta ou giz ou carvão ou sangue e o que mais. É importante lembrar que ainda há gente que não sabe escrever neste país, neste planeta, mas muita gente sabe e tem um combo de tecnologias mais ou menos à disposição para isso. Sou dessas pessoas privilegiadas que têm várias possibilidades, e uma delas nunca deixou de ser o uso das minhas mãos. Ainda hoje, são elas que batucam meu teclado de computador ou que tocam suavemente duas ou três telas sensíveis. Mas não expressam mais a minha letra. No lugar, aparecem Times New Roman, Arial, Calibri e mais uma centena de “letras” à minha escolha. Eu e Deus e o mundo. A despeito desse rol de chances e ferramentas para escrever, o manuscrito nunca deixou de pintar aqui e ali, muitas vezes como obrigação. Na escola, por exemplo, até hoje ele é soberano. No Enem também. Curioso, não? Fico pensando em que espaços e ocasiões ainda uso minha letra. Olhando ao redor, na minha casa, minha letra está em espaços muito delimitados e específicos: bilhetes. Eles estão principalmente na cozinha, em especial na porta da geladeira, a fim de manter a comunicação com meus coabitantes, sempre muito esquecidos ou relapsos. Mas também há bilhetes em post its na minha mesa do escritório, textinhos em garranchos por meio dos quais me comunico comigo mesma, a evitar um comportamento esquecido e relapso. No escritório, costumo ser mais suave comigo mesma, mas também muito mais lacônica, a ponto de nem eu me entender, se passar o tempo. Em todos os casos vai minha letra, menos e mais redonda, a lápis e a tinta azul, em post its rosa-choque, colados precariamente, e todos com destino à lixeira, em breve. Justo porque eles funcionam como lembretes de tarefas e coisas que devem ser vencidas e, claro, substituídas por outras, num fluxo infinito, às vezes ansiogênico, com que a maioria dos adultos (e mais ainda as adultas) precisa conviver. As formas de escrever mudam, as necessidades também, e o resultado é um elenco complexo, em que nada dispensa nada, a depender da tarefa ou da importância das coisas ou de suas funções, claro. A escrita e suas tecnologias incríveis vão se reposicionando, mudando de status, numa ciranda interessante e importante que pode ser vista à luz de certa diversidade que encontra suas oportunidades e seus efeitos, aqui e ali. Não adianta muito pensar sempre como se tudo fosse excludente. Estão aí minha farta comunicação por bilhetes, minha gaveta alegre de post its de toda cor, esperando para serem usados, e o cheque do cartório, em que quase tudo já é digital. “Do punho ao pixel” não é uma frase filosoficamente correta. O negócio é mais “o punho e o pixel”. RIBEIRO, A. E. Disponível em: https://rascunho.com.br. Acesso em: 16 jan. 2024 (adaptado)."},{"type":"text","content":"Nesse texto, o que caracteriza a escrita “de próprio punho” é a letra manuscrita, enquanto a escrita digital é ilustrada pelo(a)"}]', NULL, 'INEP · ENEM 2025 · 1º dia · Caderno 1 azul', 'https://download.inep.gov.br/enem/provas_e_gabaritos/2025_PV_impresso_D1_CD1.pdf', NULL, 'enem/2025/dia1', 'official', 'valid', 'published', 'imported', 1);
--> statement-breakpoint
INSERT INTO `question_options` (`id`, `question_id`, `label`, `content`, `is_correct`) VALUES (20250061, 2025013, 'A', '[{"type":"text","content":"utilização de tecnologias diversificadas."}]', 0);
--> statement-breakpoint
INSERT INTO `question_options` (`id`, `question_id`, `label`, `content`, `is_correct`) VALUES (20250062, 2025013, 'B', '[{"type":"text","content":"desenvolvimento de novos recursos de escrita."}]', 0);
--> statement-breakpoint
INSERT INTO `question_options` (`id`, `question_id`, `label`, `content`, `is_correct`) VALUES (20250063, 2025013, 'C', '[{"type":"text","content":"possibilidade de interações mediadas por telas."}]', 0);
--> statement-breakpoint
INSERT INTO `question_options` (`id`, `question_id`, `label`, `content`, `is_correct`) VALUES (20250064, 2025013, 'D', '[{"type":"text","content":"diversidade de fontes tipográficas que estão disponíveis."}]', 1);
--> statement-breakpoint
INSERT INTO `question_options` (`id`, `question_id`, `label`, `content`, `is_correct`) VALUES (20250065, 2025013, 'E', '[{"type":"text","content":"delimitação dos espaços onde a produção textual ocorre."}]', 0);
--> statement-breakpoint
INSERT INTO `questions` (`id`, `external_id`, `year`, `exam_day`, `booklet`, `official_number`, `language`, `area`, `topic`, `statement`, `content_json`, `support_text`, `source_label`, `source_url`, `image_key`, `asset_bundle_key`, `difficulty`, `answer_status`, `status`, `review_status`, `taxonomy_version`) VALUES (2025014, 'enem-2025-d1-azul-shared-009', 2025, 1, 'azul', 9, NULL, 'Linguagens', 'Prova oficial ENEM 2025', 'De próprio punho A escrita e suas tecnologias sofrem interessantes metamorfoses, numa ciranda que vai do simples bilhete aos originais de um livro Estranhei muito na primeira vez que escutei a expressão “de próprio punho”. Parecia que eu ia bater em alguém. Não era bem o caso. Foi numa situação bancária, dessas bem burocráticas, e eu devia escrever algo bem breve, mas com minhas mãos. Na verdade, o que importava era a autenticidade da minha caligrafia, que à época ainda era mais fluente e firme. Depois dos teclados de computador, ela rateia bastante. Minha letra, hoje, tem uma espécie de alternância: dia sim, dia não, trêmula e firme, forte e fraca, mais rotunda e mais cheia de arestas. É claro que já escrevi muito mais de próprio punho ou, numa palavra mais bonita, manuscrevi (prefiro a mão ao punho, embora ele também seja usado na tarefa). Mas isso não é um feito individual. Em larga medida, é social. Muita gente sente o mesmo que eu, isto é, escreve bem menos usando as mãos, ou melhor, empregando algum tipo de tecnologia (lápis, caneta etc.) para escrever com grafite ou tinta ou giz ou carvão ou sangue e o que mais. É importante lembrar que ainda há gente que não sabe escrever neste país, neste planeta, mas muita gente sabe e tem um combo de tecnologias mais ou menos à disposição para isso. Sou dessas pessoas privilegiadas que têm várias possibilidades, e uma delas nunca deixou de ser o uso das minhas mãos. Ainda hoje, são elas que batucam meu teclado de computador ou que tocam suavemente duas ou três telas sensíveis. Mas não expressam mais a minha letra. No lugar, aparecem Times New Roman, Arial, Calibri e mais uma centena de “letras” à minha escolha. Eu e Deus e o mundo. A despeito desse rol de chances e ferramentas para escrever, o manuscrito nunca deixou de pintar aqui e ali, muitas vezes como obrigação. Na escola, por exemplo, até hoje ele é soberano. No Enem também. Curioso, não? Fico pensando em que espaços e ocasiões ainda uso minha letra. Olhando ao redor, na minha casa, minha letra está em espaços muito delimitados e específicos: bilhetes. Eles estão principalmente na cozinha, em especial na porta da geladeira, a fim de manter a comunicação com meus coabitantes, sempre muito esquecidos ou relapsos. Mas também há bilhetes em post its na minha mesa do escritório, textinhos em garranchos por meio dos quais me comunico comigo mesma, a evitar um comportamento esquecido e relapso. No escritório, costumo ser mais suave comigo mesma, mas também muito mais lacônica, a ponto de nem eu me entender, se passar o tempo. Em todos os casos vai minha letra, menos e mais redonda, a lápis e a tinta azul, em post its rosa-choque, colados precariamente, e todos com destino à lixeira, em breve. Justo porque eles funcionam como lembretes de tarefas e coisas que devem ser vencidas e, claro, substituídas por outras, num fluxo infinito, às vezes ansiogênico, com que a maioria dos adultos (e mais ainda as adultas) precisa conviver. As formas de escrever mudam, as necessidades também, e o resultado é um elenco complexo, em que nada dispensa nada, a depender da tarefa ou da importância das coisas ou de suas funções, claro. A escrita e suas tecnologias incríveis vão se reposicionando, mudando de status, numa ciranda interessante e importante que pode ser vista à luz de certa diversidade que encontra suas oportunidades e seus efeitos, aqui e ali. Não adianta muito pensar sempre como se tudo fosse excludente. Estão aí minha farta comunicação por bilhetes, minha gaveta alegre de post its de toda cor, esperando para serem usados, e o cheque do cartório, em que quase tudo já é digital. “Do punho ao pixel” não é uma frase filosoficamente correta. O negócio é mais “o punho e o pixel”. RIBEIRO, A. E. Disponível em: https://rascunho.com.br. Acesso em: 16 jan. 2024 (adaptado). A autora conclui que as novas tecnologias de escrita', '[{"type":"text","content":"De próprio punho A escrita e suas tecnologias sofrem interessantes metamorfoses, numa ciranda que vai do simples bilhete aos originais de um livro Estranhei muito na primeira vez que escutei a expressão “de próprio punho”. Parecia que eu ia bater em alguém. Não era bem o caso. Foi numa situação bancária, dessas bem burocráticas, e eu devia escrever algo bem breve, mas com minhas mãos. Na verdade, o que importava era a autenticidade da minha caligrafia, que à época ainda era mais fluente e firme. Depois dos teclados de computador, ela rateia bastante. Minha letra, hoje, tem uma espécie de alternância: dia sim, dia não, trêmula e firme, forte e fraca, mais rotunda e mais cheia de arestas. É claro que já escrevi muito mais de próprio punho ou, numa palavra mais bonita, manuscrevi (prefiro a mão ao punho, embora ele também seja usado na tarefa). Mas isso não é um feito individual. Em larga medida, é social. Muita gente sente o mesmo que eu, isto é, escreve bem menos usando as mãos, ou melhor, empregando algum tipo de tecnologia (lápis, caneta etc.) para escrever com grafite ou tinta ou giz ou carvão ou sangue e o que mais. É importante lembrar que ainda há gente que não sabe escrever neste país, neste planeta, mas muita gente sabe e tem um combo de tecnologias mais ou menos à disposição para isso. Sou dessas pessoas privilegiadas que têm várias possibilidades, e uma delas nunca deixou de ser o uso das minhas mãos. Ainda hoje, são elas que batucam meu teclado de computador ou que tocam suavemente duas ou três telas sensíveis. Mas não expressam mais a minha letra. No lugar, aparecem Times New Roman, Arial, Calibri e mais uma centena de “letras” à minha escolha. Eu e Deus e o mundo. A despeito desse rol de chances e ferramentas para escrever, o manuscrito nunca deixou de pintar aqui e ali, muitas vezes como obrigação. Na escola, por exemplo, até hoje ele é soberano. No Enem também. Curioso, não? Fico pensando em que espaços e ocasiões ainda uso minha letra. Olhando ao redor, na minha casa, minha letra está em espaços muito delimitados e específicos: bilhetes. Eles estão principalmente na cozinha, em especial na porta da geladeira, a fim de manter a comunicação com meus coabitantes, sempre muito esquecidos ou relapsos. Mas também há bilhetes em post its na minha mesa do escritório, textinhos em garranchos por meio dos quais me comunico comigo mesma, a evitar um comportamento esquecido e relapso. No escritório, costumo ser mais suave comigo mesma, mas também muito mais lacônica, a ponto de nem eu me entender, se passar o tempo. Em todos os casos vai minha letra, menos e mais redonda, a lápis e a tinta azul, em post its rosa-choque, colados precariamente, e todos com destino à lixeira, em breve. Justo porque eles funcionam como lembretes de tarefas e coisas que devem ser vencidas e, claro, substituídas por outras, num fluxo infinito, às vezes ansiogênico, com que a maioria dos adultos (e mais ainda as adultas) precisa conviver. As formas de escrever mudam, as necessidades também, e o resultado é um elenco complexo, em que nada dispensa nada, a depender da tarefa ou da importância das coisas ou de suas funções, claro. A escrita e suas tecnologias incríveis vão se reposicionando, mudando de status, numa ciranda interessante e importante que pode ser vista à luz de certa diversidade que encontra suas oportunidades e seus efeitos, aqui e ali. Não adianta muito pensar sempre como se tudo fosse excludente. Estão aí minha farta comunicação por bilhetes, minha gaveta alegre de post its de toda cor, esperando para serem usados, e o cheque do cartório, em que quase tudo já é digital. “Do punho ao pixel” não é uma frase filosoficamente correta. O negócio é mais “o punho e o pixel”. RIBEIRO, A. E. Disponível em: https://rascunho.com.br. Acesso em: 16 jan. 2024 (adaptado)."},{"type":"text","content":"A autora conclui que as novas tecnologias de escrita"}]', NULL, 'INEP · ENEM 2025 · 1º dia · Caderno 1 azul', 'https://download.inep.gov.br/enem/provas_e_gabaritos/2025_PV_impresso_D1_CD1.pdf', NULL, 'enem/2025/dia1', 'official', 'valid', 'published', 'imported', 1);
--> statement-breakpoint
INSERT INTO `question_options` (`id`, `question_id`, `label`, `content`, `is_correct`) VALUES (20250066, 2025014, 'A', '[{"type":"text","content":"evoluem para facilitar a vida cotidiana."}]', 0);
--> statement-breakpoint
INSERT INTO `question_options` (`id`, `question_id`, `label`, `content`, `is_correct`) VALUES (20250067, 2025014, 'B', '[{"type":"text","content":"alcançam diferentes realidades sociais."}]', 0);
--> statement-breakpoint
INSERT INTO `question_options` (`id`, `question_id`, `label`, `content`, `is_correct`) VALUES (20250068, 2025014, 'C', '[{"type":"text","content":"coexistem com outras já estabelecidas."}]', 1);
--> statement-breakpoint
INSERT INTO `question_options` (`id`, `question_id`, `label`, `content`, `is_correct`) VALUES (20250069, 2025014, 'D', '[{"type":"text","content":"promovem maior agilidade na comunicação."}]', 0);
--> statement-breakpoint
INSERT INTO `question_options` (`id`, `question_id`, `label`, `content`, `is_correct`) VALUES (20250070, 2025014, 'E', '[{"type":"text","content":"surgem nos contextos em que são necessárias."}]', 0);
--> statement-breakpoint
INSERT INTO `questions` (`id`, `external_id`, `year`, `exam_day`, `booklet`, `official_number`, `language`, `area`, `topic`, `statement`, `content_json`, `support_text`, `source_label`, `source_url`, `image_key`, `asset_bundle_key`, `difficulty`, `answer_status`, `status`, `review_status`, `taxonomy_version`) VALUES (2025015, 'enem-2025-d1-azul-shared-010', 2025, 1, 'azul', 10, NULL, 'Linguagens', 'Prova oficial ENEM 2025', 'De próprio punho A escrita e suas tecnologias sofrem interessantes metamorfoses, numa ciranda que vai do simples bilhete aos originais de um livro Estranhei muito na primeira vez que escutei a expressão “de próprio punho”. Parecia que eu ia bater em alguém. Não era bem o caso. Foi numa situação bancária, dessas bem burocráticas, e eu devia escrever algo bem breve, mas com minhas mãos. Na verdade, o que importava era a autenticidade da minha caligrafia, que à época ainda era mais fluente e firme. Depois dos teclados de computador, ela rateia bastante. Minha letra, hoje, tem uma espécie de alternância: dia sim, dia não, trêmula e firme, forte e fraca, mais rotunda e mais cheia de arestas. É claro que já escrevi muito mais de próprio punho ou, numa palavra mais bonita, manuscrevi (prefiro a mão ao punho, embora ele também seja usado na tarefa). Mas isso não é um feito individual. Em larga medida, é social. Muita gente sente o mesmo que eu, isto é, escreve bem menos usando as mãos, ou melhor, empregando algum tipo de tecnologia (lápis, caneta etc.) para escrever com grafite ou tinta ou giz ou carvão ou sangue e o que mais. É importante lembrar que ainda há gente que não sabe escrever neste país, neste planeta, mas muita gente sabe e tem um combo de tecnologias mais ou menos à disposição para isso. Sou dessas pessoas privilegiadas que têm várias possibilidades, e uma delas nunca deixou de ser o uso das minhas mãos. Ainda hoje, são elas que batucam meu teclado de computador ou que tocam suavemente duas ou três telas sensíveis. Mas não expressam mais a minha letra. No lugar, aparecem Times New Roman, Arial, Calibri e mais uma centena de “letras” à minha escolha. Eu e Deus e o mundo. A despeito desse rol de chances e ferramentas para escrever, o manuscrito nunca deixou de pintar aqui e ali, muitas vezes como obrigação. Na escola, por exemplo, até hoje ele é soberano. No Enem também. Curioso, não? Fico pensando em que espaços e ocasiões ainda uso minha letra. Olhando ao redor, na minha casa, minha letra está em espaços muito delimitados e específicos: bilhetes. Eles estão principalmente na cozinha, em especial na porta da geladeira, a fim de manter a comunicação com meus coabitantes, sempre muito esquecidos ou relapsos. Mas também há bilhetes em post its na minha mesa do escritório, textinhos em garranchos por meio dos quais me comunico comigo mesma, a evitar um comportamento esquecido e relapso. No escritório, costumo ser mais suave comigo mesma, mas também muito mais lacônica, a ponto de nem eu me entender, se passar o tempo. Em todos os casos vai minha letra, menos e mais redonda, a lápis e a tinta azul, em post its rosa-choque, colados precariamente, e todos com destino à lixeira, em breve. Justo porque eles funcionam como lembretes de tarefas e coisas que devem ser vencidas e, claro, substituídas por outras, num fluxo infinito, às vezes ansiogênico, com que a maioria dos adultos (e mais ainda as adultas) precisa conviver. As formas de escrever mudam, as necessidades também, e o resultado é um elenco complexo, em que nada dispensa nada, a depender da tarefa ou da importância das coisas ou de suas funções, claro. A escrita e suas tecnologias incríveis vão se reposicionando, mudando de status, numa ciranda interessante e importante que pode ser vista à luz de certa diversidade que encontra suas oportunidades e seus efeitos, aqui e ali. Não adianta muito pensar sempre como se tudo fosse excludente. Estão aí minha farta comunicação por bilhetes, minha gaveta alegre de post its de toda cor, esperando para serem usados, e o cheque do cartório, em que quase tudo já é digital. “Do punho ao pixel” não é uma frase filosoficamente correta. O negócio é mais “o punho e o pixel”. RIBEIRO, A. E. Disponível em: https://rascunho.com.br. Acesso em: 16 jan. 2024 (adaptado). O recurso linguístico usado para marcar a síntese da opinião da autora sobre a temática desenvolvida foi o(a)', '[{"type":"text","content":"De próprio punho A escrita e suas tecnologias sofrem interessantes metamorfoses, numa ciranda que vai do simples bilhete aos originais de um livro Estranhei muito na primeira vez que escutei a expressão “de próprio punho”. Parecia que eu ia bater em alguém. Não era bem o caso. Foi numa situação bancária, dessas bem burocráticas, e eu devia escrever algo bem breve, mas com minhas mãos. Na verdade, o que importava era a autenticidade da minha caligrafia, que à época ainda era mais fluente e firme. Depois dos teclados de computador, ela rateia bastante. Minha letra, hoje, tem uma espécie de alternância: dia sim, dia não, trêmula e firme, forte e fraca, mais rotunda e mais cheia de arestas. É claro que já escrevi muito mais de próprio punho ou, numa palavra mais bonita, manuscrevi (prefiro a mão ao punho, embora ele também seja usado na tarefa). Mas isso não é um feito individual. Em larga medida, é social. Muita gente sente o mesmo que eu, isto é, escreve bem menos usando as mãos, ou melhor, empregando algum tipo de tecnologia (lápis, caneta etc.) para escrever com grafite ou tinta ou giz ou carvão ou sangue e o que mais. É importante lembrar que ainda há gente que não sabe escrever neste país, neste planeta, mas muita gente sabe e tem um combo de tecnologias mais ou menos à disposição para isso. Sou dessas pessoas privilegiadas que têm várias possibilidades, e uma delas nunca deixou de ser o uso das minhas mãos. Ainda hoje, são elas que batucam meu teclado de computador ou que tocam suavemente duas ou três telas sensíveis. Mas não expressam mais a minha letra. No lugar, aparecem Times New Roman, Arial, Calibri e mais uma centena de “letras” à minha escolha. Eu e Deus e o mundo. A despeito desse rol de chances e ferramentas para escrever, o manuscrito nunca deixou de pintar aqui e ali, muitas vezes como obrigação. Na escola, por exemplo, até hoje ele é soberano. No Enem também. Curioso, não? Fico pensando em que espaços e ocasiões ainda uso minha letra. Olhando ao redor, na minha casa, minha letra está em espaços muito delimitados e específicos: bilhetes. Eles estão principalmente na cozinha, em especial na porta da geladeira, a fim de manter a comunicação com meus coabitantes, sempre muito esquecidos ou relapsos. Mas também há bilhetes em post its na minha mesa do escritório, textinhos em garranchos por meio dos quais me comunico comigo mesma, a evitar um comportamento esquecido e relapso. No escritório, costumo ser mais suave comigo mesma, mas também muito mais lacônica, a ponto de nem eu me entender, se passar o tempo. Em todos os casos vai minha letra, menos e mais redonda, a lápis e a tinta azul, em post its rosa-choque, colados precariamente, e todos com destino à lixeira, em breve. Justo porque eles funcionam como lembretes de tarefas e coisas que devem ser vencidas e, claro, substituídas por outras, num fluxo infinito, às vezes ansiogênico, com que a maioria dos adultos (e mais ainda as adultas) precisa conviver. As formas de escrever mudam, as necessidades também, e o resultado é um elenco complexo, em que nada dispensa nada, a depender da tarefa ou da importância das coisas ou de suas funções, claro. A escrita e suas tecnologias incríveis vão se reposicionando, mudando de status, numa ciranda interessante e importante que pode ser vista à luz de certa diversidade que encontra suas oportunidades e seus efeitos, aqui e ali. Não adianta muito pensar sempre como se tudo fosse excludente. Estão aí minha farta comunicação por bilhetes, minha gaveta alegre de post its de toda cor, esperando para serem usados, e o cheque do cartório, em que quase tudo já é digital. “Do punho ao pixel” não é uma frase filosoficamente correta. O negócio é mais “o punho e o pixel”. RIBEIRO, A. E. Disponível em: https://rascunho.com.br. Acesso em: 16 jan. 2024 (adaptado)."},{"type":"text","content":"O recurso linguístico usado para marcar a síntese da opinião da autora sobre a temática desenvolvida foi o(a)"}]', NULL, 'INEP · ENEM 2025 · 1º dia · Caderno 1 azul', 'https://download.inep.gov.br/enem/provas_e_gabaritos/2025_PV_impresso_D1_CD1.pdf', NULL, 'enem/2025/dia1', 'official', 'valid', 'published', 'imported', 1);
--> statement-breakpoint
INSERT INTO `question_options` (`id`, `question_id`, `label`, `content`, `is_correct`) VALUES (20250071, 2025015, 'A', '[{"type":"text","content":"emprego da primeira pessoa em “Estranhei muito na primeira vez que escutei a expressão ‘de próprio punho’”. (l. 1)"}]', 0);
--> statement-breakpoint
INSERT INTO `question_options` (`id`, `question_id`, `label`, `content`, `is_correct`) VALUES (20250072, 2025015, 'B', '[{"type":"text","content":"utilização de locução adverbial em “Na verdade, o que importava era a autenticidade da minha caligrafia”. (l. 3-4)"}]', 0);
--> statement-breakpoint
INSERT INTO `question_options` (`id`, `question_id`, `label`, `content`, `is_correct`) VALUES (20250073, 2025015, 'C', '[{"type":"text","content":"uso de pronome possessivo em “Minha letra, hoje, tem uma espécie de alternância”. (l. 5-6)"}]', 0);
--> statement-breakpoint
INSERT INTO `question_options` (`id`, `question_id`, `label`, `content`, `is_correct`) VALUES (20250074, 2025015, 'D', '[{"type":"text","content":"adoção de termo autorreflexivo em “No escritório, costumo ser mais suave comigo mesma”. (l. 30)"}]', 0);
--> statement-breakpoint
INSERT INTO `question_options` (`id`, `question_id`, `label`, `content`, `is_correct`) VALUES (20250075, 2025015, 'E', '[{"type":"text","content":"substituição da expressão “Do punho ao pixel” ("}]', 1);
--> statement-breakpoint
INSERT INTO `questions` (`id`, `external_id`, `year`, `exam_day`, `booklet`, `official_number`, `language`, `area`, `topic`, `statement`, `content_json`, `support_text`, `source_label`, `source_url`, `image_key`, `asset_bundle_key`, `difficulty`, `answer_status`, `status`, `review_status`, `taxonomy_version`) VALUES (2025016, 'enem-2025-d1-azul-shared-011', 2025, 1, 'azul', 11, NULL, 'Linguagens', 'Prova oficial ENEM 2025', '— Vejo, disse ele com algum acanhamento, que o doutor não é nenhum pé-rapado, mas nunca é bom facilitar... Minha filha Nocência fez 18 anos pelo Natal, e é rapariga que pela feição parece moça de cidade, muito ariscazinha de modos, mas bonita e boa deveras... Coitada, foi criada sem mãe, e aqui nestes fundões. [...]— Ora muito que bem, continuou Pereira caindo aos poucos na habitual garrulice, quando vi a menina tomar corpo, tratei logo de casá-la.— Ah! é casada? perguntou Cirino.— Isto é, é e não é. A coisa está apalavrada. Por aqui costuma labutar no costeio do gado para São Paulo um homem de mão-cheia, que talvez o sr. conheça... o Manecão Doca...— Não, respondeu Cirino abanando a cabeça.— Pois isso é um homem às direitas, desempenado e trabucador como ele só... fura estes sertões todos e vem tangendo pontes de gado que metem pasmo. Também dizem que tem bichado muito e ajuntado cobre grosso, o que é possível, porque não é gastador nem dado a mulheres. Uma feita que estava aqui de pousada... olhe, mesmo neste lugar onde estava mecê inda agorinha, falei-lhe em casamento... isto é, dei-lhe uns toques... porque os pais devem tomar isso a si para bem de suas famílias; não acha?— Boa dúvida, aprovou Cirino, dou-lhe toda a razão; era do seu dever.TAUNAY, A. d’E. Inocência. Disponível em: www.dominiopublico.gov.br. Acesso em: 29 fev. 2024.Nesse trecho, ao se referir à sua filha, o pai de Inocência reproduz os ideais românticos, presentes na', '[{"type":"text","content":"— Vejo, disse ele com algum acanhamento, que o doutor não é nenhum pé-rapado, mas nunca é bom facilitar... Minha filha Nocência fez 18 anos pelo Natal, e é rapariga que pela feição parece moça de cidade, muito ariscazinha de modos, mas bonita e boa deveras... Coitada, foi criada sem mãe, e aqui nestes fundões. [...]— Ora muito que bem, continuou Pereira caindo aos poucos na habitual garrulice, quando vi a menina tomar corpo, tratei logo de casá-la.— Ah! é casada? perguntou Cirino.— Isto é, é e não é. A coisa está apalavrada. Por aqui costuma labutar no costeio do gado para São Paulo um homem de mão-cheia, que talvez o sr. conheça... o Manecão Doca...— Não, respondeu Cirino abanando a cabeça.— Pois isso é um homem às direitas, desempenado e trabucador como ele só... fura estes sertões todos e vem tangendo pontes de gado que metem pasmo. Também dizem que tem bichado muito e ajuntado cobre grosso, o que é possível, porque não é gastador nem dado a mulheres. Uma feita que estava aqui de pousada... olhe, mesmo neste lugar onde estava mecê inda agorinha, falei-lhe em casamento... isto é, dei-lhe uns toques... porque os pais devem tomar isso a si para bem de suas famílias; não acha?— Boa dúvida, aprovou Cirino, dou-lhe toda a razão; era do seu dever.TAUNAY, A. d’E. Inocência. Disponível em: www.dominiopublico.gov.br. Acesso em: 29 fev. 2024.Nesse trecho, ao se referir à sua filha, o pai de Inocência reproduz os ideais românticos, presentes na"}]', NULL, 'INEP · ENEM 2025 · 1º dia · Caderno 1 azul', 'https://download.inep.gov.br/enem/provas_e_gabaritos/2025_PV_impresso_D1_CD1.pdf', NULL, 'enem/2025/dia1', 'official', 'valid', 'published', 'imported', 1);
--> statement-breakpoint
INSERT INTO `question_options` (`id`, `question_id`, `label`, `content`, `is_correct`) VALUES (20250076, 2025016, 'A', '[{"type":"text","content":"valorização do ambiente rural na formação moral da mulher."}]', 0);
--> statement-breakpoint
INSERT INTO `question_options` (`id`, `question_id`, `label`, `content`, `is_correct`) VALUES (20250077, 2025016, 'B', '[{"type":"text","content":"figura decorativa da mulher ante o protagonismo masculino."}]', 1);
--> statement-breakpoint
INSERT INTO `question_options` (`id`, `question_id`, `label`, `content`, `is_correct`) VALUES (20250078, 2025016, 'C', '[{"type":"text","content":"equivalência de origem social para a harmonia do casal."}]', 0);
--> statement-breakpoint
INSERT INTO `question_options` (`id`, `question_id`, `label`, `content`, `is_correct`) VALUES (20250079, 2025016, 'D', '[{"type":"text","content":"importância do dote como condição para o casamento."}]', 0);
--> statement-breakpoint
INSERT INTO `question_options` (`id`, `question_id`, `label`, `content`, `is_correct`) VALUES (20250080, 2025016, 'E', '[{"type":"text","content":"aura de mistério sobre a identidade da jovem."}]', 0);
--> statement-breakpoint
INSERT INTO `questions` (`id`, `external_id`, `year`, `exam_day`, `booklet`, `official_number`, `language`, `area`, `topic`, `statement`, `content_json`, `support_text`, `source_label`, `source_url`, `image_key`, `asset_bundle_key`, `difficulty`, `answer_status`, `status`, `review_status`, `taxonomy_version`) VALUES (2025017, 'enem-2025-d1-azul-shared-012', 2025, 1, 'azul', 12, NULL, 'Linguagens', 'Prova oficial ENEM 2025', 'O Ministério do Esporte no Brasil lançou o programa Maré Inclusiva, em 2024, ano dos Jogos Paralímpicos de Paris. Esse programa visa ampliar as oportunidades para pessoas com deficiência que desejam praticar o surf. O parasurf é a prática do surf adaptada para permitir que pessoas com deficiência pratiquem o esporte em todas as suas categorias, modalidades e manifestações. Para a Secretaria Nacional do Paradesporto, a iniciativa é mais do que um programa de esporte, é uma iniciativa que busca transformar vidas e promover a inclusão por meio do parasurf, criando um legado de igualdade e respeito.Disponível em: www.gov.br/esporte. Acesso em: 6 set. 2024 (adaptado).De acordo com esse texto, o programa voltado ao estímulo da prática do parasurf evidencia a', '[{"type":"text","content":"O Ministério do Esporte no Brasil lançou o programa Maré Inclusiva, em 2024, ano dos Jogos Paralímpicos de Paris. Esse programa visa ampliar as oportunidades para pessoas com deficiência que desejam praticar o surf. O parasurf é a prática do surf adaptada para permitir que pessoas com deficiência pratiquem o esporte em todas as suas categorias, modalidades e manifestações. Para a Secretaria Nacional do Paradesporto, a iniciativa é mais do que um programa de esporte, é uma iniciativa que busca transformar vidas e promover a inclusão por meio do parasurf, criando um legado de igualdade e respeito.Disponível em: www.gov.br/esporte. Acesso em: 6 set. 2024 (adaptado).De acordo com esse texto, o programa voltado ao estímulo da prática do parasurf evidencia a"}]', NULL, 'INEP · ENEM 2025 · 1º dia · Caderno 1 azul', 'https://download.inep.gov.br/enem/provas_e_gabaritos/2025_PV_impresso_D1_CD1.pdf', NULL, 'enem/2025/dia1', 'official', 'valid', 'published', 'imported', 1);
--> statement-breakpoint
INSERT INTO `question_options` (`id`, `question_id`, `label`, `content`, `is_correct`) VALUES (20250081, 2025017, 'A', '[{"type":"text","content":"adesão de diferentes países a programas inclusivos."}]', 0);
--> statement-breakpoint
INSERT INTO `question_options` (`id`, `question_id`, `label`, `content`, `is_correct`) VALUES (20250082, 2025017, 'B', '[{"type":"text","content":"preocupação política em atender a demandas paralímpicas."}]', 0);
--> statement-breakpoint
INSERT INTO `question_options` (`id`, `question_id`, `label`, `content`, `is_correct`) VALUES (20250083, 2025017, 'C', '[{"type":"text","content":"importância de uma política pública esportiva para a inclusão."}]', 1);
--> statement-breakpoint
INSERT INTO `question_options` (`id`, `question_id`, `label`, `content`, `is_correct`) VALUES (20250084, 2025017, 'D', '[{"type":"text","content":"eficiência das iniciativas de inclusão em megaeventos esportivos."}]', 0);
--> statement-breakpoint
INSERT INTO `question_options` (`id`, `question_id`, `label`, `content`, `is_correct`) VALUES (20250085, 2025017, 'E', '[{"type":"text","content":"escassez de investimento em práticas corporais de aventura"}]', 0);
--> statement-breakpoint
INSERT INTO `questions` (`id`, `external_id`, `year`, `exam_day`, `booklet`, `official_number`, `language`, `area`, `topic`, `statement`, `content_json`, `support_text`, `source_label`, `source_url`, `image_key`, `asset_bundle_key`, `difficulty`, `answer_status`, `status`, `review_status`, `taxonomy_version`) VALUES (2025018, 'enem-2025-d1-azul-shared-013', 2025, 1, 'azul', 13, NULL, 'Linguagens', 'Prova oficial ENEM 2025', 'Art. 26-A. Nos estabelecimentos de ensino fundamental e médio, oficiais e particulares, torna-se obrigatório o ensino sobre História e Cultura Afro-Brasileira.§ 1º O conteúdo programático a que se refere o caput deste artigo incluirá o estudo da História da África e dos Africanos, a luta dos negros no Brasil, a cultura negra brasileira e o negro na formação da sociedade nacional, resgatando a contribuição do povo negro nas áreas social, econômica e política pertinentes à História do Brasil.§ 2º Os conteúdos referentes à História e Cultura Afro--Brasileira serão ministrados no âmbito de todo o currículo escolar, em especial nas áreas de Educação Artística e de Literatura e História Brasileiras.BRASIL. Lei n. 10 639/2003. Disponível em: www.gov.br/planalto. Acesso em: 5 maio 2024.O emprego da norma-padrão é justificado nesse texto', '[{"type":"text","content":"Art. 26-A. Nos estabelecimentos de ensino fundamental e médio, oficiais e particulares, torna-se obrigatório o ensino sobre História e Cultura Afro-Brasileira.§ 1º O conteúdo programático a que se refere o caput deste artigo incluirá o estudo da História da África e dos Africanos, a luta dos negros no Brasil, a cultura negra brasileira e o negro na formação da sociedade nacional, resgatando a contribuição do povo negro nas áreas social, econômica e política pertinentes à História do Brasil.§ 2º Os conteúdos referentes à História e Cultura Afro--Brasileira serão ministrados no âmbito de todo o currículo escolar, em especial nas áreas de Educação Artística e de Literatura e História Brasileiras.BRASIL. Lei n. 10 639/2003. Disponível em: www.gov.br/planalto. Acesso em: 5 maio 2024.O emprego da norma-padrão é justificado nesse texto"}]', NULL, 'INEP · ENEM 2025 · 1º dia · Caderno 1 azul', 'https://download.inep.gov.br/enem/provas_e_gabaritos/2025_PV_impresso_D1_CD1.pdf', NULL, 'enem/2025/dia1', 'official', 'valid', 'published', 'imported', 1);
--> statement-breakpoint
INSERT INTO `question_options` (`id`, `question_id`, `label`, `content`, `is_correct`) VALUES (20250086, 2025018, 'A', '[{"type":"text","content":"pela especialização de seu público-alvo."}]', 0);
--> statement-breakpoint
INSERT INTO `question_options` (`id`, `question_id`, `label`, `content`, `is_correct`) VALUES (20250087, 2025018, 'B', '[{"type":"text","content":"pela relevância cultural de seu conteúdo."}]', 0);
--> statement-breakpoint
INSERT INTO `question_options` (`id`, `question_id`, `label`, `content`, `is_correct`) VALUES (20250088, 2025018, 'C', '[{"type":"text","content":"pelos contextos pedagógicos em que circula."}]', 0);
--> statement-breakpoint
INSERT INTO `question_options` (`id`, `question_id`, `label`, `content`, `is_correct`) VALUES (20250089, 2025018, 'D', '[{"type":"text","content":"pela importância para os grupos étnico-raciais."}]', 0);
--> statement-breakpoint
INSERT INTO `question_options` (`id`, `question_id`, `label`, `content`, `is_correct`) VALUES (20250090, 2025018, 'E', '[{"type":"text","content":"pelas características do gênero a que pertence."}]', 1);
--> statement-breakpoint
INSERT INTO `questions` (`id`, `external_id`, `year`, `exam_day`, `booklet`, `official_number`, `language`, `area`, `topic`, `statement`, `content_json`, `support_text`, `source_label`, `source_url`, `image_key`, `asset_bundle_key`, `difficulty`, `answer_status`, `status`, `review_status`, `taxonomy_version`) VALUES (2025019, 'enem-2025-d1-azul-shared-014', 2025, 1, 'azul', 14, NULL, 'Linguagens', 'Prova oficial ENEM 2025', 'Disponível em: www.publishnews.com.br. Acesso em: 19 set. 2024.Nesse cartaz publicitário, os recursos verbais e não verbais constroem um argumento que objetiva', '[{"type":"image","content":"/enem/2025/dia1/question-14.png"},{"type":"text","content":"Disponível em: www.publishnews.com.br. Acesso em: 19 set. 2024.Nesse cartaz publicitário, os recursos verbais e não verbais constroem um argumento que objetiva"}]', NULL, 'INEP · ENEM 2025 · 1º dia · Caderno 1 azul', 'https://download.inep.gov.br/enem/provas_e_gabaritos/2025_PV_impresso_D1_CD1.pdf', '/enem/2025/dia1/question-14.png', 'enem/2025/dia1', 'official', 'valid', 'published', 'imported', 1);
--> statement-breakpoint
INSERT INTO `question_options` (`id`, `question_id`, `label`, `content`, `is_correct`) VALUES (20250091, 2025019, 'A', '[{"type":"text","content":"divulgar a obra de Fernando Pessoa no Brasil."}]', 0);
--> statement-breakpoint
INSERT INTO `question_options` (`id`, `question_id`, `label`, `content`, `is_correct`) VALUES (20250092, 2025019, 'B', '[{"type":"text","content":"valorizar a realização de eventos literários no país."}]', 0);
--> statement-breakpoint
INSERT INTO `question_options` (`id`, `question_id`, `label`, `content`, `is_correct`) VALUES (20250093, 2025019, 'C', '[{"type":"text","content":"ressaltar o impacto da leitura na vida das pessoas."}]', 1);
--> statement-breakpoint
INSERT INTO `question_options` (`id`, `question_id`, `label`, `content`, `is_correct`) VALUES (20250094, 2025019, 'D', '[{"type":"text","content":"fomentar o turismo cultural na cidade de São Paulo."}]', 0);
--> statement-breakpoint
INSERT INTO `question_options` (`id`, `question_id`, `label`, `content`, `is_correct`) VALUES (20250095, 2025019, 'E', '[{"type":"text","content":"evidenciar a influência de Pessoa na literatura brasileira."}]', 0);
--> statement-breakpoint
INSERT INTO `questions` (`id`, `external_id`, `year`, `exam_day`, `booklet`, `official_number`, `language`, `area`, `topic`, `statement`, `content_json`, `support_text`, `source_label`, `source_url`, `image_key`, `asset_bundle_key`, `difficulty`, `answer_status`, `status`, `review_status`, `taxonomy_version`) VALUES (2025020, 'enem-2025-d1-azul-shared-015', 2025, 1, 'azul', 15, NULL, 'Linguagens', 'Prova oficial ENEM 2025', 'O retrato como gênero da pintura ocidental ficou vinculado às elites, tornando invisíveis as populações que não faziam parte do círculo dominante. Num país de tradição escravocrata e colonizado por europeus como o Brasil, pouquíssimas pessoas negras e indígenas foram retratadas em pintura, e menos ainda identificadas com seus nomes nos retratos. Daí a importância, para a história da arte e para a história brasileira, dos retratos de Dalton Paula. Disponível em: www.masp.org.br. Acesso em: 5 maio 2024 (adaptado).Ao dar protagonismo a Zeferina e a João de Deus Nascimento, o artista Dalton Paula evidencia que a(s)', '[{"type":"text","content":"O retrato como gênero da pintura ocidental ficou vinculado às elites, tornando invisíveis as populações que não faziam parte do círculo dominante. Num país de tradição escravocrata e colonizado por europeus como o Brasil, pouquíssimas pessoas negras e indígenas foram retratadas em pintura, e menos ainda identificadas com seus nomes nos retratos. Daí a importância, para a história da arte e para a história brasileira, dos retratos de Dalton Paula."},{"type":"image","content":"/enem/2025/dia1/question-15.png"},{"type":"text","content":"Disponível em: www.masp.org.br. Acesso em: 5 maio 2024 (adaptado).Ao dar protagonismo a Zeferina e a João de Deus Nascimento, o artista Dalton Paula evidencia que a(s)"}]', NULL, 'INEP · ENEM 2025 · 1º dia · Caderno 1 azul', 'https://download.inep.gov.br/enem/provas_e_gabaritos/2025_PV_impresso_D1_CD1.pdf', '/enem/2025/dia1/question-15.png', 'enem/2025/dia1', 'official', 'valid', 'published', 'imported', 1);
--> statement-breakpoint
INSERT INTO `question_options` (`id`, `question_id`, `label`, `content`, `is_correct`) VALUES (20250096, 2025020, 'A', '[{"type":"text","content":"arte pode promover formas de afirmação de identidade social."}]', 1);
--> statement-breakpoint
INSERT INTO `question_options` (`id`, `question_id`, `label`, `content`, `is_correct`) VALUES (20250097, 2025020, 'B', '[{"type":"text","content":"comunidades periféricas passam a adquirir o gênero retrato."}]', 0);
--> statement-breakpoint
INSERT INTO `question_options` (`id`, `question_id`, `label`, `content`, `is_correct`) VALUES (20250098, 2025020, 'C', '[{"type":"text","content":"personagens retratadas simbolizam a sociedade brasileira."}]', 0);
--> statement-breakpoint
INSERT INTO `question_options` (`id`, `question_id`, `label`, `content`, `is_correct`) VALUES (20250099, 2025020, 'D', '[{"type":"text","content":"pintura funciona como instrumento de ascensão social."}]', 0);
--> statement-breakpoint
INSERT INTO `question_options` (`id`, `question_id`, `label`, `content`, `is_correct`) VALUES (20250100, 2025020, 'E', '[{"type":"text","content":"imagens tradicionais preservam memórias afetivas."}]', 0);
--> statement-breakpoint
INSERT INTO `questions` (`id`, `external_id`, `year`, `exam_day`, `booklet`, `official_number`, `language`, `area`, `topic`, `statement`, `content_json`, `support_text`, `source_label`, `source_url`, `image_key`, `asset_bundle_key`, `difficulty`, `answer_status`, `status`, `review_status`, `taxonomy_version`) VALUES (2025021, 'enem-2025-d1-azul-shared-016', 2025, 1, 'azul', 16, NULL, 'Linguagens', 'Prova oficial ENEM 2025', 'SímbolosEu e tu, ante a noite e o amplo desdobramentodo mar, fero, a estourar de encontro à rocha nua...Um símbolo descubro aqui, neste momentoesta rocha, este mar... a minha vida e a tua.O mar vem, o mar vai, nele há o gesto violentode quem maltrata e, após, se arrepende e recua.Como compreendo bem da rocha o sentimento!São muito iguais, por certo, a minha mágoa e a sua.Contemplo neste quadro a nossa triste vida;tu és dúbio mar que, na sua inconsciência,tem carinhos de amor e fúrias de demência!Eu sou a dor estanque, a dor empedernida,sou rocha a emergir de um côncavo de areia,imóvel, muda, isenta e alheia ao mar, alheia.MACHADO, G. Poesia completa. Rio de Janeiro: Cátedra/MEC, 1978.Nesse soneto, os traços da estética simbolista são resgatados pelo eu lírico ao', '[{"type":"text","content":"SímbolosEu e tu, ante a noite e o amplo desdobramentodo mar, fero, a estourar de encontro à rocha nua...Um símbolo descubro aqui, neste momentoesta rocha, este mar... a minha vida e a tua.O mar vem, o mar vai, nele há o gesto violentode quem maltrata e, após, se arrepende e recua.Como compreendo bem da rocha o sentimento!São muito iguais, por certo, a minha mágoa e a sua.Contemplo neste quadro a nossa triste vida;tu és dúbio mar que, na sua inconsciência,tem carinhos de amor e fúrias de demência!Eu sou a dor estanque, a dor empedernida,sou rocha a emergir de um côncavo de areia,imóvel, muda, isenta e alheia ao mar, alheia.MACHADO, G. Poesia completa. Rio de Janeiro: Cátedra/MEC, 1978.Nesse soneto, os traços da estética simbolista são resgatados pelo eu lírico ao"}]', NULL, 'INEP · ENEM 2025 · 1º dia · Caderno 1 azul', 'https://download.inep.gov.br/enem/provas_e_gabaritos/2025_PV_impresso_D1_CD1.pdf', NULL, 'enem/2025/dia1', 'official', 'valid', 'published', 'imported', 1);
--> statement-breakpoint
INSERT INTO `question_options` (`id`, `question_id`, `label`, `content`, `is_correct`) VALUES (20250101, 2025021, 'A', '[{"type":"text","content":"rejeitar as emoções de “amor” e “mágoa”."}]', 0);
--> statement-breakpoint
INSERT INTO `question_options` (`id`, `question_id`, `label`, `content`, `is_correct`) VALUES (20250102, 2025021, 'B', '[{"type":"text","content":"expressar a dubiedade do olhar sobre o outro."}]', 0);
--> statement-breakpoint
INSERT INTO `question_options` (`id`, `question_id`, `label`, `content`, `is_correct`) VALUES (20250103, 2025021, 'C', '[{"type":"text","content":"representar o “eu” e o “tu” como sujeitos volúveis."}]', 0);
--> statement-breakpoint
INSERT INTO `question_options` (`id`, `question_id`, `label`, `content`, `is_correct`) VALUES (20250104, 2025021, 'D', '[{"type":"text","content":"associar a sua inconsciência a elementos da natureza."}]', 0);
--> statement-breakpoint
INSERT INTO `question_options` (`id`, `question_id`, `label`, `content`, `is_correct`) VALUES (20250105, 2025021, 'E', '[{"type":"text","content":"metaforizar o conflito amoroso nas imagens de “mar” e “rocha”."}]', 1);
--> statement-breakpoint
INSERT INTO `questions` (`id`, `external_id`, `year`, `exam_day`, `booklet`, `official_number`, `language`, `area`, `topic`, `statement`, `content_json`, `support_text`, `source_label`, `source_url`, `image_key`, `asset_bundle_key`, `difficulty`, `answer_status`, `status`, `review_status`, `taxonomy_version`) VALUES (2025022, 'enem-2025-d1-azul-shared-017', 2025, 1, 'azul', 17, NULL, 'Linguagens', 'Prova oficial ENEM 2025', 'Antes do inverno chegar.Ela tinha olhinhos brilhantes. Os mesmos de antes. Antes da fome. Antes das 17 mudanças de cidade. Dos sete filhos e dos muitos anos de trabalho dentro e fora de casa.Ela fazia ambrosia, bolo de fubá e pedacinhos de queijo. Antes do inverno, ela plantava flores novas e diferentes para nos esperar nas próximas férias de verão.Ela tinha o jeito de menina. Menina sapeca, correndo na grama seca do cerrado. O mesmo jeito de antes. Antes do marido (e mesmo com o marido). Antes do cansaço dos anos. Antes da dureza do trato com a terra.Ela tinha histórias. Compridas, curtas, divertidas e verdadeiras. Mas isso foi antes. Antes das lembranças se bagunçarem feito bolas coloridas de Natal esperando para serem montadas na árvore.Eu era sua neta. Antes do Alzheimer chegar, eu era sua neta. Mas ela é e sempre será minha avó.PERSON, C. R. Borboletas no estômago: porque às vezes o título precisa ser adolescente e clichê, já que a vida exige sermos tão adultos. São Paulo: Ed. das Autoras, 2021.A narradora, ao resgatar memórias da história de vida da avó, faz uso recorrente da locução “antes de”. Esse termo colabora para a progressão temática na medida em que', '[{"type":"text","content":"Antes do inverno chegar.Ela tinha olhinhos brilhantes. Os mesmos de antes. Antes da fome. Antes das 17 mudanças de cidade. Dos sete filhos e dos muitos anos de trabalho dentro e fora de casa.Ela fazia ambrosia, bolo de fubá e pedacinhos de queijo. Antes do inverno, ela plantava flores novas e diferentes para nos esperar nas próximas férias de verão.Ela tinha o jeito de menina. Menina sapeca, correndo na grama seca do cerrado. O mesmo jeito de antes. Antes do marido (e mesmo com o marido). Antes do cansaço dos anos. Antes da dureza do trato com a terra.Ela tinha histórias. Compridas, curtas, divertidas e verdadeiras. Mas isso foi antes. Antes das lembranças se bagunçarem feito bolas coloridas de Natal esperando para serem montadas na árvore.Eu era sua neta. Antes do Alzheimer chegar, eu era sua neta. Mas ela é e sempre será minha avó.PERSON, C. R. Borboletas no estômago: porque às vezes o título precisa ser adolescente e clichê, já que a vida exige sermos tão adultos. São Paulo: Ed. das Autoras, 2021.A narradora, ao resgatar memórias da história de vida da avó, faz uso recorrente da locução “antes de”. Esse termo colabora para a progressão temática na medida em que"}]', NULL, 'INEP · ENEM 2025 · 1º dia · Caderno 1 azul', 'https://download.inep.gov.br/enem/provas_e_gabaritos/2025_PV_impresso_D1_CD1.pdf', NULL, 'enem/2025/dia1', 'official', 'valid', 'published', 'imported', 1);
--> statement-breakpoint
INSERT INTO `question_options` (`id`, `question_id`, `label`, `content`, `is_correct`) VALUES (20250106, 2025022, 'A', '[{"type":"text","content":"relaciona eventos ocorridos simultaneamente."}]', 0);
--> statement-breakpoint
INSERT INTO `question_options` (`id`, `question_id`, `label`, `content`, `is_correct`) VALUES (20250107, 2025022, 'B', '[{"type":"text","content":"estabelece uma comparação entre as lembranças."}]', 0);
--> statement-breakpoint
INSERT INTO `question_options` (`id`, `question_id`, `label`, `content`, `is_correct`) VALUES (20250108, 2025022, 'C', '[{"type":"text","content":"ressalta fatos que ressignificam o momento presente."}]', 1);
--> statement-breakpoint
INSERT INTO `question_options` (`id`, `question_id`, `label`, `content`, `is_correct`) VALUES (20250109, 2025022, 'D', '[{"type":"text","content":"sinaliza uma sequência que denota ações consecutivas."}]', 0);
--> statement-breakpoint
INSERT INTO `question_options` (`id`, `question_id`, `label`, `content`, `is_correct`) VALUES (20250110, 2025022, 'E', '[{"type":"text","content":"apresenta uma explicação para as memórias resgatadas."}]', 0);
--> statement-breakpoint
INSERT INTO `questions` (`id`, `external_id`, `year`, `exam_day`, `booklet`, `official_number`, `language`, `area`, `topic`, `statement`, `content_json`, `support_text`, `source_label`, `source_url`, `image_key`, `asset_bundle_key`, `difficulty`, `answer_status`, `status`, `review_status`, `taxonomy_version`) VALUES (2025023, 'enem-2025-d1-azul-shared-018', 2025, 1, 'azul', 18, NULL, 'Linguagens', 'Prova oficial ENEM 2025', 'Com 20 anos de experiência no futebol de alto rendimento, Marina, ex-jogadora da seleção brasileira de futebol, salienta que, por trás do espetáculo apresentado nas mídias, com mensagens de motivação e superação, o esporte não é tão inclusivo assim. “É esta análise que devemos fazer: aqueles atletas que estão ali estão trazendo uma alta performance a partir dos seus limites”, explica. Para a profissional, é preciso analisar com cautela “a ideia romântica que a mídia passa para os telespectadores”. A realidade é muito mais dura do que as imagens espetaculosas que principalmente a televisão busca transmitir para a audiência. “Por trás existe um ser humano, a gente não pode nunca esquecer isso. Aquela pessoa treinou insistentemente para estar ali, durante meses, semanas e temporadas. Duas vezes ao dia, de duas a quatro horas”, pondera Marina. Atualmente, as crianças e os jovens vislumbram o sucesso profissional e a boa-vida financeira de poucos atletas que se destacam e estampam os meios de comunicação. Tudo parece ser muito mais fácil do que realmente é quando apenas as conquistas são mostradas.ROSOLEN, N. Disponível em: www.uninter.com. Acesso em: 10 maio 2024 (adaptado).Nesse texto, a visão crítica de uma ex-atleta de futebol revela que', '[{"type":"text","content":"Com 20 anos de experiência no futebol de alto rendimento, Marina, ex-jogadora da seleção brasileira de futebol, salienta que, por trás do espetáculo apresentado nas mídias, com mensagens de motivação e superação, o esporte não é tão inclusivo assim. “É esta análise que devemos fazer: aqueles atletas que estão ali estão trazendo uma alta performance a partir dos seus limites”, explica. Para a profissional, é preciso analisar com cautela “a ideia romântica que a mídia passa para os telespectadores”. A realidade é muito mais dura do que as imagens espetaculosas que principalmente a televisão busca transmitir para a audiência. “Por trás existe um ser humano, a gente não pode nunca esquecer isso. Aquela pessoa treinou insistentemente para estar ali, durante meses, semanas e temporadas. Duas vezes ao dia, de duas a quatro horas”, pondera Marina. Atualmente, as crianças e os jovens vislumbram o sucesso profissional e a boa-vida financeira de poucos atletas que se destacam e estampam os meios de comunicação. Tudo parece ser muito mais fácil do que realmente é quando apenas as conquistas são mostradas.ROSOLEN, N. Disponível em: www.uninter.com. Acesso em: 10 maio 2024 (adaptado).Nesse texto, a visão crítica de uma ex-atleta de futebol revela que"}]', NULL, 'INEP · ENEM 2025 · 1º dia · Caderno 1 azul', 'https://download.inep.gov.br/enem/provas_e_gabaritos/2025_PV_impresso_D1_CD1.pdf', NULL, 'enem/2025/dia1', 'official', 'valid', 'published', 'imported', 1);
--> statement-breakpoint
INSERT INTO `question_options` (`id`, `question_id`, `label`, `content`, `is_correct`) VALUES (20250111, 2025023, 'A', '[{"type":"text","content":"os meios de comunicação invisibilizam as dificuldades presentes no esporte."}]', 1);
--> statement-breakpoint
INSERT INTO `question_options` (`id`, `question_id`, `label`, `content`, `is_correct`) VALUES (20250112, 2025023, 'B', '[{"type":"text","content":"o treinamento atlético de alto nível é desestimulante para os indivíduos."}]', 0);
--> statement-breakpoint
INSERT INTO `question_options` (`id`, `question_id`, `label`, `content`, `is_correct`) VALUES (20250113, 2025023, 'C', '[{"type":"text","content":"o trabalho contínuo é desvalorizado no contexto esportivo profissional."}]', 0);
--> statement-breakpoint
INSERT INTO `question_options` (`id`, `question_id`, `label`, `content`, `is_correct`) VALUES (20250114, 2025023, 'D', '[{"type":"text","content":"as ações de incentivo financeiro a jovens atletas são precárias."}]', 0);
--> statement-breakpoint
INSERT INTO `question_options` (`id`, `question_id`, `label`, `content`, `is_correct`) VALUES (20250115, 2025023, 'E', '[{"type":"text","content":"as publicações da mídia esportiva rotulam atletas iniciantes."}]', 0);
--> statement-breakpoint
INSERT INTO `questions` (`id`, `external_id`, `year`, `exam_day`, `booklet`, `official_number`, `language`, `area`, `topic`, `statement`, `content_json`, `support_text`, `source_label`, `source_url`, `image_key`, `asset_bundle_key`, `difficulty`, `answer_status`, `status`, `review_status`, `taxonomy_version`) VALUES (2025024, 'enem-2025-d1-azul-shared-019', 2025, 1, 'azul', 19, NULL, 'Linguagens', 'Prova oficial ENEM 2025', 'No predomínio das mulheres pretas brasileiras nos Jogos Olímpicos de 2024, uma coisa chamou a atenção no pódio: elas valorizam a parte psicológica. As duas medalhistas de ouro, a judoca Beatriz Souza e a ginasta Rebeca Andrade, ressaltam, em várias entrevistas, a importância da saúde mental. Em uma dessas entrevistas, Rebeca sinaliza: “Acho que não é só sobre vencer a Simone, é sobre vencer a mim mesma. A minha briga está na minha cabeça, não está com outras pessoas. Para conseguir fazer as minhas apresentações, preciso controlar a minha cabeça, o meu corpo, e essa é a briga”. Na mesma linha, a skatista Rayssa Leal exalta a necessidade da terapia, e a Seleção Brasileira de Futebol de Mulheres tem o suporte psicológico como reforço no treinamento.Disponível em: https://iclnoticias.com.br. Acesso em: 18 set. 2024 (adaptado).Nesse texto, as atletas brasileiras defendem o(a)', '[{"type":"text","content":"No predomínio das mulheres pretas brasileiras nos Jogos Olímpicos de 2024, uma coisa chamou a atenção no pódio: elas valorizam a parte psicológica. As duas medalhistas de ouro, a judoca Beatriz Souza e a ginasta Rebeca Andrade, ressaltam, em várias entrevistas, a importância da saúde mental. Em uma dessas entrevistas, Rebeca sinaliza: “Acho que não é só sobre vencer a Simone, é sobre vencer a mim mesma. A minha briga está na minha cabeça, não está com outras pessoas. Para conseguir fazer as minhas apresentações, preciso controlar a minha cabeça, o meu corpo, e essa é a briga”. Na mesma linha, a skatista Rayssa Leal exalta a necessidade da terapia, e a Seleção Brasileira de Futebol de Mulheres tem o suporte psicológico como reforço no treinamento.Disponível em: https://iclnoticias.com.br. Acesso em: 18 set. 2024 (adaptado).Nesse texto, as atletas brasileiras defendem o(a)"}]', NULL, 'INEP · ENEM 2025 · 1º dia · Caderno 1 azul', 'https://download.inep.gov.br/enem/provas_e_gabaritos/2025_PV_impresso_D1_CD1.pdf', NULL, 'enem/2025/dia1', 'official', 'valid', 'published', 'imported', 1);
--> statement-breakpoint
INSERT INTO `question_options` (`id`, `question_id`, `label`, `content`, `is_correct`) VALUES (20250116, 2025024, 'A', '[{"type":"text","content":"investimento na modernização de equipamentos."}]', 0);
--> statement-breakpoint
INSERT INTO `question_options` (`id`, `question_id`, `label`, `content`, `is_correct`) VALUES (20250117, 2025024, 'B', '[{"type":"text","content":"subordinação do treinamento físico ao mental."}]', 0);
--> statement-breakpoint
INSERT INTO `question_options` (`id`, `question_id`, `label`, `content`, `is_correct`) VALUES (20250118, 2025024, 'C', '[{"type":"text","content":"estímulo à competição entre adversárias."}]', 0);
--> statement-breakpoint
INSERT INTO `question_options` (`id`, `question_id`, `label`, `content`, `is_correct`) VALUES (20250119, 2025024, 'D', '[{"type":"text","content":"aprimoramento da expressão corporal."}]', 0);
--> statement-breakpoint
INSERT INTO `question_options` (`id`, `question_id`, `label`, `content`, `is_correct`) VALUES (20250120, 2025024, 'E', '[{"type":"text","content":"importância da saúde emocional."}]', 1);
--> statement-breakpoint
INSERT INTO `questions` (`id`, `external_id`, `year`, `exam_day`, `booklet`, `official_number`, `language`, `area`, `topic`, `statement`, `content_json`, `support_text`, `source_label`, `source_url`, `image_key`, `asset_bundle_key`, `difficulty`, `answer_status`, `status`, `review_status`, `taxonomy_version`) VALUES (2025025, 'enem-2025-d1-azul-shared-020', 2025, 1, 'azul', 20, NULL, 'Linguagens', 'Prova oficial ENEM 2025', 'A característica fundamental no aprendizado das práticas rituais nos candomblés é o processo iniciático e participante. Durante o período de reclusão em terreiros ou rocas, o iniciado passa por uma série de ritos esotéricos (banhos rituais, raspagem da cabeça etc.), ao mesmo tempo em que começa a adquirir um complexo código de símbolos materiais (substâncias, folhas, frutos, raízes etc.) e de gestos associados a um repertório linguístico específico das cerimônias que se desenrolam nos contextos sagrados em geral e em cada terreiro em particular.Esse repertório linguístico, genericamente chamado de “língua de santo” na Bahia, compreende uma terminologia religiosa operacional, de caráter mágico-semântico e de aparente forma portuguesa, mas que repousa sobre sistemas lexicais de diferentes línguas africanas que provavelmente foram faladas no Brasil escravocrata, vindo a constituir uma língua ritual, que se acredita pertencer à nação do vodum, do orixá ou do inquice, e não a determinada nação africana política atual.Disponível em: https://periodicos.ufba.br. Acesso em: 21 jan. 2024 (adaptado).A “língua de santo” tem sua importância para o patrimônio linguístico brasileiro por', '[{"type":"text","content":"A característica fundamental no aprendizado das práticas rituais nos candomblés é o processo iniciático e participante. Durante o período de reclusão em terreiros ou rocas, o iniciado passa por uma série de ritos esotéricos (banhos rituais, raspagem da cabeça etc.), ao mesmo tempo em que começa a adquirir um complexo código de símbolos materiais (substâncias, folhas, frutos, raízes etc.) e de gestos associados a um repertório linguístico específico das cerimônias que se desenrolam nos contextos sagrados em geral e em cada terreiro em particular.Esse repertório linguístico, genericamente chamado de “língua de santo” na Bahia, compreende uma terminologia religiosa operacional, de caráter mágico-semântico e de aparente forma portuguesa, mas que repousa sobre sistemas lexicais de diferentes línguas africanas que provavelmente foram faladas no Brasil escravocrata, vindo a constituir uma língua ritual, que se acredita pertencer à nação do vodum, do orixá ou do inquice, e não a determinada nação africana política atual.Disponível em: https://periodicos.ufba.br. Acesso em: 21 jan. 2024 (adaptado).A “língua de santo” tem sua importância para o patrimônio linguístico brasileiro por"}]', NULL, 'INEP · ENEM 2025 · 1º dia · Caderno 1 azul', 'https://download.inep.gov.br/enem/provas_e_gabaritos/2025_PV_impresso_D1_CD1.pdf', NULL, 'enem/2025/dia1', 'official', 'valid', 'published', 'imported', 1);
--> statement-breakpoint
INSERT INTO `question_options` (`id`, `question_id`, `label`, `content`, `is_correct`) VALUES (20250121, 2025025, 'A', '[{"type":"text","content":"apresentar uma carga semântica mítica."}]', 0);
--> statement-breakpoint
INSERT INTO `question_options` (`id`, `question_id`, `label`, `content`, `is_correct`) VALUES (20250122, 2025025, 'B', '[{"type":"text","content":"conservar elementos dos falares dos escravizados."}]', 1);
--> statement-breakpoint
INSERT INTO `question_options` (`id`, `question_id`, `label`, `content`, `is_correct`) VALUES (20250123, 2025025, 'C', '[{"type":"text","content":"resgatar expressões portuguesas do período colonial."}]', 0);
--> statement-breakpoint
INSERT INTO `question_options` (`id`, `question_id`, `label`, `content`, `is_correct`) VALUES (20250124, 2025025, 'D', '[{"type":"text","content":"decodificar o ritual religioso dos nossos antepassados."}]', 0);
--> statement-breakpoint
INSERT INTO `question_options` (`id`, `question_id`, `label`, `content`, `is_correct`) VALUES (20250125, 2025025, 'E', '[{"type":"text","content":"favorecer a compreensão do léxico africano contemporâneo."}]', 0);
--> statement-breakpoint
INSERT INTO `questions` (`id`, `external_id`, `year`, `exam_day`, `booklet`, `official_number`, `language`, `area`, `topic`, `statement`, `content_json`, `support_text`, `source_label`, `source_url`, `image_key`, `asset_bundle_key`, `difficulty`, `answer_status`, `status`, `review_status`, `taxonomy_version`) VALUES (2025026, 'enem-2025-d1-azul-shared-021', 2025, 1, 'azul', 21, NULL, 'Linguagens', 'Prova oficial ENEM 2025', 'O meu medo é entrar na faculdade e tirar zero eu que nunca fui bom de matemática fraco no inglês eu que nunca gostei de química geografia e português o que é que eu faço agora hein mãe não sei. [...]O meu medo é a vida piorar e eu não conseguir arranjar emprego nem de faxineiro nem de porteiro nem de ajudante de pedreiro e o pessoal dizer que o governo já fez o que pôde já pôde o que fez já deu a sua cota de participação hein mãe não sei.O meu medo é que mesmo com diploma debaixo do braço andando por aí desiludido e desempregado o policial me olhe de cara feia e eu acabe fazendo uma burrice sei lá uma besteira será que eu vou ter direito a uma cela especial hein mãe não sei.FREIRE, M. Contos negreiros.Rio de Janeiro: Record, 2005.Nesse texto, a reiteração dos medos e das angústias do narrador exprime', '[{"type":"text","content":"O meu medo é entrar na faculdade e tirar zero eu que nunca fui bom de matemática fraco no inglês eu que nunca gostei de química geografia e português o que é que eu faço agora hein mãe não sei. [...]O meu medo é a vida piorar e eu não conseguir arranjar emprego nem de faxineiro nem de porteiro nem de ajudante de pedreiro e o pessoal dizer que o governo já fez o que pôde já pôde o que fez já deu a sua cota de participação hein mãe não sei.O meu medo é que mesmo com diploma debaixo do braço andando por aí desiludido e desempregado o policial me olhe de cara feia e eu acabe fazendo uma burrice sei lá uma besteira será que eu vou ter direito a uma cela especial hein mãe não sei.FREIRE, M. Contos negreiros.Rio de Janeiro: Record, 2005.Nesse texto, a reiteração dos medos e das angústias do narrador exprime"}]', NULL, 'INEP · ENEM 2025 · 1º dia · Caderno 1 azul', 'https://download.inep.gov.br/enem/provas_e_gabaritos/2025_PV_impresso_D1_CD1.pdf', NULL, 'enem/2025/dia1', 'official', 'valid', 'published', 'imported', 1);
--> statement-breakpoint
INSERT INTO `question_options` (`id`, `question_id`, `label`, `content`, `is_correct`) VALUES (20250126, 2025026, 'A', '[{"type":"text","content":"inseguranças sobre o futuro familiar."}]', 0);
--> statement-breakpoint
INSERT INTO `question_options` (`id`, `question_id`, `label`, `content`, `is_correct`) VALUES (20250127, 2025026, 'B', '[{"type":"text","content":"dilemas resultantes de seu fracasso escolar."}]', 0);
--> statement-breakpoint
INSERT INTO `question_options` (`id`, `question_id`, `label`, `content`, `is_correct`) VALUES (20250128, 2025026, 'C', '[{"type":"text","content":"incertezas centradas em sua condição social."}]', 1);
--> statement-breakpoint
INSERT INTO `question_options` (`id`, `question_id`, `label`, `content`, `is_correct`) VALUES (20250129, 2025026, 'D', '[{"type":"text","content":"hesitações em relação à sua formação profissional."}]', 0);
--> statement-breakpoint
INSERT INTO `question_options` (`id`, `question_id`, `label`, `content`, `is_correct`) VALUES (20250130, 2025026, 'E', '[{"type":"text","content":"preocupações com as políticas públicas assistenciais."}]', 0);
--> statement-breakpoint
INSERT INTO `questions` (`id`, `external_id`, `year`, `exam_day`, `booklet`, `official_number`, `language`, `area`, `topic`, `statement`, `content_json`, `support_text`, `source_label`, `source_url`, `image_key`, `asset_bundle_key`, `difficulty`, `answer_status`, `status`, `review_status`, `taxonomy_version`) VALUES (2025027, 'enem-2025-d1-azul-shared-022', 2025, 1, 'azul', 22, NULL, 'Linguagens', 'Prova oficial ENEM 2025', 'TEXTO IA Ilha do Ferro, situada a 18 km do município de Pão de Açúcar, não é uma ilha, como o nome indica. A história do povoado é semelhante à de inúmeros outros que encontramos às margens do Rio São Francisco, entre Alagoas e Sergipe. O que torna diferente o lugar é sua gente. Hoje, dezenas de artistas populares povoam a Ilha do Ferro, trabalhando principalmente com o entalhe em madeira. Onde pessoas comuns enxergariam apenas troncos e galhos retorcidos, eles vislumbram bancos, bonecos, pássaros, cobras e bailarinas. “Às vezes, você passa por um pedaço de madeira uma vez e não vê nada, passa cinco vezes por ele e não vê nada”, conta um dos artistas, “mas, na décima vez, você consegue enxergar alguma forma nesse pedaço de madeira e transformá-lo em arte”.Disponível em: www.imaterial.art.br. Acesso em: 5 fev. 2025 (adaptado).TEXTO II FARIAS, Y. Bailarino entalhado em gravetos de madeira. Artesanato em madeira, 20 × 13 × 51 cm. Ilha do Ferro (AL).Disponível em: www.nidelins.com.br. Acesso em: 5 fev. 2025.A originalidade do trabalho dos artistas da Ilha do Ferro se dá pela', '[{"type":"text","content":"TEXTO IA Ilha do Ferro, situada a 18 km do município de Pão de Açúcar, não é uma ilha, como o nome indica. A história do povoado é semelhante à de inúmeros outros que encontramos às margens do Rio São Francisco, entre Alagoas e Sergipe. O que torna diferente o lugar é sua gente. Hoje, dezenas de artistas populares povoam a Ilha do Ferro, trabalhando principalmente com o entalhe em madeira. Onde pessoas comuns enxergariam apenas troncos e galhos retorcidos, eles vislumbram bancos, bonecos, pássaros, cobras e bailarinas. “Às vezes, você passa por um pedaço de madeira uma vez e não vê nada, passa cinco vezes por ele e não vê nada”, conta um dos artistas, “mas, na décima vez, você consegue enxergar alguma forma nesse pedaço de madeira e transformá-lo em arte”.Disponível em: www.imaterial.art.br. Acesso em: 5 fev. 2025 (adaptado).TEXTO II"},{"type":"image","content":"/enem/2025/dia1/question-22.png"},{"type":"text","content":"FARIAS, Y. Bailarino entalhado em gravetos de madeira. Artesanato em madeira, 20 × 13 × 51 cm. Ilha do Ferro (AL).Disponível em: www.nidelins.com.br. Acesso em: 5 fev. 2025.A originalidade do trabalho dos artistas da Ilha do Ferro se dá pela"}]', NULL, 'INEP · ENEM 2025 · 1º dia · Caderno 1 azul', 'https://download.inep.gov.br/enem/provas_e_gabaritos/2025_PV_impresso_D1_CD1.pdf', '/enem/2025/dia1/question-22.png', 'enem/2025/dia1', 'official', 'valid', 'published', 'imported', 1);
--> statement-breakpoint
INSERT INTO `question_options` (`id`, `question_id`, `label`, `content`, `is_correct`) VALUES (20250131, 2025027, 'A', '[{"type":"text","content":"reutilização de materiais para redução do impacto ambiental."}]', 0);
--> statement-breakpoint
INSERT INTO `question_options` (`id`, `question_id`, `label`, `content`, `is_correct`) VALUES (20250132, 2025027, 'B', '[{"type":"text","content":"ressignificação da matéria-prima atribuindo-lhe nova função."}]', 1);
--> statement-breakpoint
INSERT INTO `question_options` (`id`, `question_id`, `label`, `content`, `is_correct`) VALUES (20250133, 2025027, 'C', '[{"type":"text","content":"reprodução em madeira de modelos artísticos canônicos."}]', 0);
--> statement-breakpoint
INSERT INTO `question_options` (`id`, `question_id`, `label`, `content`, `is_correct`) VALUES (20250134, 2025027, 'D', '[{"type":"text","content":"representação de práticas corporais da comunidade."}]', 0);
--> statement-breakpoint
INSERT INTO `question_options` (`id`, `question_id`, `label`, `content`, `is_correct`) VALUES (20250135, 2025027, 'E', '[{"type":"text","content":"replicação seriada para distribuição em larga escala."}]', 0);
--> statement-breakpoint
INSERT INTO `questions` (`id`, `external_id`, `year`, `exam_day`, `booklet`, `official_number`, `language`, `area`, `topic`, `statement`, `content_json`, `support_text`, `source_label`, `source_url`, `image_key`, `asset_bundle_key`, `difficulty`, `answer_status`, `status`, `review_status`, `taxonomy_version`) VALUES (2025028, 'enem-2025-d1-azul-shared-023', 2025, 1, 'azul', 23, NULL, 'Linguagens', 'Prova oficial ENEM 2025', 'TEXTO IOs trabalhos da exposição Adriana Varejão: suturas, fissuras, ruínas colocam em pauta o exame da história visual, das tradições iconográficas europeias e do fazer artístico ocidental. O corte, a rachadura, o talho e a fissura são elementos de narrativas recorrentes nos trabalhos da artista desde 1992. As produções recentes incluem pinturas tridimensionais de grande escala das séries Ruínas de charque e Línguas.Disponível em: https://pinacoteca.org.br. Acesso em: 10 jan. 2025 (adaptado).TEXTO II VAREJÃO, A. Azulejaria em carne viva. Óleo sobre tela, poliuretano, madeira e alumínio, 160 × 200 × 25 cm. 1999.Disponível em: www.adrianavarejao.net. Acesso em: 10 jan. 2025.A utilização de recursos visuais como suturas, cortes e ruínas por Adriana Varejão, na obra Azulejaria em carne viva, remete à(s)', '[{"type":"text","content":"TEXTO IOs trabalhos da exposição Adriana Varejão: suturas, fissuras, ruínas colocam em pauta o exame da história visual, das tradições iconográficas europeias e do fazer artístico ocidental. O corte, a rachadura, o talho e a fissura são elementos de narrativas recorrentes nos trabalhos da artista desde 1992. As produções recentes incluem pinturas tridimensionais de grande escala das séries Ruínas de charque e Línguas.Disponível em: https://pinacoteca.org.br. Acesso em: 10 jan. 2025 (adaptado).TEXTO II"},{"type":"image","content":"/enem/2025/dia1/question-23.png"},{"type":"text","content":"VAREJÃO, A. Azulejaria em carne viva. Óleo sobre tela, poliuretano, madeira e alumínio, 160 × 200 × 25 cm. 1999.Disponível em: www.adrianavarejao.net. Acesso em: 10 jan. 2025.A utilização de recursos visuais como suturas, cortes e ruínas por Adriana Varejão, na obra Azulejaria em carne viva, remete à(s)"}]', NULL, 'INEP · ENEM 2025 · 1º dia · Caderno 1 azul', 'https://download.inep.gov.br/enem/provas_e_gabaritos/2025_PV_impresso_D1_CD1.pdf', '/enem/2025/dia1/question-23.png', 'enem/2025/dia1', 'official', 'valid', 'published', 'imported', 1);
--> statement-breakpoint
INSERT INTO `question_options` (`id`, `question_id`, `label`, `content`, `is_correct`) VALUES (20250136, 2025028, 'A', '[{"type":"text","content":"sobreposição da cultura brasileira à arte portuguesa."}]', 0);
--> statement-breakpoint
INSERT INTO `question_options` (`id`, `question_id`, `label`, `content`, `is_correct`) VALUES (20250137, 2025028, 'B', '[{"type":"text","content":"manutenção da representação realista na arte brasileira."}]', 0);
--> statement-breakpoint
INSERT INTO `question_options` (`id`, `question_id`, `label`, `content`, `is_correct`) VALUES (20250138, 2025028, 'C', '[{"type":"text","content":"violências desencadeadas pelo processo colonial brasileiro."}]', 1);
--> statement-breakpoint
INSERT INTO `question_options` (`id`, `question_id`, `label`, `content`, `is_correct`) VALUES (20250139, 2025028, 'D', '[{"type":"text","content":"desigualdades nos incentivos à produção artística brasileira."}]', 0);
--> statement-breakpoint
INSERT INTO `question_options` (`id`, `question_id`, `label`, `content`, `is_correct`) VALUES (20250140, 2025028, 'E', '[{"type":"text","content":"negligência na conservação do patrimônio arquitetônico"}]', 0);
--> statement-breakpoint
INSERT INTO `questions` (`id`, `external_id`, `year`, `exam_day`, `booklet`, `official_number`, `language`, `area`, `topic`, `statement`, `content_json`, `support_text`, `source_label`, `source_url`, `image_key`, `asset_bundle_key`, `difficulty`, `answer_status`, `status`, `review_status`, `taxonomy_version`) VALUES (2025029, 'enem-2025-d1-azul-shared-024', 2025, 1, 'azul', 24, NULL, 'Linguagens', 'Prova oficial ENEM 2025', 'Disponível em: www.unicef.org.br. Acesso em: 15 jan. 2024 (adaptado).Nesse cartaz, a utilização de frases que projetam a vida profissional de duas crianças tem como objetivo', '[{"type":"image","content":"/enem/2025/dia1/question-24.png"},{"type":"text","content":"Disponível em: www.unicef.org.br. Acesso em: 15 jan. 2024 (adaptado).Nesse cartaz, a utilização de frases que projetam a vida profissional de duas crianças tem como objetivo"}]', NULL, 'INEP · ENEM 2025 · 1º dia · Caderno 1 azul', 'https://download.inep.gov.br/enem/provas_e_gabaritos/2025_PV_impresso_D1_CD1.pdf', '/enem/2025/dia1/question-24.png', 'enem/2025/dia1', 'official', 'valid', 'published', 'imported', 1);
--> statement-breakpoint
INSERT INTO `question_options` (`id`, `question_id`, `label`, `content`, `is_correct`) VALUES (20250141, 2025029, 'A', '[{"type":"text","content":"sugerir a arrecadação de fundos para o sustento de povos originários no país."}]', 0);
--> statement-breakpoint
INSERT INTO `question_options` (`id`, `question_id`, `label`, `content`, `is_correct`) VALUES (20250142, 2025029, 'B', '[{"type":"text","content":"sensibilizar a sociedade sobre os benefícios decorrentes do combate ao racismo."}]', 1);
--> statement-breakpoint
INSERT INTO `question_options` (`id`, `question_id`, `label`, `content`, `is_correct`) VALUES (20250143, 2025029, 'C', '[{"type":"text","content":"indicar a importância da orientação vocacional na educação de crianças no Brasil."}]', 0);
--> statement-breakpoint
INSERT INTO `question_options` (`id`, `question_id`, `label`, `content`, `is_correct`) VALUES (20250144, 2025029, 'D', '[{"type":"text","content":"chamar a atenção sobre a necessidade de ações voltadas para a educação infantil."}]', 0);
--> statement-breakpoint
INSERT INTO `question_options` (`id`, `question_id`, `label`, `content`, `is_correct`) VALUES (20250145, 2025029, 'E', '[{"type":"text","content":"valorizar o trabalho de agências internacionais na luta contra a discriminação racial."}]', 0);
--> statement-breakpoint
INSERT INTO `questions` (`id`, `external_id`, `year`, `exam_day`, `booklet`, `official_number`, `language`, `area`, `topic`, `statement`, `content_json`, `support_text`, `source_label`, `source_url`, `image_key`, `asset_bundle_key`, `difficulty`, `answer_status`, `status`, `review_status`, `taxonomy_version`) VALUES (2025030, 'enem-2025-d1-azul-shared-025', 2025, 1, 'azul', 25, NULL, 'Linguagens', 'Prova oficial ENEM 2025', 'Passando por aqui para lembrar algumas palavras, frases e expressões que nos infernizaram em 2023. Inclusive passando por aqui. Se você for proativo, vai achar que é o novo normal. Estarão na sua zona de conforto. Mas, se for reativo como eu, vai achar que é uma narrativa que precisa ser ressignificada.É uma questão de empatia. É sobre entregar um discurso mais robusto e empoderado. Sei bem que não tenho lugar de fala para harmonizar certos pontos fora da curva e que preciso aplicar toda a minha resiliência para fazer um realinhamento. O nível de fitness está hoje num sarrafo muito alto.O fato é que acho cringe essas falas fora da caixinha. Aliás, falar cringe já é meio cringe. Preciso usar a superação para me reinventar e entender que resenha não tem mais a ver com futebol, é qualquer papo, desde que latente.Pensando bem, não é tão difícil. Frases feitas são aquelas que entram por um ouvido e saem pelo outro sem um estágio intermediário no cérebro. A boca fala por conta própria, dispensando-nos de pensar. E não tem problema nisso. Ou as ditas frases se incorporam à língua ou morrem e nascem outras. A língua é assim. Simples assim.CASTRO, R. Disponível em: www1.folha.uol.com.br. Acesso em: 3 fev. 2024 (adaptado).Nesse texto, a estratégia empregada para criticar a constante exposição a palavras, frases e expressões automatizadas é o(a)', '[{"type":"text","content":"Passando por aqui para lembrar algumas palavras, frases e expressões que nos infernizaram em 2023. Inclusive passando por aqui. Se você for proativo, vai achar que é o novo normal. Estarão na sua zona de conforto. Mas, se for reativo como eu, vai achar que é uma narrativa que precisa ser ressignificada.É uma questão de empatia. É sobre entregar um discurso mais robusto e empoderado. Sei bem que não tenho lugar de fala para harmonizar certos pontos fora da curva e que preciso aplicar toda a minha resiliência para fazer um realinhamento. O nível de fitness está hoje num sarrafo muito alto.O fato é que acho cringe essas falas fora da caixinha. Aliás, falar cringe já é meio cringe. Preciso usar a superação para me reinventar e entender que resenha não tem mais a ver com futebol, é qualquer papo, desde que latente.Pensando bem, não é tão difícil. Frases feitas são aquelas que entram por um ouvido e saem pelo outro sem um estágio intermediário no cérebro. A boca fala por conta própria, dispensando-nos de pensar. E não tem problema nisso. Ou as ditas frases se incorporam à língua ou morrem e nascem outras. A língua é assim. Simples assim.CASTRO, R. Disponível em: www1.folha.uol.com.br. Acesso em: 3 fev. 2024 (adaptado).Nesse texto, a estratégia empregada para criticar a constante exposição a palavras, frases e expressões automatizadas é o(a)"}]', NULL, 'INEP · ENEM 2025 · 1º dia · Caderno 1 azul', 'https://download.inep.gov.br/enem/provas_e_gabaritos/2025_PV_impresso_D1_CD1.pdf', NULL, 'enem/2025/dia1', 'official', 'valid', 'published', 'imported', 1);
--> statement-breakpoint
INSERT INTO `question_options` (`id`, `question_id`, `label`, `content`, `is_correct`) VALUES (20250146, 2025030, 'A', '[{"type":"text","content":"menção feita à efemeridade de alguns usos linguísticos aleatórios."}]', 0);
--> statement-breakpoint
INSERT INTO `question_options` (`id`, `question_id`, `label`, `content`, `is_correct`) VALUES (20250147, 2025030, 'B', '[{"type":"text","content":"subjetividade marcada pela reflexão que se desenvolve em primeira pessoa."}]', 0);
--> statement-breakpoint
INSERT INTO `question_options` (`id`, `question_id`, `label`, `content`, `is_correct`) VALUES (20250148, 2025030, 'C', '[{"type":"text","content":"efeito estilístico da repetição intencional da palavra “assim” no último parágrafo."}]', 0);
--> statement-breakpoint
INSERT INTO `question_options` (`id`, `question_id`, `label`, `content`, `is_correct`) VALUES (20250149, 2025030, 'D', '[{"type":"text","content":"sedução sugerida pelo envolvimento direto do leitor marcado nos usos de “você” e “sua”."}]', 0);
--> statement-breakpoint
INSERT INTO `question_options` (`id`, `question_id`, `label`, `content`, `is_correct`) VALUES (20250150, 2025030, 'E', '[{"type":"text","content":"humor gerado pelo uso das estruturas linguísticas que são objeto da reflexão desenvolvida."}]', 1);
--> statement-breakpoint
INSERT INTO `questions` (`id`, `external_id`, `year`, `exam_day`, `booklet`, `official_number`, `language`, `area`, `topic`, `statement`, `content_json`, `support_text`, `source_label`, `source_url`, `image_key`, `asset_bundle_key`, `difficulty`, `answer_status`, `status`, `review_status`, `taxonomy_version`) VALUES (2025031, 'enem-2025-d1-azul-shared-026', 2025, 1, 'azul', 26, NULL, 'Linguagens', 'Prova oficial ENEM 2025', 'Revista Língua Portuguesa, n. 31, maio 2008 (adaptado).Esse texto, que apresenta um prato da culinária brasileira, evidencia', '[{"type":"image","content":"/enem/2025/dia1/question-26.png"},{"type":"text","content":"Revista Língua Portuguesa, n. 31, maio 2008 (adaptado).Esse texto, que apresenta um prato da culinária brasileira, evidencia"}]', NULL, 'INEP · ENEM 2025 · 1º dia · Caderno 1 azul', 'https://download.inep.gov.br/enem/provas_e_gabaritos/2025_PV_impresso_D1_CD1.pdf', '/enem/2025/dia1/question-26.png', 'enem/2025/dia1', 'official', 'valid', 'published', 'imported', 1);
--> statement-breakpoint
INSERT INTO `question_options` (`id`, `question_id`, `label`, `content`, `is_correct`) VALUES (20250151, 2025031, 'A', '[{"type":"text","content":"valor afetivo nas nomenclaturas."}]', 0);
--> statement-breakpoint
INSERT INTO `question_options` (`id`, `question_id`, `label`, `content`, `is_correct`) VALUES (20250152, 2025031, 'B', '[{"type":"text","content":"variedade linguística entre regiões."}]', 1);
--> statement-breakpoint
INSERT INTO `question_options` (`id`, `question_id`, `label`, `content`, `is_correct`) VALUES (20250153, 2025031, 'C', '[{"type":"text","content":"disputa regional pelo melhor prato."}]', 0);
--> statement-breakpoint
INSERT INTO `question_options` (`id`, `question_id`, `label`, `content`, `is_correct`) VALUES (20250154, 2025031, 'D', '[{"type":"text","content":"modos de preparo de um mesmo alimento."}]', 0);
--> statement-breakpoint
INSERT INTO `question_options` (`id`, `question_id`, `label`, `content`, `is_correct`) VALUES (20250155, 2025031, 'E', '[{"type":"text","content":"paladares diversificados entre diferentes estados."}]', 0);
--> statement-breakpoint
INSERT INTO `questions` (`id`, `external_id`, `year`, `exam_day`, `booklet`, `official_number`, `language`, `area`, `topic`, `statement`, `content_json`, `support_text`, `source_label`, `source_url`, `image_key`, `asset_bundle_key`, `difficulty`, `answer_status`, `status`, `review_status`, `taxonomy_version`) VALUES (2025032, 'enem-2025-d1-azul-shared-027', 2025, 1, 'azul', 27, NULL, 'Linguagens', 'Prova oficial ENEM 2025', 'A diferença entre briga e luta é a existência de juízes e medalhas? A briga desumaniza o outro e pode até matá-lo. Já na luta, as intenções do outro são consideradas sua proposta combativa e suas habilidades, enfim, sua meta de vencer. Na luta, o desenvolvimento passa pelo contato com a agressividade, a raiva, a frustração, o orgulho, a determinação e a fraqueza. Daí também a luta não ser apenas com o outro, mas consigo mesmo, num combate contra as próprias limitações, sobretudo, contra o próprio orgulho.BARREIRA, C. A briga desumaniza. A luta, não. O Estado de S. Paulo, 22 ago. 2010 (adaptado).Esse texto apresenta as diferenças entre briga e luta, na medida em que aponta o(a)', '[{"type":"text","content":"A diferença entre briga e luta é a existência de juízes e medalhas? A briga desumaniza o outro e pode até matá-lo. Já na luta, as intenções do outro são consideradas sua proposta combativa e suas habilidades, enfim, sua meta de vencer. Na luta, o desenvolvimento passa pelo contato com a agressividade, a raiva, a frustração, o orgulho, a determinação e a fraqueza. Daí também a luta não ser apenas com o outro, mas consigo mesmo, num combate contra as próprias limitações, sobretudo, contra o próprio orgulho.BARREIRA, C. A briga desumaniza. A luta, não. O Estado de S. Paulo, 22 ago. 2010 (adaptado).Esse texto apresenta as diferenças entre briga e luta, na medida em que aponta o(a)"}]', NULL, 'INEP · ENEM 2025 · 1º dia · Caderno 1 azul', 'https://download.inep.gov.br/enem/provas_e_gabaritos/2025_PV_impresso_D1_CD1.pdf', NULL, 'enem/2025/dia1', 'official', 'valid', 'published', 'imported', 1);
--> statement-breakpoint
INSERT INTO `question_options` (`id`, `question_id`, `label`, `content`, `is_correct`) VALUES (20250156, 2025032, 'A', '[{"type":"text","content":"superação pessoal na luta."}]', 1);
--> statement-breakpoint
INSERT INTO `question_options` (`id`, `question_id`, `label`, `content`, `is_correct`) VALUES (20250157, 2025032, 'B', '[{"type":"text","content":"violência evidenciada na luta."}]', 0);
--> statement-breakpoint
INSERT INTO `question_options` (`id`, `question_id`, `label`, `content`, `is_correct`) VALUES (20250158, 2025032, 'C', '[{"type":"text","content":"predomínio de regras na briga."}]', 0);
--> statement-breakpoint
INSERT INTO `question_options` (`id`, `question_id`, `label`, `content`, `is_correct`) VALUES (20250159, 2025032, 'D', '[{"type":"text","content":"desafio externo presente na luta."}]', 0);
--> statement-breakpoint
INSERT INTO `question_options` (`id`, `question_id`, `label`, `content`, `is_correct`) VALUES (20250160, 2025032, 'E', '[{"type":"text","content":"habilidade desenvolvida na briga."}]', 0);
--> statement-breakpoint
INSERT INTO `questions` (`id`, `external_id`, `year`, `exam_day`, `booklet`, `official_number`, `language`, `area`, `topic`, `statement`, `content_json`, `support_text`, `source_label`, `source_url`, `image_key`, `asset_bundle_key`, `difficulty`, `answer_status`, `status`, `review_status`, `taxonomy_version`) VALUES (2025033, 'enem-2025-d1-azul-shared-028', 2025, 1, 'azul', 28, NULL, 'Linguagens', 'Prova oficial ENEM 2025', 'Pequenino mortoTange o sino, tange, numa voz de choro,Numa voz de choro... tão desconsolado...No caixão dourado, como em berço de ouro,Pequenino, levam-te dormindo... Acorda!Olha que te levam para o mesmo ladoDe onde o sino tange numa voz de choro...Pequenino, acorda!Que caminho triste, e que viagem! AlasDe ciprestes negros a gemer no vento;Tanta boca aberta de famintas valasA pedir que as fartem, a esperar que as encham...Pequenino, acorda! Recupera o alento,Foge da cobiça dessas fundas valasA pedir que as encham.CARVALHO, V. Poemas e canções. Rio de Janeiro: Saraiva, 1962 (fragmento).Nesse fragmento do poema, o sentimento de luto adquire contornos expressivos e é intensificado pela', '[{"type":"text","content":"Pequenino mortoTange o sino, tange, numa voz de choro,Numa voz de choro... tão desconsolado...No caixão dourado, como em berço de ouro,Pequenino, levam-te dormindo... Acorda!Olha que te levam para o mesmo ladoDe onde o sino tange numa voz de choro...Pequenino, acorda!Que caminho triste, e que viagem! AlasDe ciprestes negros a gemer no vento;Tanta boca aberta de famintas valasA pedir que as fartem, a esperar que as encham...Pequenino, acorda! Recupera o alento,Foge da cobiça dessas fundas valasA pedir que as encham.CARVALHO, V. Poemas e canções. Rio de Janeiro: Saraiva, 1962 (fragmento).Nesse fragmento do poema, o sentimento de luto adquire contornos expressivos e é intensificado pela"}]', NULL, 'INEP · ENEM 2025 · 1º dia · Caderno 1 azul', 'https://download.inep.gov.br/enem/provas_e_gabaritos/2025_PV_impresso_D1_CD1.pdf', NULL, 'enem/2025/dia1', 'official', 'valid', 'published', 'imported', 1);
--> statement-breakpoint
INSERT INTO `question_options` (`id`, `question_id`, `label`, `content`, `is_correct`) VALUES (20250161, 2025033, 'A', '[{"type":"text","content":"descrição da paisagem de um cemitério."}]', 0);
--> statement-breakpoint
INSERT INTO `question_options` (`id`, `question_id`, `label`, `content`, `is_correct`) VALUES (20250162, 2025033, 'B', '[{"type":"text","content":"recusa do eu lírico à irreversibilidade da morte."}]', 1);
--> statement-breakpoint
INSERT INTO `question_options` (`id`, `question_id`, `label`, `content`, `is_correct`) VALUES (20250163, 2025033, 'C', '[{"type":"text","content":"sonoridade dos versos produzida pela pontuação."}]', 0);
--> statement-breakpoint
INSERT INTO `question_options` (`id`, `question_id`, `label`, `content`, `is_correct`) VALUES (20250164, 2025033, 'D', '[{"type":"text","content":"religiosidade evocada como forma de fortalecimento."}]', 0);
--> statement-breakpoint
INSERT INTO `question_options` (`id`, `question_id`, `label`, `content`, `is_correct`) VALUES (20250165, 2025033, 'E', '[{"type":"text","content":"impressão de sonho na construção da estrutura poética."}]', 0);
--> statement-breakpoint
INSERT INTO `questions` (`id`, `external_id`, `year`, `exam_day`, `booklet`, `official_number`, `language`, `area`, `topic`, `statement`, `content_json`, `support_text`, `source_label`, `source_url`, `image_key`, `asset_bundle_key`, `difficulty`, `answer_status`, `status`, `review_status`, `taxonomy_version`) VALUES (2025034, 'enem-2025-d1-azul-shared-029', 2025, 1, 'azul', 29, NULL, 'Linguagens', 'Prova oficial ENEM 2025', 'Só entende os corações desse lugar quem mergulha nesse mar a perder de vista e recoberto de cana caiana, cana fita, cana roxa, cana-de-macaco, açúcar, melado, rapadura, aguardente, fumo, mandioca, quiabos, pimentas, moendas, frutas, fruta-pão, sobrados, senzalas, tachos, casa de purgar. Um reino dentro de outro, com tudo o que se tem direito: reis, rainhas, príncipes e princesas, bobos da corte, cortesãos, conselheiros e escravos, muitos escravos. […]A corte do massapé, como qualquer outra na história da humanidade, fazia tudo para não deixar escapar nenhum mísero grão dos seus domínios para quem estivesse de fora do seu apertado círculo. Os nomes se repetiam de pai para filho, para sobrinho, para netos e bisnetos, de forma concêntrica e repetitiva, para que não pairasse nenhuma dúvida de que são todos da mesma parentela. As farinhas todas num mesmo saco brasonado.CRUZ, E. A. Água de barrela. Rio de Janeiro: Malê, 2018.Nesse fragmento, o narrador enumera o resultado do trabalho com a terra, o qual, no contexto em que aparece,', '[{"type":"text","content":"Só entende os corações desse lugar quem mergulha nesse mar a perder de vista e recoberto de cana caiana, cana fita, cana roxa, cana-de-macaco, açúcar, melado, rapadura, aguardente, fumo, mandioca, quiabos, pimentas, moendas, frutas, fruta-pão, sobrados, senzalas, tachos, casa de purgar. Um reino dentro de outro, com tudo o que se tem direito: reis, rainhas, príncipes e princesas, bobos da corte, cortesãos, conselheiros e escravos, muitos escravos. […]A corte do massapé, como qualquer outra na história da humanidade, fazia tudo para não deixar escapar nenhum mísero grão dos seus domínios para quem estivesse de fora do seu apertado círculo. Os nomes se repetiam de pai para filho, para sobrinho, para netos e bisnetos, de forma concêntrica e repetitiva, para que não pairasse nenhuma dúvida de que são todos da mesma parentela. As farinhas todas num mesmo saco brasonado.CRUZ, E. A. Água de barrela. Rio de Janeiro: Malê, 2018.Nesse fragmento, o narrador enumera o resultado do trabalho com a terra, o qual, no contexto em que aparece,"}]', NULL, 'INEP · ENEM 2025 · 1º dia · Caderno 1 azul', 'https://download.inep.gov.br/enem/provas_e_gabaritos/2025_PV_impresso_D1_CD1.pdf', NULL, 'enem/2025/dia1', 'official', 'valid', 'published', 'imported', 1);
--> statement-breakpoint
INSERT INTO `question_options` (`id`, `question_id`, `label`, `content`, `is_correct`) VALUES (20250166, 2025034, 'A', '[{"type":"text","content":"espelha a permanência dos privilégios de classe."}]', 1);
--> statement-breakpoint
INSERT INTO `question_options` (`id`, `question_id`, `label`, `content`, `is_correct`) VALUES (20250167, 2025034, 'B', '[{"type":"text","content":"oferece um panorama da população do campo."}]', 0);
--> statement-breakpoint
INSERT INTO `question_options` (`id`, `question_id`, `label`, `content`, `is_correct`) VALUES (20250168, 2025034, 'C', '[{"type":"text","content":"mostra os benefícios da fartura na agricultura."}]', 0);
--> statement-breakpoint
INSERT INTO `question_options` (`id`, `question_id`, `label`, `content`, `is_correct`) VALUES (20250169, 2025034, 'D', '[{"type":"text","content":"defende a importância da atividade coletiva."}]', 0);
--> statement-breakpoint
INSERT INTO `question_options` (`id`, `question_id`, `label`, `content`, `is_correct`) VALUES (20250170, 2025034, 'E', '[{"type":"text","content":"valoriza o trabalho ao longo das gerações."}]', 0);
--> statement-breakpoint
INSERT INTO `questions` (`id`, `external_id`, `year`, `exam_day`, `booklet`, `official_number`, `language`, `area`, `topic`, `statement`, `content_json`, `support_text`, `source_label`, `source_url`, `image_key`, `asset_bundle_key`, `difficulty`, `answer_status`, `status`, `review_status`, `taxonomy_version`) VALUES (2025035, 'enem-2025-d1-azul-shared-030', 2025, 1, 'azul', 30, NULL, 'Linguagens', 'Prova oficial ENEM 2025', 'UrukuUrucumRocou(Bixa orellana)Moju, dono da água, não gosta do cheiro de urucum. Mani’ojarã, dono da mandioca, e os donos das outras plantas cultivadas também não. Eles não suportam. Por isso, os Wajãpi se untam de urucum, deixam o rosto vermelho e se perfumam com seu aroma agradável. Além disso, os seres agressores, os jarã (donos) e os espíritos terrestres, gostam do cheiro dos fluidos humanos, do sangue, do suor. Então, o urucum os dissimula, protegendo as pessoas que vão caçar, caminhar pela floresta, que estão sendo perturbadas por espíritos em sonhos ou que estão em resguardo, como os doentes. O seu uso é tão cotidiano que os Wajãpi o plantam na aldeia, para ter sempre pertinho. Como o urucum não tem jarã, não tem problema nenhum em arrancar e usar para pintar.STRAPPAZZON, A. I.; SIGOLO, R. P. Jardins da história: medicinas indígenas. Recife: ObservaPICS, 2022.Esse verbete contribui para a preservação do patrimônio linguístico nacional, pois apresenta uma', '[{"type":"text","content":"UrukuUrucumRocou(Bixa orellana)Moju, dono da água, não gosta do cheiro de urucum. Mani’ojarã, dono da mandioca, e os donos das outras plantas cultivadas também não. Eles não suportam. Por isso, os Wajãpi se untam de urucum, deixam o rosto vermelho e se perfumam com seu aroma agradável. Além disso, os seres agressores, os jarã (donos) e os espíritos terrestres, gostam do cheiro dos fluidos humanos, do sangue, do suor. Então, o urucum os dissimula, protegendo as pessoas que vão caçar, caminhar pela floresta, que estão sendo perturbadas por espíritos em sonhos ou que estão em resguardo, como os doentes. O seu uso é tão cotidiano que os Wajãpi o plantam na aldeia, para ter sempre pertinho. Como o urucum não tem jarã, não tem problema nenhum em arrancar e usar para pintar.STRAPPAZZON, A. I.; SIGOLO, R. P. Jardins da história: medicinas indígenas. Recife: ObservaPICS, 2022.Esse verbete contribui para a preservação do patrimônio linguístico nacional, pois apresenta uma"}]', NULL, 'INEP · ENEM 2025 · 1º dia · Caderno 1 azul', 'https://download.inep.gov.br/enem/provas_e_gabaritos/2025_PV_impresso_D1_CD1.pdf', NULL, 'enem/2025/dia1', 'official', 'valid', 'published', 'imported', 1);
--> statement-breakpoint
INSERT INTO `question_options` (`id`, `question_id`, `label`, `content`, `is_correct`) VALUES (20250171, 2025035, 'A', '[{"type":"text","content":"explicação de um rito medicinal do povo Wajãpi."}]', 0);
--> statement-breakpoint
INSERT INTO `question_options` (`id`, `question_id`, `label`, `content`, `is_correct`) VALUES (20250172, 2025035, 'B', '[{"type":"text","content":"definição de um termo na perspectiva ancestral indígena."}]', 1);
--> statement-breakpoint
INSERT INTO `question_options` (`id`, `question_id`, `label`, `content`, `is_correct`) VALUES (20250173, 2025035, 'C', '[{"type":"text","content":"relação de equivalência entre vocábulos de diferentes línguas indígenas."}]', 0);
--> statement-breakpoint
INSERT INTO `question_options` (`id`, `question_id`, `label`, `content`, `is_correct`) VALUES (20250174, 2025035, 'D', '[{"type":"text","content":"atualização de saberes tradicionais dos povos indígenas brasileiros."}]', 0);
--> statement-breakpoint
INSERT INTO `question_options` (`id`, `question_id`, `label`, `content`, `is_correct`) VALUES (20250175, 2025035, 'E', '[{"type":"text","content":"descrição das propriedades científicas de plantas silvestres."}]', 0);
--> statement-breakpoint
INSERT INTO `questions` (`id`, `external_id`, `year`, `exam_day`, `booklet`, `official_number`, `language`, `area`, `topic`, `statement`, `content_json`, `support_text`, `source_label`, `source_url`, `image_key`, `asset_bundle_key`, `difficulty`, `answer_status`, `status`, `review_status`, `taxonomy_version`) VALUES (2025036, 'enem-2025-d1-azul-shared-031', 2025, 1, 'azul', 31, NULL, 'Linguagens', 'Prova oficial ENEM 2025', 'MURRAY, R.; KLIGERMAN, E. Teias de afeto e poesia. Disponível em: https://roseanamurray.com. Acesso em: 5 maio 2024.Nesse texto, a autora aborda diferentes sentidos da palavra “rede” para evidenciar', '[{"type":"image","content":"/enem/2025/dia1/question-31.png"},{"type":"text","content":"MURRAY, R.; KLIGERMAN, E. Teias de afeto e poesia. Disponível em: https://roseanamurray.com. Acesso em: 5 maio 2024.Nesse texto, a autora aborda diferentes sentidos da palavra “rede” para evidenciar"}]', NULL, 'INEP · ENEM 2025 · 1º dia · Caderno 1 azul', 'https://download.inep.gov.br/enem/provas_e_gabaritos/2025_PV_impresso_D1_CD1.pdf', '/enem/2025/dia1/question-31.png', 'enem/2025/dia1', 'official', 'valid', 'published', 'imported', 1);
--> statement-breakpoint
INSERT INTO `question_options` (`id`, `question_id`, `label`, `content`, `is_correct`) VALUES (20250176, 2025036, 'A', '[{"type":"text","content":"as formas de comunicação em meios digitais."}]', 0);
--> statement-breakpoint
INSERT INTO `question_options` (`id`, `question_id`, `label`, `content`, `is_correct`) VALUES (20250177, 2025036, 'B', '[{"type":"text","content":"a necessidade de atualização das mídias sociais."}]', 0);
--> statement-breakpoint
INSERT INTO `question_options` (`id`, `question_id`, `label`, `content`, `is_correct`) VALUES (20250178, 2025036, 'C', '[{"type":"text","content":"os conflitos de identidade dos usuários da internet."}]', 0);
--> statement-breakpoint
INSERT INTO `question_options` (`id`, `question_id`, `label`, `content`, `is_correct`) VALUES (20250179, 2025036, 'D', '[{"type":"text","content":"o impacto das tecnologias nas interações humanas."}]', 1);
--> statement-breakpoint
INSERT INTO `question_options` (`id`, `question_id`, `label`, `content`, `is_correct`) VALUES (20250180, 2025036, 'E', '[{"type":"text","content":"os desejos de compartilhar vivências com os amigos."}]', 0);
--> statement-breakpoint
INSERT INTO `questions` (`id`, `external_id`, `year`, `exam_day`, `booklet`, `official_number`, `language`, `area`, `topic`, `statement`, `content_json`, `support_text`, `source_label`, `source_url`, `image_key`, `asset_bundle_key`, `difficulty`, `answer_status`, `status`, `review_status`, `taxonomy_version`) VALUES (2025037, 'enem-2025-d1-azul-shared-032', 2025, 1, 'azul', 32, NULL, 'Linguagens', 'Prova oficial ENEM 2025', 'Muitos pensam que narrativa curta é sinônimo de conto, perdendo de vista gêneros que, por tradição ruim, continuam à margem da nobreza. Acontece que o conto tem uma densidade específica, centrando-se na exemplaridade de um instante da condição humana, sem que essa exemplaridade se refira à valoração moral, já que uma grande mazela pode muito bem exemplificar uma das nossas faces. A crônica não tem essa característica. Conservou a marca do registro circunstancial feito por narrador-repórter que relata um fato para muitos leitores que formam um público determinado.Mas que público é esse? Sendo a crônica uma soma de jornalismo e literatura (daí a imagem do narrador-repórter), dirige-se a uma classe que tem preferência pelo jornal em que ela é publicada, o que significa uma espécie de censura ou, pelo menos, de limitação: a ideologia do veículo corresponde ao interesse dos seus consumidores, direcionados pelos proprietários dos periódicos e/ou pelos editores--chefes da redação. Ocorre ainda o limite de espaço, uma vez que a página comporta várias matérias, o que impõe a cada uma delas um número restrito de laudas, obrigando o redator a explorar, da maneira mais econômica possível, o pequeno espaço de que dispõe. É dessa economia que nasce sua riqueza estrutural.SÁ, J. A crônica. São Paulo: Ática, 1987 (adaptado).De acordo com esse texto, o aspecto tecnológico que influencia a composição do gênero crônica advém da', '[{"type":"text","content":"Muitos pensam que narrativa curta é sinônimo de conto, perdendo de vista gêneros que, por tradição ruim, continuam à margem da nobreza. Acontece que o conto tem uma densidade específica, centrando-se na exemplaridade de um instante da condição humana, sem que essa exemplaridade se refira à valoração moral, já que uma grande mazela pode muito bem exemplificar uma das nossas faces. A crônica não tem essa característica. Conservou a marca do registro circunstancial feito por narrador-repórter que relata um fato para muitos leitores que formam um público determinado.Mas que público é esse? Sendo a crônica uma soma de jornalismo e literatura (daí a imagem do narrador-repórter), dirige-se a uma classe que tem preferência pelo jornal em que ela é publicada, o que significa uma espécie de censura ou, pelo menos, de limitação: a ideologia do veículo corresponde ao interesse dos seus consumidores, direcionados pelos proprietários dos periódicos e/ou pelos editores--chefes da redação. Ocorre ainda o limite de espaço, uma vez que a página comporta várias matérias, o que impõe a cada uma delas um número restrito de laudas, obrigando o redator a explorar, da maneira mais econômica possível, o pequeno espaço de que dispõe. É dessa economia que nasce sua riqueza estrutural.SÁ, J. A crônica. São Paulo: Ática, 1987 (adaptado).De acordo com esse texto, o aspecto tecnológico que influencia a composição do gênero crônica advém da"}]', NULL, 'INEP · ENEM 2025 · 1º dia · Caderno 1 azul', 'https://download.inep.gov.br/enem/provas_e_gabaritos/2025_PV_impresso_D1_CD1.pdf', NULL, 'enem/2025/dia1', 'official', 'valid', 'published', 'imported', 1);
--> statement-breakpoint
INSERT INTO `question_options` (`id`, `question_id`, `label`, `content`, `is_correct`) VALUES (20250181, 2025037, 'A', '[{"type":"text","content":"conexão ideológica."}]', 0);
--> statement-breakpoint
INSERT INTO `question_options` (`id`, `question_id`, `label`, `content`, `is_correct`) VALUES (20250182, 2025037, 'B', '[{"type":"text","content":"densidade temática."}]', 0);
--> statement-breakpoint
INSERT INTO `question_options` (`id`, `question_id`, `label`, `content`, `is_correct`) VALUES (20250183, 2025037, 'C', '[{"type":"text","content":"ênfase no público leitor."}]', 0);
--> statement-breakpoint
INSERT INTO `question_options` (`id`, `question_id`, `label`, `content`, `is_correct`) VALUES (20250184, 2025037, 'D', '[{"type":"text","content":"apresentação de uma moral."}]', 0);
--> statement-breakpoint
INSERT INTO `question_options` (`id`, `question_id`, `label`, `content`, `is_correct`) VALUES (20250185, 2025037, 'E', '[{"type":"text","content":"restrição espacial do suporte."}]', 1);
--> statement-breakpoint
INSERT INTO `questions` (`id`, `external_id`, `year`, `exam_day`, `booklet`, `official_number`, `language`, `area`, `topic`, `statement`, `content_json`, `support_text`, `source_label`, `source_url`, `image_key`, `asset_bundle_key`, `difficulty`, `answer_status`, `status`, `review_status`, `taxonomy_version`) VALUES (2025038, 'enem-2025-d1-azul-shared-033', 2025, 1, 'azul', 33, NULL, 'Linguagens', 'Prova oficial ENEM 2025', 'Disponível em: www.tjdft.jus.br. Acesso em: 15 out. 2024 (adaptado).Esse texto trata de um problema social com o propósito de', '[{"type":"image","content":"/enem/2025/dia1/question-33.png"},{"type":"text","content":"Disponível em: www.tjdft.jus.br. Acesso em: 15 out. 2024 (adaptado).Esse texto trata de um problema social com o propósito de"}]', NULL, 'INEP · ENEM 2025 · 1º dia · Caderno 1 azul', 'https://download.inep.gov.br/enem/provas_e_gabaritos/2025_PV_impresso_D1_CD1.pdf', '/enem/2025/dia1/question-33.png', 'enem/2025/dia1', 'official', 'valid', 'published', 'imported', 1);
--> statement-breakpoint
INSERT INTO `question_options` (`id`, `question_id`, `label`, `content`, `is_correct`) VALUES (20250186, 2025038, 'A', '[{"type":"text","content":"divulgar campanha virtual contra casos de feminicídio."}]', 0);
--> statement-breakpoint
INSERT INTO `question_options` (`id`, `question_id`, `label`, `content`, `is_correct`) VALUES (20250187, 2025038, 'B', '[{"type":"text","content":"promover engajamento do setor educacional na luta contra a violência."}]', 1);
--> statement-breakpoint
INSERT INTO `question_options` (`id`, `question_id`, `label`, `content`, `is_correct`) VALUES (20250188, 2025038, 'C', '[{"type":"text","content":"comparar o impacto da violência na qualidade de vida de meninas e meninos."}]', 0);
--> statement-breakpoint
INSERT INTO `question_options` (`id`, `question_id`, `label`, `content`, `is_correct`) VALUES (20250189, 2025038, 'D', '[{"type":"text","content":"ressaltar a importância da segurança dos estudantes no ambiente escolar."}]', 0);
--> statement-breakpoint
INSERT INTO `question_options` (`id`, `question_id`, `label`, `content`, `is_correct`) VALUES (20250190, 2025038, 'E', '[{"type":"text","content":"dar visibilidade a estudos e pesquisas do setor de segurança."}]', 0);
--> statement-breakpoint
INSERT INTO `questions` (`id`, `external_id`, `year`, `exam_day`, `booklet`, `official_number`, `language`, `area`, `topic`, `statement`, `content_json`, `support_text`, `source_label`, `source_url`, `image_key`, `asset_bundle_key`, `difficulty`, `answer_status`, `status`, `review_status`, `taxonomy_version`) VALUES (2025039, 'enem-2025-d1-azul-shared-034', 2025, 1, 'azul', 34, NULL, 'Linguagens', 'Prova oficial ENEM 2025', 'Disponível em: https://revistagalileu.globo.com. Acesso em: 18 jun. 2024 (adaptado).Com base na relação dos elementos não verbais com a frase “VOCÊ (NÃO) ESTÁ SOZINHO”, nessa capa de revista, a função poética fica evidente, pois', '[{"type":"image","content":"/enem/2025/dia1/question-34.png"},{"type":"text","content":"Disponível em: https://revistagalileu.globo.com. Acesso em: 18 jun. 2024 (adaptado).Com base na relação dos elementos não verbais com a frase “VOCÊ (NÃO) ESTÁ SOZINHO”, nessa capa de revista, a função poética fica evidente, pois"}]', NULL, 'INEP · ENEM 2025 · 1º dia · Caderno 1 azul', 'https://download.inep.gov.br/enem/provas_e_gabaritos/2025_PV_impresso_D1_CD1.pdf', '/enem/2025/dia1/question-34.png', 'enem/2025/dia1', 'official', 'valid', 'published', 'imported', 1);
--> statement-breakpoint
INSERT INTO `question_options` (`id`, `question_id`, `label`, `content`, `is_correct`) VALUES (20250191, 2025039, 'A', '[{"type":"text","content":"essa frase informa sobre os riscos de um determinado comportamento social."}]', 0);
--> statement-breakpoint
INSERT INTO `question_options` (`id`, `question_id`, `label`, `content`, `is_correct`) VALUES (20250192, 2025039, 'B', '[{"type":"text","content":"o conteúdo da mensagem expressa a atitude do enunciador sobre o tema."}]', 0);
--> statement-breakpoint
INSERT INTO `question_options` (`id`, `question_id`, `label`, `content`, `is_correct`) VALUES (20250193, 2025039, 'C', '[{"type":"text","content":"a construção dessa frase possibilita mais de uma interpretação."}]', 1);
--> statement-breakpoint
INSERT INTO `question_options` (`id`, `question_id`, `label`, `content`, `is_correct`) VALUES (20250194, 2025039, 'D', '[{"type":"text","content":"essa frase estabelece um diálogo direto com o leitor."}]', 0);
--> statement-breakpoint
INSERT INTO `question_options` (`id`, `question_id`, `label`, `content`, `is_correct`) VALUES (20250195, 2025039, 'E', '[{"type":"text","content":"a linguagem utilizada volta-se para si mesma."}]', 0);
--> statement-breakpoint
INSERT INTO `questions` (`id`, `external_id`, `year`, `exam_day`, `booklet`, `official_number`, `language`, `area`, `topic`, `statement`, `content_json`, `support_text`, `source_label`, `source_url`, `image_key`, `asset_bundle_key`, `difficulty`, `answer_status`, `status`, `review_status`, `taxonomy_version`) VALUES (2025040, 'enem-2025-d1-azul-shared-035', 2025, 1, 'azul', 35, NULL, 'Linguagens', 'Prova oficial ENEM 2025', 'Margot Robbie foi criticada por “não ser bonita o suficiente” para interpretar a Barbie. Recentemente, Paolla Oliveira foi chamada de gorda. Só fico pensando o que serei eu com mais de 50 (também no peso), com a minha aparência comum. O corpo da mulher vive um reality show permanente: é sempre vigiado e fiscalizado, como se fosse domínio público. A mulher que não atender aos estereótipos está sujeita a sofrer penalidades básicas, como distúrbios, obsessões, medo do próprio corpo e, é claro, dietas à base de rúcula. “A dieta é o sedativo político mais potente na história das mulheres”, escreveu Naomi Wolf, em 1991. A regra é não haver singularidade, mascarar a passagem do tempo, imobilizar a beleza (já imaginou como isso seria enfadonho?). O mandamento é obedecer às regras sociais do bom comportamento corporal, “como deve ser”, não nos atos, mas na forma.KORICH, B. S. Disponível em: www1.folha.uol.com.br. Acesso em: 22 jan. 2024 (adaptado).Nesse texto, para introduzir a ideia de que a fiscalização permanente sobre o corpo afeta todas as mulheres, a autora', '[{"type":"text","content":"Margot Robbie foi criticada por “não ser bonita o suficiente” para interpretar a Barbie. Recentemente, Paolla Oliveira foi chamada de gorda. Só fico pensando o que serei eu com mais de 50 (também no peso), com a minha aparência comum. O corpo da mulher vive um reality show permanente: é sempre vigiado e fiscalizado, como se fosse domínio público. A mulher que não atender aos estereótipos está sujeita a sofrer penalidades básicas, como distúrbios, obsessões, medo do próprio corpo e, é claro, dietas à base de rúcula. “A dieta é o sedativo político mais potente na história das mulheres”, escreveu Naomi Wolf, em 1991. A regra é não haver singularidade, mascarar a passagem do tempo, imobilizar a beleza (já imaginou como isso seria enfadonho?). O mandamento é obedecer às regras sociais do bom comportamento corporal, “como deve ser”, não nos atos, mas na forma.KORICH, B. S. Disponível em: www1.folha.uol.com.br. Acesso em: 22 jan. 2024 (adaptado).Nesse texto, para introduzir a ideia de que a fiscalização permanente sobre o corpo afeta todas as mulheres, a autora"}]', NULL, 'INEP · ENEM 2025 · 1º dia · Caderno 1 azul', 'https://download.inep.gov.br/enem/provas_e_gabaritos/2025_PV_impresso_D1_CD1.pdf', NULL, 'enem/2025/dia1', 'official', 'valid', 'published', 'imported', 1);
--> statement-breakpoint
INSERT INTO `question_options` (`id`, `question_id`, `label`, `content`, `is_correct`) VALUES (20250196, 2025040, 'A', '[{"type":"text","content":"faz um comentário sobre sua própria imagem."}]', 0);
--> statement-breakpoint
INSERT INTO `question_options` (`id`, `question_id`, `label`, `content`, `is_correct`) VALUES (20250197, 2025040, 'B', '[{"type":"text","content":"destaca avaliações particulares entre parênteses."}]', 0);
--> statement-breakpoint
INSERT INTO `question_options` (`id`, `question_id`, `label`, `content`, `is_correct`) VALUES (20250198, 2025040, 'C', '[{"type":"text","content":"cita um formato de programa influente no segmento da beleza."}]', 0);
--> statement-breakpoint
INSERT INTO `question_options` (`id`, `question_id`, `label`, `content`, `is_correct`) VALUES (20250199, 2025040, 'D', '[{"type":"text","content":"utiliza declaração de uma jornalista como argumento de autoridade."}]', 0);
--> statement-breakpoint
INSERT INTO `question_options` (`id`, `question_id`, `label`, `content`, `is_correct`) VALUES (20250200, 2025040, 'E', '[{"type":"text","content":"enumera críticas à aparência de mulheres consideradas"}]', 1);
--> statement-breakpoint
INSERT INTO `questions` (`id`, `external_id`, `year`, `exam_day`, `booklet`, `official_number`, `language`, `area`, `topic`, `statement`, `content_json`, `support_text`, `source_label`, `source_url`, `image_key`, `asset_bundle_key`, `difficulty`, `answer_status`, `status`, `review_status`, `taxonomy_version`) VALUES (2025041, 'enem-2025-d1-azul-shared-036', 2025, 1, 'azul', 36, NULL, 'Linguagens', 'Prova oficial ENEM 2025', 'I: o nome do filme é roupa suja ... eu assisti na minha casa ... com minha mãe ... tinha um ... o filme era sobre um homem que colocaram ... trocaram as bolsas ... daí o homem levou uma bolsa cheia de dinheiro sem ele saber que na mala dele ... pensando que era dele mas era errada ... quando ele chegou onde ele ia trabalhar ... tinha uma moça tentando abrir a porta pra fazer entrevista com uns cantores lá que tinham ... daí ele perguntou ... “você tá tentando abrir a porta?”... daí ele ... “não ... não” ... daí ele disse ... “ah ... tá ... sim” ... daí ela ... “é ... e quero fazer uma entrevista” ... daí ele disse ... “você quer entrar ... então pode entrar” ... daí entraram ... daí ficaram lá ... quando ela entrou e queria fazer a entrevista um homem num deixou ... daí a mulher pegou ... subiu onde o homem tava trabalhando ... rapaz né ... onde ele tava trabalhando e ficou lá e dando o show ...CUNHA, M. A. F. Corpus discurso & gramática: a língua falada e escrita na cidade de Natal. Disponível em: https://deg.uff.br. Acesso em: 4 dez. 2024 (adaptado).Nesse texto, a repetição da forma “daí” revela', '[{"type":"text","content":"I: o nome do filme é roupa suja ... eu assisti na minha casa ... com minha mãe ... tinha um ... o filme era sobre um homem que colocaram ... trocaram as bolsas ... daí o homem levou uma bolsa cheia de dinheiro sem ele saber que na mala dele ... pensando que era dele mas era errada ... quando ele chegou onde ele ia trabalhar ... tinha uma moça tentando abrir a porta pra fazer entrevista com uns cantores lá que tinham ... daí ele perguntou ... “você tá tentando abrir a porta?”... daí ele ... “não ... não” ... daí ele disse ... “ah ... tá ... sim” ... daí ela ... “é ... e quero fazer uma entrevista” ... daí ele disse ... “você quer entrar ... então pode entrar” ... daí entraram ... daí ficaram lá ... quando ela entrou e queria fazer a entrevista um homem num deixou ... daí a mulher pegou ... subiu onde o homem tava trabalhando ... rapaz né ... onde ele tava trabalhando e ficou lá e dando o show ...CUNHA, M. A. F. Corpus discurso & gramática: a língua falada e escrita na cidade de Natal. Disponível em: https://deg.uff.br. Acesso em: 4 dez. 2024 (adaptado).Nesse texto, a repetição da forma “daí” revela"}]', NULL, 'INEP · ENEM 2025 · 1º dia · Caderno 1 azul', 'https://download.inep.gov.br/enem/provas_e_gabaritos/2025_PV_impresso_D1_CD1.pdf', NULL, 'enem/2025/dia1', 'official', 'valid', 'published', 'imported', 1);
--> statement-breakpoint
INSERT INTO `question_options` (`id`, `question_id`, `label`, `content`, `is_correct`) VALUES (20250201, 2025041, 'A', '[{"type":"text","content":"a necessidade de adequação ao interlocutor."}]', 0);
--> statement-breakpoint
INSERT INTO `question_options` (`id`, `question_id`, `label`, `content`, `is_correct`) VALUES (20250202, 2025041, 'B', '[{"type":"text","content":"a origem regional do locutor."}]', 0);
--> statement-breakpoint
INSERT INTO `question_options` (`id`, `question_id`, `label`, `content`, `is_correct`) VALUES (20250203, 2025041, 'C', '[{"type":"text","content":"a escolaridade do falante."}]', 0);
--> statement-breakpoint
INSERT INTO `question_options` (`id`, `question_id`, `label`, `content`, `is_correct`) VALUES (20250204, 2025041, 'D', '[{"type":"text","content":"uma estratégia presente na linguagem oral."}]', 1);
--> statement-breakpoint
INSERT INTO `question_options` (`id`, `question_id`, `label`, `content`, `is_correct`) VALUES (20250205, 2025041, 'E', '[{"type":"text","content":"uma ênfase em determinadas partes do discurso."}]', 0);
--> statement-breakpoint
INSERT INTO `questions` (`id`, `external_id`, `year`, `exam_day`, `booklet`, `official_number`, `language`, `area`, `topic`, `statement`, `content_json`, `support_text`, `source_label`, `source_url`, `image_key`, `asset_bundle_key`, `difficulty`, `answer_status`, `status`, `review_status`, `taxonomy_version`) VALUES (2025042, 'enem-2025-d1-azul-shared-037', 2025, 1, 'azul', 37, NULL, 'Linguagens', 'Prova oficial ENEM 2025', 'TEXTO IOs Doze Trabalhos de HérculesHércules é uma figura lendária da mitologia greco-romana. Ele é frequentemente retratado como um herói de força sobre-humana e coragem, filho de Zeus, o rei dos deuses, e Alcmena, uma mulher mortal. O episódio mais conhecido de Hércules é a realização dos Doze Trabalhos.Esses trabalhos são impostos a ele como uma forma de expiação pelos crimes cometidos durante um acesso de loucura, causado pela deusa Hera, esposa de Zeus. Os Doze Trabalhos são: matar o Leão de Nemeia; matar a Hidra de Lerna; capturar a corça de Cerineia; capturar o javali de Erimanto; limpar os estábulos de Áugias; matar as aves do lago Estínfalo; matar o touro de Creta; capturar os cavalos de Diomedes; roubar o cinturão de Hipólita, a rainha das Amazonas; capturar o gado de Gerião; capturar os pomos de ouro do Jardim das Hespérides; capturar o cão de Hades, Cérbero.HERTEL, R. Mitologia. Disponível em: https://osmelhoreslivros.com.br. Acesso em: 4 jun. 2025 (adaptado).TEXTO IIOs Doze TrabalhosO que lhe faltava de estudo lhe sobrava de boa vontade e inteligência. No escritório improvisado na salinha da casa, anunciava seus serviços de bombeiro hidráulico e eletricista. Nas horas vagas entregava panfletos e lavava carros. Quando a cidade fervia com alguma festa, postava-se à entrada vendendo cerveja. Se fosse algum show infantil, cocadas. Aos sábados, era pedreiro e, aos domingos, conservava um jardim de uma mansão, além de tratar da piscina e dos cachorros. Nas férias, abrigava-se na fazenda dos donos da mansão, onde trabalhava como caseiro e motorista. Seu nome: João Antonio da Silva. Mas pode chamar de Hércules.FERREIRA, G. V. Os doze trabalhos. Disponível em: www.minicontos.com.br. Acesso em: 15 jul. 2015 (adaptado).A comparação entre os textos I e II indica que o(a)', '[{"type":"text","content":"TEXTO IOs Doze Trabalhos de HérculesHércules é uma figura lendária da mitologia greco-romana. Ele é frequentemente retratado como um herói de força sobre-humana e coragem, filho de Zeus, o rei dos deuses, e Alcmena, uma mulher mortal. O episódio mais conhecido de Hércules é a realização dos Doze Trabalhos.Esses trabalhos são impostos a ele como uma forma de expiação pelos crimes cometidos durante um acesso de loucura, causado pela deusa Hera, esposa de Zeus. Os Doze Trabalhos são: matar o Leão de Nemeia; matar a Hidra de Lerna; capturar a corça de Cerineia; capturar o javali de Erimanto; limpar os estábulos de Áugias; matar as aves do lago Estínfalo; matar o touro de Creta; capturar os cavalos de Diomedes; roubar o cinturão de Hipólita, a rainha das Amazonas; capturar o gado de Gerião; capturar os pomos de ouro do Jardim das Hespérides; capturar o cão de Hades, Cérbero.HERTEL, R. Mitologia. Disponível em: https://osmelhoreslivros.com.br. Acesso em: 4 jun. 2025 (adaptado).TEXTO IIOs Doze TrabalhosO que lhe faltava de estudo lhe sobrava de boa vontade e inteligência. No escritório improvisado na salinha da casa, anunciava seus serviços de bombeiro hidráulico e eletricista. Nas horas vagas entregava panfletos e lavava carros. Quando a cidade fervia com alguma festa, postava-se à entrada vendendo cerveja. Se fosse algum show infantil, cocadas. Aos sábados, era pedreiro e, aos domingos, conservava um jardim de uma mansão, além de tratar da piscina e dos cachorros. Nas férias, abrigava-se na fazenda dos donos da mansão, onde trabalhava como caseiro e motorista. Seu nome: João Antonio da Silva. Mas pode chamar de Hércules.FERREIRA, G. V. Os doze trabalhos. Disponível em: www.minicontos.com.br. Acesso em: 15 jul. 2015 (adaptado).A comparação entre os textos I e II indica que o(a)"}]', NULL, 'INEP · ENEM 2025 · 1º dia · Caderno 1 azul', 'https://download.inep.gov.br/enem/provas_e_gabaritos/2025_PV_impresso_D1_CD1.pdf', NULL, 'enem/2025/dia1', 'official', 'valid', 'published', 'imported', 1);
--> statement-breakpoint
INSERT INTO `question_options` (`id`, `question_id`, `label`, `content`, `is_correct`) VALUES (20250206, 2025042, 'A', '[{"type":"text","content":"intertextualidade com o mito apresentado no Texto I é um recurso presente no Texto II."}]', 1);
--> statement-breakpoint
INSERT INTO `question_options` (`id`, `question_id`, `label`, `content`, `is_correct`) VALUES (20250207, 2025042, 'B', '[{"type":"text","content":"narração de fatos do Texto II sintetiza os acontecimentos retratados no Texto I."}]', 0);
--> statement-breakpoint
INSERT INTO `question_options` (`id`, `question_id`, `label`, `content`, `is_correct`) VALUES (20250208, 2025042, 'C', '[{"type":"text","content":"vocabulário empregado no Texto II é ancorado em conhecimento literário."}]', 0);
--> statement-breakpoint
INSERT INTO `question_options` (`id`, `question_id`, `label`, `content`, `is_correct`) VALUES (20250209, 2025042, 'D', '[{"type":"text","content":"tema do trabalho como reparação é abordado em ambos os textos."}]', 0);
--> statement-breakpoint
INSERT INTO `question_options` (`id`, `question_id`, `label`, `content`, `is_correct`) VALUES (20250210, 2025042, 'E', '[{"type":"text","content":"marcação temporal no passado predomina em ambos os textos."}]', 0);
--> statement-breakpoint
INSERT INTO `questions` (`id`, `external_id`, `year`, `exam_day`, `booklet`, `official_number`, `language`, `area`, `topic`, `statement`, `content_json`, `support_text`, `source_label`, `source_url`, `image_key`, `asset_bundle_key`, `difficulty`, `answer_status`, `status`, `review_status`, `taxonomy_version`) VALUES (2025043, 'enem-2025-d1-azul-shared-038', 2025, 1, 'azul', 38, NULL, 'Linguagens', 'Prova oficial ENEM 2025', '123456789O mais assustador do meteoro que cruzou o céu da Sibéria e explodiu no ar como várias bombas atômicas é que ele chegou sem ser anunciado. Com todas as atenções voltadas para o outro asteroide, o que passou de raspão, o asteroide da Sibéria entrou pela porta dos fundos sem ser detectado. A desculpa é que era pequeno demais para chamar a atenção e por isso os alarmes não funcionaram. Nossa ilusão, até agora, era que qualquer detrito espacial que se aproximasse de nós seria identificado e rotulado, e sua trajetória calculada até o último milímetro com grande antecedência, o que nos daria tempo para preparar o espírito — ou usar nossos cartões de crédito até o limite — no caso da colisão com a Terra ser inevitável.VERISSIMO, L. F. Disponível em: www.estadao.com.br. Acesso em: 1 mar. 2013.Com base na organização coesiva desse texto, o(a)', '[{"type":"text","content":"123456789O mais assustador do meteoro que cruzou o céu da Sibéria e explodiu no ar como várias bombas atômicas é que ele chegou sem ser anunciado. Com todas as atenções voltadas para o outro asteroide, o que passou de raspão, o asteroide da Sibéria entrou pela porta dos fundos sem ser detectado. A desculpa é que era pequeno demais para chamar a atenção e por isso os alarmes não funcionaram. Nossa ilusão, até agora, era que qualquer detrito espacial que se aproximasse de nós seria identificado e rotulado, e sua trajetória calculada até o último milímetro com grande antecedência, o que nos daria tempo para preparar o espírito — ou usar nossos cartões de crédito até o limite — no caso da colisão com a Terra ser inevitável.VERISSIMO, L. F. Disponível em: www.estadao.com.br. Acesso em: 1 mar. 2013.Com base na organização coesiva desse texto, o(a)"}]', NULL, 'INEP · ENEM 2025 · 1º dia · Caderno 1 azul', 'https://download.inep.gov.br/enem/provas_e_gabaritos/2025_PV_impresso_D1_CD1.pdf', NULL, 'enem/2025/dia1', 'official', 'valid', 'published', 'imported', 1);
--> statement-breakpoint
INSERT INTO `question_options` (`id`, `question_id`, `label`, `content`, `is_correct`) VALUES (20250211, 2025043, 'A', '[{"type":"text","content":"oração “que passou de raspão” (l. 3) refere-se ao “meteoro que cruzou o céu da Sibéria” (l. 1)."}]', 0);
--> statement-breakpoint
INSERT INTO `question_options` (`id`, `question_id`, `label`, `content`, `is_correct`) VALUES (20250212, 2025043, 'B', '[{"type":"text","content":"expressão “sua trajetória” (l. 6) refere-se ao elemento textual “qualquer detrito espacial” (l. 5-6)."}]', 1);
--> statement-breakpoint
INSERT INTO `question_options` (`id`, `question_id`, `label`, `content`, `is_correct`) VALUES (20250213, 2025043, 'C', '[{"type":"text","content":"palavra “isso” (l. 5) remete ao segmento textual posterior “os alarmes não funcionaram” (l. 5)."}]', 0);
--> statement-breakpoint
INSERT INTO `question_options` (`id`, `question_id`, `label`, `content`, `is_correct`) VALUES (20250214, 2025043, 'D', '[{"type":"text","content":"pronome “o” em “o que nos daria tempo” (l. 7) remete a “ou usar nossos cartões de crédito” (l. 8)."}]', 0);
--> statement-breakpoint
INSERT INTO `question_options` (`id`, `question_id`, `label`, `content`, `is_correct`) VALUES (20250215, 2025043, 'E', '[{"type":"text","content":"fragmento “o asteroide da Sibéria” ("}]', 0);
--> statement-breakpoint
INSERT INTO `questions` (`id`, `external_id`, `year`, `exam_day`, `booklet`, `official_number`, `language`, `area`, `topic`, `statement`, `content_json`, `support_text`, `source_label`, `source_url`, `image_key`, `asset_bundle_key`, `difficulty`, `answer_status`, `status`, `review_status`, `taxonomy_version`) VALUES (2025044, 'enem-2025-d1-azul-shared-039', 2025, 1, 'azul', 39, NULL, 'Linguagens', 'Prova oficial ENEM 2025', 'Do rádio ao podcastDesde a disseminação do rádio no Brasil, entre as décadas de 1920 e 1930, principalmente no governo de Getúlio Vargas, as pessoas passaram a dedicar uma parte de seu dia para escutar notícias, novelas, músicas e eventos esportivos em aparelhos de som. O radiojornalismo, por sua vez, teve seu pontapé inicial durante a Revolução Constitucionalista (1932) e se desenvolveu durante a Segunda Guerra Mundial (1939-1945).Quando a TV surgiu, esperava-se que o rádio fosse totalmente substituído, porém ele se manteve em alta, pois o sinal de televisão não cobria todos os lugares, diferentemente do rádio. Com o surgimento da internet, dos smartphones e de outros dispositivos móveis, o rádio foi incorporado a essas novas tecnologias até o desenvolvimento da web rádio e do podcast, mostrando-se um meio de comunicação versátil e democrático na área jornalística.Para um pesquisador da Universidade Federal de Uberlândia (UFU), o rádio não se tornou obsoleto, visto que não deixou de ser consumido e se reinventou com o tempo. “O podcast é uma continuação, uma evolução natural do rádio”, opina.ALVES, A.; ALVES, C. Disponível em: https://comunica.ufu.br. Acesso em: 19 abr. 2024 (adaptado).Ao abordar a trajetória dos meios de comunicação, esse texto propõe uma reflexão sobre a', '[{"type":"text","content":"Do rádio ao podcastDesde a disseminação do rádio no Brasil, entre as décadas de 1920 e 1930, principalmente no governo de Getúlio Vargas, as pessoas passaram a dedicar uma parte de seu dia para escutar notícias, novelas, músicas e eventos esportivos em aparelhos de som. O radiojornalismo, por sua vez, teve seu pontapé inicial durante a Revolução Constitucionalista (1932) e se desenvolveu durante a Segunda Guerra Mundial (1939-1945).Quando a TV surgiu, esperava-se que o rádio fosse totalmente substituído, porém ele se manteve em alta, pois o sinal de televisão não cobria todos os lugares, diferentemente do rádio. Com o surgimento da internet, dos smartphones e de outros dispositivos móveis, o rádio foi incorporado a essas novas tecnologias até o desenvolvimento da web rádio e do podcast, mostrando-se um meio de comunicação versátil e democrático na área jornalística.Para um pesquisador da Universidade Federal de Uberlândia (UFU), o rádio não se tornou obsoleto, visto que não deixou de ser consumido e se reinventou com o tempo. “O podcast é uma continuação, uma evolução natural do rádio”, opina.ALVES, A.; ALVES, C. Disponível em: https://comunica.ufu.br. Acesso em: 19 abr. 2024 (adaptado).Ao abordar a trajetória dos meios de comunicação, esse texto propõe uma reflexão sobre a"}]', NULL, 'INEP · ENEM 2025 · 1º dia · Caderno 1 azul', 'https://download.inep.gov.br/enem/provas_e_gabaritos/2025_PV_impresso_D1_CD1.pdf', NULL, 'enem/2025/dia1', 'official', 'valid', 'published', 'imported', 1);
--> statement-breakpoint
INSERT INTO `question_options` (`id`, `question_id`, `label`, `content`, `is_correct`) VALUES (20250216, 2025044, 'A', '[{"type":"text","content":"tecnologia digital e seus desdobramentos no desenvolvimento da televisão."}]', 0);
--> statement-breakpoint
INSERT INTO `question_options` (`id`, `question_id`, `label`, `content`, `is_correct`) VALUES (20250217, 2025044, 'B', '[{"type":"text","content":"evolução da tecnologia digital com o predomínio do podcast sobre o rádio."}]', 0);
--> statement-breakpoint
INSERT INTO `question_options` (`id`, `question_id`, `label`, `content`, `is_correct`) VALUES (20250218, 2025044, 'C', '[{"type":"text","content":"permanência do rádio e sua evolução por meio da tecnologia digital."}]', 1);
--> statement-breakpoint
INSERT INTO `question_options` (`id`, `question_id`, `label`, `content`, `is_correct`) VALUES (20250219, 2025044, 'D', '[{"type":"text","content":"influência da televisão sobre os programas de radiojornalismo."}]', 0);
--> statement-breakpoint
INSERT INTO `question_options` (`id`, `question_id`, `label`, `content`, `is_correct`) VALUES (20250220, 2025044, 'E', '[{"type":"text","content":"interferência da tecnologia digital nas interações humanas."}]', 0);
--> statement-breakpoint
INSERT INTO `questions` (`id`, `external_id`, `year`, `exam_day`, `booklet`, `official_number`, `language`, `area`, `topic`, `statement`, `content_json`, `support_text`, `source_label`, `source_url`, `image_key`, `asset_bundle_key`, `difficulty`, `answer_status`, `status`, `review_status`, `taxonomy_version`) VALUES (2025045, 'enem-2025-d1-azul-shared-040', 2025, 1, 'azul', 40, NULL, 'Linguagens', 'Prova oficial ENEM 2025', 'Desenvolvendo-se nesse meio, é natural que Celina, filha mais velha de D. Adozinda, tivesse seus pequenos flirts com alguns desses rapazes, muito íntimos da casa e trazendo-lhe da cidade presentes de doces, de balas de ovo, de jornais ilustrados ou de frutas.As irmãs mais novas iam ao colégio; ela ficava, enchendo o tempo com uns crochês vagarosos, costuras leves, a leitura dos folhetins dos jornais; e o Gilberto, que raramente saía, andava sempre ao seu lado, muito caído por esse tipo um pouco mórbido de menina anêmica [...].O Gilberto não valia nada, mas quem sabe se apareceria outro, simplório e sincero como ele? E a filha, com os seus dezessete anos, começava a embaraçá-la um pouco, nesse difícil papel de virgem numa casa de pensão, cheia de rapazes. Ora, o melhor era esperar, dar tempo ao tempo... E o Gilberto e a Celina continuaram a namorar-se, ele cândido, ela dúbia; enquanto o Coronel Juvenato, que deixara a mulher em Sobral para tratar de uma concessão rendosa com os políticos do Rio, ia agora monopolizando, como protetor mais importante, as alegres visitas matinais da viúva, que já lhe levava sempre o café — mas sem flores colhidas no jardim, ainda rociadas de orvalho, porque o cearense não dava para essas coisas de poesia. Era rápido, prático, e não admitia bobagens. Por isso, todos os sábados à noite, ele dizia a D. Adozinda com um tremor lúbrico nas banhas moles da face, os olhinhos vivos pestanejando:— A senhora não se esqueça que amanhã é domingo... Leve-me cedo o café, hein?... que eu tenho de ir à missa...— Pois não, pois não, Coronel! fique descansado — respondia a viúva do Ferreira, muito atenciosamente, tirando-lhe umas caspas da gola do paletó, com a mão repolhuda.Os outros hóspedes riam-se à socapa; e no domingo o café não faltava, bem cedinho...DOLORES, C. A luta.Rio de Janeiro: Ímã, s.d.Nesse trecho, ao explorar a descrição como recurso que demarca impressões e pontos de vista, o narrador cria uma ambiência sugestiva do(a)', '[{"type":"text","content":"Desenvolvendo-se nesse meio, é natural que Celina, filha mais velha de D. Adozinda, tivesse seus pequenos flirts com alguns desses rapazes, muito íntimos da casa e trazendo-lhe da cidade presentes de doces, de balas de ovo, de jornais ilustrados ou de frutas.As irmãs mais novas iam ao colégio; ela ficava, enchendo o tempo com uns crochês vagarosos, costuras leves, a leitura dos folhetins dos jornais; e o Gilberto, que raramente saía, andava sempre ao seu lado, muito caído por esse tipo um pouco mórbido de menina anêmica [...].O Gilberto não valia nada, mas quem sabe se apareceria outro, simplório e sincero como ele? E a filha, com os seus dezessete anos, começava a embaraçá-la um pouco, nesse difícil papel de virgem numa casa de pensão, cheia de rapazes. Ora, o melhor era esperar, dar tempo ao tempo... E o Gilberto e a Celina continuaram a namorar-se, ele cândido, ela dúbia; enquanto o Coronel Juvenato, que deixara a mulher em Sobral para tratar de uma concessão rendosa com os políticos do Rio, ia agora monopolizando, como protetor mais importante, as alegres visitas matinais da viúva, que já lhe levava sempre o café — mas sem flores colhidas no jardim, ainda rociadas de orvalho, porque o cearense não dava para essas coisas de poesia. Era rápido, prático, e não admitia bobagens. Por isso, todos os sábados à noite, ele dizia a D. Adozinda com um tremor lúbrico nas banhas moles da face, os olhinhos vivos pestanejando:— A senhora não se esqueça que amanhã é domingo... Leve-me cedo o café, hein?... que eu tenho de ir à missa...— Pois não, pois não, Coronel! fique descansado — respondia a viúva do Ferreira, muito atenciosamente, tirando-lhe umas caspas da gola do paletó, com a mão repolhuda.Os outros hóspedes riam-se à socapa; e no domingo o café não faltava, bem cedinho...DOLORES, C. A luta.Rio de Janeiro: Ímã, s.d.Nesse trecho, ao explorar a descrição como recurso que demarca impressões e pontos de vista, o narrador cria uma ambiência sugestiva do(a)"}]', NULL, 'INEP · ENEM 2025 · 1º dia · Caderno 1 azul', 'https://download.inep.gov.br/enem/provas_e_gabaritos/2025_PV_impresso_D1_CD1.pdf', NULL, 'enem/2025/dia1', 'official', 'valid', 'published', 'imported', 1);
--> statement-breakpoint
INSERT INTO `question_options` (`id`, `question_id`, `label`, `content`, `is_correct`) VALUES (20250221, 2025045, 'A', '[{"type":"text","content":"escárnio relacionado à degradação moral dos indivíduos."}]', 1);
--> statement-breakpoint
INSERT INTO `question_options` (`id`, `question_id`, `label`, `content`, `is_correct`) VALUES (20250222, 2025045, 'B', '[{"type":"text","content":"cenário urbano marcado por condições de insalubridade."}]', 0);
--> statement-breakpoint
INSERT INTO `question_options` (`id`, `question_id`, `label`, `content`, `is_correct`) VALUES (20250223, 2025045, 'C', '[{"type":"text","content":"persistência do sentimentalismo explorado pelos folhetins."}]', 0);
--> statement-breakpoint
INSERT INTO `question_options` (`id`, `question_id`, `label`, `content`, `is_correct`) VALUES (20250224, 2025045, 'D', '[{"type":"text","content":"prática do enriquecimento ilícito visto nas grandes cidades."}]', 0);
--> statement-breakpoint
INSERT INTO `question_options` (`id`, `question_id`, `label`, `content`, `is_correct`) VALUES (20250225, 2025045, 'E', '[{"type":"text","content":"desigualdade de gênero acentuada pela baixa escolarização."}]', 0);
--> statement-breakpoint
INSERT INTO `questions` (`id`, `external_id`, `year`, `exam_day`, `booklet`, `official_number`, `language`, `area`, `topic`, `statement`, `content_json`, `support_text`, `source_label`, `source_url`, `image_key`, `asset_bundle_key`, `difficulty`, `answer_status`, `status`, `review_status`, `taxonomy_version`) VALUES (2025046, 'enem-2025-d1-azul-shared-041', 2025, 1, 'azul', 41, NULL, 'Linguagens', 'Prova oficial ENEM 2025', 'TEXTO IOrigem, tradição e resistênciaFoi sentada em seu banco de quartzo que a avó do universo, moradora da Maloca do Céu, criou os homens, os animais, a terra e as águas. O banco foi entregue aos ancestrais dos atuais Tukano, que passaram a reproduzi-lo em madeira. O mito Tukano — povo do noroeste da Amazônia que ainda hoje fabrica os bancos em seu estilo tradicional — indica o lugar dos bancos entre os objetos sagrados, ao mesmo tempo parte do universo primitivo e fonte do poder de criação. A presença nos mitos de origem de alguns povos atesta a antiguidade da arte de talhar bancos: os primeiros registros do uso desses objetos entre ameríndios das terras baixas da América do Sul, do Caribe e da América Central datam de, pelo menos, 4 mil anos.ASSIS, R.; MENDES JR., L. Bancos indígenas do Brasil. São Paulo: BEI Comunicação, 2013.TEXTO II KAMAYURÁ, Y. Tatu Kamayurá1. Madeira, 61 × 24 × 20 cm. Xingu (MT), s.d.Disponível em: www.colecaobei.com.br. Acesso em: 15 out. 2024.Os textos I e ll demonstram, na confecção dos bancos, uma íntima relação de sacralidade entre o ser humano e a natureza, perceptível por meio da', '[{"type":"text","content":"TEXTO IOrigem, tradição e resistênciaFoi sentada em seu banco de quartzo que a avó do universo, moradora da Maloca do Céu, criou os homens, os animais, a terra e as águas. O banco foi entregue aos ancestrais dos atuais Tukano, que passaram a reproduzi-lo em madeira. O mito Tukano — povo do noroeste da Amazônia que ainda hoje fabrica os bancos em seu estilo tradicional — indica o lugar dos bancos entre os objetos sagrados, ao mesmo tempo parte do universo primitivo e fonte do poder de criação. A presença nos mitos de origem de alguns povos atesta a antiguidade da arte de talhar bancos: os primeiros registros do uso desses objetos entre ameríndios das terras baixas da América do Sul, do Caribe e da América Central datam de, pelo menos, 4 mil anos.ASSIS, R.; MENDES JR., L. Bancos indígenas do Brasil. São Paulo: BEI Comunicação, 2013.TEXTO II"},{"type":"image","content":"/enem/2025/dia1/question-41.png"},{"type":"text","content":"KAMAYURÁ, Y. Tatu Kamayurá1. Madeira, 61 × 24 × 20 cm. Xingu (MT), s.d.Disponível em: www.colecaobei.com.br. Acesso em: 15 out. 2024.Os textos I e ll demonstram, na confecção dos bancos, uma íntima relação de sacralidade entre o ser humano e a natureza, perceptível por meio da"}]', NULL, 'INEP · ENEM 2025 · 1º dia · Caderno 1 azul', 'https://download.inep.gov.br/enem/provas_e_gabaritos/2025_PV_impresso_D1_CD1.pdf', '/enem/2025/dia1/question-41.png', 'enem/2025/dia1', 'official', 'valid', 'published', 'imported', 1);
--> statement-breakpoint
INSERT INTO `question_options` (`id`, `question_id`, `label`, `content`, `is_correct`) VALUES (20250226, 2025046, 'A', '[{"type":"text","content":"representação realista de animais, mostrando o domínio do homem sobre a natureza."}]', 0);
--> statement-breakpoint
INSERT INTO `question_options` (`id`, `question_id`, `label`, `content`, `is_correct`) VALUES (20250227, 2025046, 'B', '[{"type":"text","content":"manutenção da herança cultural, atribuindo nova função aos elementos da fauna."}]', 1);
--> statement-breakpoint
INSERT INTO `question_options` (`id`, `question_id`, `label`, `content`, `is_correct`) VALUES (20250228, 2025046, 'C', '[{"type":"text","content":"anulação dos traços que permitem reconhecer o animal representado."}]', 0);
--> statement-breakpoint
INSERT INTO `question_options` (`id`, `question_id`, `label`, `content`, `is_correct`) VALUES (20250229, 2025046, 'D', '[{"type":"text","content":"presença de grafismos na forma animal representada no banco."}]', 0);
--> statement-breakpoint
INSERT INTO `question_options` (`id`, `question_id`, `label`, `content`, `is_correct`) VALUES (20250230, 2025046, 'E', '[{"type":"text","content":"criação de figuras fantásticas baseadas em formas animais."}]', 0);
--> statement-breakpoint
INSERT INTO `questions` (`id`, `external_id`, `year`, `exam_day`, `booklet`, `official_number`, `language`, `area`, `topic`, `statement`, `content_json`, `support_text`, `source_label`, `source_url`, `image_key`, `asset_bundle_key`, `difficulty`, `answer_status`, `status`, `review_status`, `taxonomy_version`) VALUES (2025047, 'enem-2025-d1-azul-shared-042', 2025, 1, 'azul', 42, NULL, 'Linguagens', 'Prova oficial ENEM 2025', 'TRADUZINDO O JURIDIQUÊS“Denego a liminar pleiteada na exordial, inobstante após a oitiva da parte adversa e da dilação probatória possa lograr alcançar um outro epílogo para o deslinde da quaestio sub examine.”TRADUÇãONão atendo, por ora, a liminar requerida na petição inicial, ainda que possa chegar a uma outra conclusão após ouvir a outra parte e avaliar as provas produzidas.Proposta de emenda à Constituição 269 de 2013. Aplica-se aos Governadores e Prefeitos o Regime Geral de Previdência Social, vedada a concessão graciosa, após o término do mandato, de vantagem pecuniária, verba de representação, pensão ou subsídio.TRADUÇãOTorna-se proibido pagar benefícios vitalícios para ex-prefeitos e ex-governadores.Superinteressante, n. 322, ago. 2013 (adaptado).Nesse texto, contribui para a construção da ironia a tradução das passagens escritas em “juridiquês” para uma variedade', '[{"type":"text","content":"TRADUZINDO O JURIDIQUÊS“Denego a liminar pleiteada na exordial, inobstante após a oitiva da parte adversa e da dilação probatória possa lograr alcançar um outro epílogo para o deslinde da quaestio sub examine.”TRADUÇãONão atendo, por ora, a liminar requerida na petição inicial, ainda que possa chegar a uma outra conclusão após ouvir a outra parte e avaliar as provas produzidas.Proposta de emenda à Constituição 269 de 2013. Aplica-se aos Governadores e Prefeitos o Regime Geral de Previdência Social, vedada a concessão graciosa, após o término do mandato, de vantagem pecuniária, verba de representação, pensão ou subsídio.TRADUÇãOTorna-se proibido pagar benefícios vitalícios para ex-prefeitos e ex-governadores.Superinteressante, n. 322, ago. 2013 (adaptado).Nesse texto, contribui para a construção da ironia a tradução das passagens escritas em “juridiquês” para uma variedade"}]', NULL, 'INEP · ENEM 2025 · 1º dia · Caderno 1 azul', 'https://download.inep.gov.br/enem/provas_e_gabaritos/2025_PV_impresso_D1_CD1.pdf', NULL, 'enem/2025/dia1', 'official', 'valid', 'published', 'imported', 1);
--> statement-breakpoint
INSERT INTO `question_options` (`id`, `question_id`, `label`, `content`, `is_correct`) VALUES (20250231, 2025047, 'A', '[{"type":"text","content":"padrão, que alcança o público em geral."}]', 1);
--> statement-breakpoint
INSERT INTO `question_options` (`id`, `question_id`, `label`, `content`, `is_correct`) VALUES (20250232, 2025047, 'B', '[{"type":"text","content":"histórica, que registra a evolução das leis."}]', 0);
--> statement-breakpoint
INSERT INTO `question_options` (`id`, `question_id`, `label`, `content`, `is_correct`) VALUES (20250233, 2025047, 'C', '[{"type":"text","content":"coloquial, que reproduz as relações sociais cotidianas."}]', 0);
--> statement-breakpoint
INSERT INTO `question_options` (`id`, `question_id`, `label`, `content`, `is_correct`) VALUES (20250234, 2025047, 'D', '[{"type":"text","content":"erudita, que resgata a origem latina da língua portuguesa."}]', 0);
--> statement-breakpoint
INSERT INTO `question_options` (`id`, `question_id`, `label`, `content`, `is_correct`) VALUES (20250235, 2025047, 'E', '[{"type":"text","content":"técnica, que facilita a circulação de informações no sistema judiciário."}]', 0);
--> statement-breakpoint
INSERT INTO `questions` (`id`, `external_id`, `year`, `exam_day`, `booklet`, `official_number`, `language`, `area`, `topic`, `statement`, `content_json`, `support_text`, `source_label`, `source_url`, `image_key`, `asset_bundle_key`, `difficulty`, `answer_status`, `status`, `review_status`, `taxonomy_version`) VALUES (2025048, 'enem-2025-d1-azul-shared-043', 2025, 1, 'azul', 43, NULL, 'Linguagens', 'Prova oficial ENEM 2025', 'Em 1995, os Jenipapo-Kanindé quebraram a tradição da sucessão masculina e nomearam Maria de Lourdes da Conceição Alves como sua líder. Desde então, a Cacique Pequena guia o povo em grandes batalhas pelo direito a terra, educação, saúde e cidadania. Hoje, a anciã de 73 anos prepara duas filhas para lhe sucederem quando ela “tombar e pai Tupã a levar”.Hoje, 129 famílias do município de Aquiraz são reconhecidas pela Fundação Nacional dos Povos Indígenas (Funai) como indígenas, principal luta de Pequena para o seu povo desde o início. “Em 1995, fui a Brasília e tive a oportunidade de conversar com o presidente da Funai. Pedi que mandasse o povo dele na aldeia para fazer o estudo da nossa mãe-terra e de nós”. Dois anos depois, vieram os antropólogos, que concluíram: “Nós era índio sim!”, diz ela.Há cerca de oito anos, Pequena adoeceu e ficou entre a vida e a morte. Nesse momento, precisou escolher, entre os 16 filhos, quem assumiria sua missão quando partisse. Reunida, a família decidiu sobre a sucessão. “Disseram que, como eu era a primeira cacique mulher do Ceará, acharam melhor eu colocar duas filhas”.Disponível em: www.sesc-ce.com.br. Acesso em: 15 set. 2024 (adaptado).Ao abordar a realidade da etnia Jenipapo-Kanindé, essa reportagem cumpre uma função social quando destaca o(a)', '[{"type":"text","content":"Em 1995, os Jenipapo-Kanindé quebraram a tradição da sucessão masculina e nomearam Maria de Lourdes da Conceição Alves como sua líder. Desde então, a Cacique Pequena guia o povo em grandes batalhas pelo direito a terra, educação, saúde e cidadania. Hoje, a anciã de 73 anos prepara duas filhas para lhe sucederem quando ela “tombar e pai Tupã a levar”.Hoje, 129 famílias do município de Aquiraz são reconhecidas pela Fundação Nacional dos Povos Indígenas (Funai) como indígenas, principal luta de Pequena para o seu povo desde o início. “Em 1995, fui a Brasília e tive a oportunidade de conversar com o presidente da Funai. Pedi que mandasse o povo dele na aldeia para fazer o estudo da nossa mãe-terra e de nós”. Dois anos depois, vieram os antropólogos, que concluíram: “Nós era índio sim!”, diz ela.Há cerca de oito anos, Pequena adoeceu e ficou entre a vida e a morte. Nesse momento, precisou escolher, entre os 16 filhos, quem assumiria sua missão quando partisse. Reunida, a família decidiu sobre a sucessão. “Disseram que, como eu era a primeira cacique mulher do Ceará, acharam melhor eu colocar duas filhas”.Disponível em: www.sesc-ce.com.br. Acesso em: 15 set. 2024 (adaptado).Ao abordar a realidade da etnia Jenipapo-Kanindé, essa reportagem cumpre uma função social quando destaca o(a)"}]', NULL, 'INEP · ENEM 2025 · 1º dia · Caderno 1 azul', 'https://download.inep.gov.br/enem/provas_e_gabaritos/2025_PV_impresso_D1_CD1.pdf', NULL, 'enem/2025/dia1', 'official', 'valid', 'published', 'imported', 1);
--> statement-breakpoint
INSERT INTO `question_options` (`id`, `question_id`, `label`, `content`, `is_correct`) VALUES (20250236, 2025048, 'A', '[{"type":"text","content":"quantidade de famílias indígenas em Aquiraz."}]', 0);
--> statement-breakpoint
INSERT INTO `question_options` (`id`, `question_id`, `label`, `content`, `is_correct`) VALUES (20250237, 2025048, 'B', '[{"type":"text","content":"força da tradição nas comunidades indígenas."}]', 0);
--> statement-breakpoint
INSERT INTO `question_options` (`id`, `question_id`, `label`, `content`, `is_correct`) VALUES (20250238, 2025048, 'C', '[{"type":"text","content":"estudo sobre a demarcação das terras indígenas."}]', 0);
--> statement-breakpoint
INSERT INTO `question_options` (`id`, `question_id`, `label`, `content`, `is_correct`) VALUES (20250239, 2025048, 'D', '[{"type":"text","content":"protagonismo feminino na linha sucessória desse povo."}]', 1);
--> statement-breakpoint
INSERT INTO `question_options` (`id`, `question_id`, `label`, `content`, `is_correct`) VALUES (20250240, 2025048, 'E', '[{"type":"text","content":"reconhecimento dessa comunidade pelo governo brasileiro."}]', 0);
--> statement-breakpoint
INSERT INTO `questions` (`id`, `external_id`, `year`, `exam_day`, `booklet`, `official_number`, `language`, `area`, `topic`, `statement`, `content_json`, `support_text`, `source_label`, `source_url`, `image_key`, `asset_bundle_key`, `difficulty`, `answer_status`, `status`, `review_status`, `taxonomy_version`) VALUES (2025049, 'enem-2025-d1-azul-shared-044', 2025, 1, 'azul', 44, NULL, 'Linguagens', 'Prova oficial ENEM 2025', 'Porque ler para crianças é um ato de amorParece que, com o avanço da tecnologia,os livros têm enfrentado cada vez mais concorrência. Por isso, é nossa função lembrara importância da leitura em todas as fases da vida, mas principalmente na primeira infância (entre 0 e 5 anos), quando o desenvolvimento das crianças acontece de forma mais intensa.O ato de ler com uma criança ou ler para ela vai muito além de apenas aproveitar uma história em conjunto. É um laço de amorosidade, porque oferece a ela ferramentas que vão ajudá-la a crescer forte e independente.Se você precisa de uma motivação extra para entrar nessa rede de incentivo, fique ligado nos motivos a seguir. Adotar esse hábito em casa:1 – cria um laço emocional com a criança;2 – ajuda no desenvolvimento das capacidades cognitivas;3 – ensina sobre o mundo;4 – incentiva o processamento de informações e a imaginação.Disponível em: www.huffpost.com.br. Acesso em: 22 maio 2018 (adaptado).Para persuadir o interlocutor sobre a importância de ler para as crianças, esse texto recorre à estratégia de', '[{"type":"text","content":"Porque ler para crianças é um ato de amorParece que, com o avanço da tecnologia,os livros têm enfrentado cada vez mais concorrência. Por isso, é nossa função lembrara importância da leitura em todas as fases da vida, mas principalmente na primeira infância (entre 0 e 5 anos), quando o desenvolvimento das crianças acontece de forma mais intensa.O ato de ler com uma criança ou ler para ela vai muito além de apenas aproveitar uma história em conjunto. É um laço de amorosidade, porque oferece a ela ferramentas que vão ajudá-la a crescer forte e independente.Se você precisa de uma motivação extra para entrar nessa rede de incentivo, fique ligado nos motivos a seguir. Adotar esse hábito em casa:1 – cria um laço emocional com a criança;2 – ajuda no desenvolvimento das capacidades cognitivas;3 – ensina sobre o mundo;4 – incentiva o processamento de informações e a imaginação.Disponível em: www.huffpost.com.br. Acesso em: 22 maio 2018 (adaptado).Para persuadir o interlocutor sobre a importância de ler para as crianças, esse texto recorre à estratégia de"}]', NULL, 'INEP · ENEM 2025 · 1º dia · Caderno 1 azul', 'https://download.inep.gov.br/enem/provas_e_gabaritos/2025_PV_impresso_D1_CD1.pdf', NULL, 'enem/2025/dia1', 'official', 'valid', 'published', 'imported', 1);
--> statement-breakpoint
INSERT INTO `question_options` (`id`, `question_id`, `label`, `content`, `is_correct`) VALUES (20250241, 2025049, 'A', '[{"type":"text","content":"propor uma condição aos pais, pelo emprego da conjunção “se”."}]', 0);
--> statement-breakpoint
INSERT INTO `question_options` (`id`, `question_id`, `label`, `content`, `is_correct`) VALUES (20250242, 2025049, 'B', '[{"type":"text","content":"relativizar a opinião apresentada pelo autor, com o uso de “Parece que”."}]', 0);
--> statement-breakpoint
INSERT INTO `question_options` (`id`, `question_id`, `label`, `content`, `is_correct`) VALUES (20250243, 2025049, 'C', '[{"type":"text","content":"empregar uma linguagem metafórica, com o uso da expressão “laço de amorosidade”."}]', 0);
--> statement-breakpoint
INSERT INTO `question_options` (`id`, `question_id`, `label`, `content`, `is_correct`) VALUES (20250244, 2025049, 'D', '[{"type":"text","content":"enumerar razões pertinentes a esse ato, como no exemplo “ensina sobre o mundo”."}]', 1);
--> statement-breakpoint
INSERT INTO `question_options` (`id`, `question_id`, `label`, `content`, `is_correct`) VALUES (20250245, 2025049, 'E', '[{"type":"text","content":"implicar o autor do texto como corresponsável pela campanha,"}]', 0);
--> statement-breakpoint
INSERT INTO `questions` (`id`, `external_id`, `year`, `exam_day`, `booklet`, `official_number`, `language`, `area`, `topic`, `statement`, `content_json`, `support_text`, `source_label`, `source_url`, `image_key`, `asset_bundle_key`, `difficulty`, `answer_status`, `status`, `review_status`, `taxonomy_version`) VALUES (2025050, 'enem-2025-d1-azul-shared-045', 2025, 1, 'azul', 45, NULL, 'Linguagens', 'Prova oficial ENEM 2025', 'A artista Marija Tiurina criou uma série chamada Palavras intraduzíveis, com diversas ilustrações detalhadas que transmitem o sentido desses vocábulos, que nenhuma palavra única em outras línguas pode descrever. ROMANZOTI, N. 9 desenhos que ilustram palavras sem tradução para o português. Disponível em: https://hypescience.com. Acesso em: 10 jun. 2019 (adaptado).O uso do texto verbal nesse desenho assume a função de', '[{"type":"text","content":"A artista Marija Tiurina criou uma série chamada Palavras intraduzíveis, com diversas ilustrações detalhadas que transmitem o sentido desses vocábulos, que nenhuma palavra única em outras línguas pode descrever."},{"type":"image","content":"/enem/2025/dia1/question-45.png"},{"type":"text","content":"ROMANZOTI, N. 9 desenhos que ilustram palavras sem tradução para o português. Disponível em: https://hypescience.com. Acesso em: 10 jun. 2019 (adaptado).O uso do texto verbal nesse desenho assume a função de"}]', NULL, 'INEP · ENEM 2025 · 1º dia · Caderno 1 azul', 'https://download.inep.gov.br/enem/provas_e_gabaritos/2025_PV_impresso_D1_CD1.pdf', '/enem/2025/dia1/question-45.png', 'enem/2025/dia1', 'official', 'valid', 'published', 'imported', 1);
--> statement-breakpoint
INSERT INTO `question_options` (`id`, `question_id`, `label`, `content`, `is_correct`) VALUES (20250246, 2025050, 'A', '[{"type":"text","content":"descrever de forma técnica a ilustração."}]', 0);
--> statement-breakpoint
INSERT INTO `question_options` (`id`, `question_id`, `label`, `content`, `is_correct`) VALUES (20250247, 2025050, 'B', '[{"type":"text","content":"destacar os múltiplos sentidos do verbete."}]', 0);
--> statement-breakpoint
INSERT INTO `question_options` (`id`, `question_id`, `label`, `content`, `is_correct`) VALUES (20250248, 2025050, 'C', '[{"type":"text","content":"explicar o significado da expressão ilustrada."}]', 1);
--> statement-breakpoint
INSERT INTO `question_options` (`id`, `question_id`, `label`, `content`, `is_correct`) VALUES (20250249, 2025050, 'D', '[{"type":"text","content":"apresentar termos equivalentes em outras línguas."}]', 0);
--> statement-breakpoint
INSERT INTO `question_options` (`id`, `question_id`, `label`, `content`, `is_correct`) VALUES (20250250, 2025050, 'E', '[{"type":"text","content":"apontar para a dificuldade de compreensão do termo."}]', 0);
--> statement-breakpoint
INSERT INTO `questions` (`id`, `external_id`, `year`, `exam_day`, `booklet`, `official_number`, `language`, `area`, `topic`, `statement`, `content_json`, `support_text`, `source_label`, `source_url`, `image_key`, `asset_bundle_key`, `difficulty`, `answer_status`, `status`, `review_status`, `taxonomy_version`) VALUES (2025051, 'enem-2025-d1-azul-shared-046', 2025, 1, 'azul', 46, NULL, 'Ciências Humanas', 'Prova oficial ENEM 2025', 'Macedônia do NorteAcordo entra em vigor e país muda oficialmente de nomeEntrou em vigor, em 2019, o acordo que determina a mudança de nome da Macedônia para Macedônia do Norte. A troca põe fim — ao menos por enquanto — no impasse entre essa antiga república da Iugoslávia e a vizinha Grécia. O governo grego se opunha ao uso do nome Macedônia pelo novo país vizinho porque a Grécia tem uma província no norte com o mesmo nome. Por causa desse impasse, a Grécia bloqueou as negociações de adesão de seu vizinho à União Europeia. Depois de negociações, as duas partes chegaram a um acordo.Disponível em: https://g1.globo.com. Acesso em: 7 nov. 2021 (adaptado).Para o país originado da antiga Iugoslávia, a mudança de nome é uma estratégia política para', '[{"type":"text","content":"Macedônia do NorteAcordo entra em vigor e país muda oficialmente de nomeEntrou em vigor, em 2019, o acordo que determina a mudança de nome da Macedônia para Macedônia do Norte. A troca põe fim — ao menos por enquanto — no impasse entre essa antiga república da Iugoslávia e a vizinha Grécia. O governo grego se opunha ao uso do nome Macedônia pelo novo país vizinho porque a Grécia tem uma província no norte com o mesmo nome. Por causa desse impasse, a Grécia bloqueou as negociações de adesão de seu vizinho à União Europeia. Depois de negociações, as duas partes chegaram a um acordo.Disponível em: https://g1.globo.com. Acesso em: 7 nov. 2021 (adaptado).Para o país originado da antiga Iugoslávia, a mudança de nome é uma estratégia política para"}]', NULL, 'INEP · ENEM 2025 · 1º dia · Caderno 1 azul', 'https://download.inep.gov.br/enem/provas_e_gabaritos/2025_PV_impresso_D1_CD1.pdf', NULL, 'enem/2025/dia1', 'official', 'valid', 'published', 'imported', 1);
--> statement-breakpoint
INSERT INTO `question_options` (`id`, `question_id`, `label`, `content`, `is_correct`) VALUES (20250251, 2025051, 'A', '[{"type":"text","content":"criar a moeda própria."}]', 0);
--> statement-breakpoint
INSERT INTO `question_options` (`id`, `question_id`, `label`, `content`, `is_correct`) VALUES (20250252, 2025051, 'B', '[{"type":"text","content":"proteger a cultura local."}]', 0);
--> statement-breakpoint
INSERT INTO `question_options` (`id`, `question_id`, `label`, `content`, `is_correct`) VALUES (20250253, 2025051, 'C', '[{"type":"text","content":"subjugar a minoria étnica."}]', 0);
--> statement-breakpoint
INSERT INTO `question_options` (`id`, `question_id`, `label`, `content`, `is_correct`) VALUES (20250254, 2025051, 'D', '[{"type":"text","content":"expandir o território nacional."}]', 0);
--> statement-breakpoint
INSERT INTO `question_options` (`id`, `question_id`, `label`, `content`, `is_correct`) VALUES (20250255, 2025051, 'E', '[{"type":"text","content":"intensificar a integração regional."}]', 1);
--> statement-breakpoint
INSERT INTO `questions` (`id`, `external_id`, `year`, `exam_day`, `booklet`, `official_number`, `language`, `area`, `topic`, `statement`, `content_json`, `support_text`, `source_label`, `source_url`, `image_key`, `asset_bundle_key`, `difficulty`, `answer_status`, `status`, `review_status`, `taxonomy_version`) VALUES (2025052, 'enem-2025-d1-azul-shared-047', 2025, 1, 'azul', 47, NULL, 'Ciências Humanas', 'Prova oficial ENEM 2025', 'Concentração de CO2 por queimadas entre África e Brasil em 30 de agosto de 2019 Disponível em: https://noticias.uol.com.br. Acesso em: 10 out. 2019 (adaptado).A dispersão espacial do problema ambiental representado na imagem de satélite é explicada pela seguinte característica geográfica:', '[{"type":"text","content":"Concentração de CO2 por queimadas entre África e Brasil em 30 de agosto de 2019"},{"type":"image","content":"/enem/2025/dia1/question-47.png"},{"type":"text","content":"Disponível em: https://noticias.uol.com.br. Acesso em: 10 out. 2019 (adaptado).A dispersão espacial do problema ambiental representado na imagem de satélite é explicada pela seguinte característica geográfica:"}]', NULL, 'INEP · ENEM 2025 · 1º dia · Caderno 1 azul', 'https://download.inep.gov.br/enem/provas_e_gabaritos/2025_PV_impresso_D1_CD1.pdf', '/enem/2025/dia1/question-47.png', 'enem/2025/dia1', 'official', 'valid', 'published', 'imported', 1);
--> statement-breakpoint
INSERT INTO `question_options` (`id`, `question_id`, `label`, `content`, `is_correct`) VALUES (20250256, 2025052, 'A', '[{"type":"text","content":"Amplitude das temperaturas médias."}]', 0);
--> statement-breakpoint
INSERT INTO `question_options` (`id`, `question_id`, `label`, `content`, `is_correct`) VALUES (20250257, 2025052, 'B', '[{"type":"text","content":"Homogeneidade da insolação anual."}]', 0);
--> statement-breakpoint
INSERT INTO `question_options` (`id`, `question_id`, `label`, `content`, `is_correct`) VALUES (20250258, 2025052, 'C', '[{"type":"text","content":"Ocorrência de chuvas de relevo."}]', 0);
--> statement-breakpoint
INSERT INTO `question_options` (`id`, `question_id`, `label`, `content`, `is_correct`) VALUES (20250259, 2025052, 'D', '[{"type":"text","content":"Circulação de massas de ar."}]', 1);
--> statement-breakpoint
INSERT INTO `question_options` (`id`, `question_id`, `label`, `content`, `is_correct`) VALUES (20250260, 2025052, 'E', '[{"type":"text","content":"Ausência de frentes frias."}]', 0);
--> statement-breakpoint
INSERT INTO `questions` (`id`, `external_id`, `year`, `exam_day`, `booklet`, `official_number`, `language`, `area`, `topic`, `statement`, `content_json`, `support_text`, `source_label`, `source_url`, `image_key`, `asset_bundle_key`, `difficulty`, `answer_status`, `status`, `review_status`, `taxonomy_version`) VALUES (2025053, 'enem-2025-d1-azul-shared-048', 2025, 1, 'azul', 48, NULL, 'Ciências Humanas', 'Prova oficial ENEM 2025', 'A credulidade dos ouvintes aumenta o descaramento do narrador, e o descaramento deste conquista-lhes a credulidade. A eloquência, quando levada a seu patamar mais alto, deixa pouco lugar à razão ou à reflexão, mas, dirigindo-se inteiramente à imaginação e aos afetos, cativa os ouvintes condescendentes e subjuga-lhes o entendimento.HUME, D. Uma investigação sobre o entendimento humano e sobre os princípios da moral. São Paulo: Edunesp, 2003.No contexto do século XVIII, o autor propõe uma reflexão radical acerca da arte da eloquência, restringindo-a ao', '[{"type":"text","content":"A credulidade dos ouvintes aumenta o descaramento do narrador, e o descaramento deste conquista-lhes a credulidade. A eloquência, quando levada a seu patamar mais alto, deixa pouco lugar à razão ou à reflexão, mas, dirigindo-se inteiramente à imaginação e aos afetos, cativa os ouvintes condescendentes e subjuga-lhes o entendimento.HUME, D. Uma investigação sobre o entendimento humano e sobre os princípios da moral. São Paulo: Edunesp, 2003.No contexto do século XVIII, o autor propõe uma reflexão radical acerca da arte da eloquência, restringindo-a ao"}]', NULL, 'INEP · ENEM 2025 · 1º dia · Caderno 1 azul', 'https://download.inep.gov.br/enem/provas_e_gabaritos/2025_PV_impresso_D1_CD1.pdf', NULL, 'enem/2025/dia1', 'official', 'valid', 'published', 'imported', 1);
--> statement-breakpoint
INSERT INTO `question_options` (`id`, `question_id`, `label`, `content`, `is_correct`) VALUES (20250261, 2025053, 'A', '[{"type":"text","content":"sistema de crenças, conforme a proposta kantiana de objetividade do conhecimento."}]', 0);
--> statement-breakpoint
INSERT INTO `question_options` (`id`, `question_id`, `label`, `content`, `is_correct`) VALUES (20250262, 2025053, 'B', '[{"type":"text","content":"campo dos absolutos, semelhante ao entendimento medieval dos Universais."}]', 0);
--> statement-breakpoint
INSERT INTO `question_options` (`id`, `question_id`, `label`, `content`, `is_correct`) VALUES (20250263, 2025053, 'C', '[{"type":"text","content":"domínio da lógica, consoante a compreensão aristotélica nos Analíticos."}]', 0);
--> statement-breakpoint
INSERT INTO `question_options` (`id`, `question_id`, `label`, `content`, `is_correct`) VALUES (20250264, 2025053, 'D', '[{"type":"text","content":"paradigma da racionalidade, alinhado ao modelo cartesiano de método."}]', 0);
--> statement-breakpoint
INSERT INTO `question_options` (`id`, `question_id`, `label`, `content`, `is_correct`) VALUES (20250265, 2025053, 'E', '[{"type":"text","content":"âmbito da persuasão, análogo às críticas platônicas aos sofistas."}]', 1);
--> statement-breakpoint
INSERT INTO `questions` (`id`, `external_id`, `year`, `exam_day`, `booklet`, `official_number`, `language`, `area`, `topic`, `statement`, `content_json`, `support_text`, `source_label`, `source_url`, `image_key`, `asset_bundle_key`, `difficulty`, `answer_status`, `status`, `review_status`, `taxonomy_version`) VALUES (2025054, 'enem-2025-d1-azul-shared-049', 2025, 1, 'azul', 49, NULL, 'Ciências Humanas', 'Prova oficial ENEM 2025', 'TEXTO I CARLEVARIS, L. La piazetta (detalhe). Óleo sobre tela, 49 × 41 cm. Ashmolean Museum, Oxford, 1729.Disponível em: www.meinsterart.de. Acesso em: 13 dez. 2017.TEXTO IIAntigo centro da economia mundo-europeia do século XV, no final do século XVII e início do século XVIII, Veneza ainda era uma cidade cosmopolita onde orientais podiam sentir-se em casa.BRAUDEL, F. O tempo do mundo. São Paulo: Martins Fontes, 1979 (adaptado).Qual elemento da condição cosmopolita de Veneza na Idade Moderna está explicitado nos textos?', '[{"type":"text","content":"TEXTO I"},{"type":"image","content":"/enem/2025/dia1/question-49.png"},{"type":"text","content":"CARLEVARIS, L. La piazetta (detalhe). Óleo sobre tela, 49 × 41 cm. Ashmolean Museum, Oxford, 1729.Disponível em: www.meinsterart.de. Acesso em: 13 dez. 2017.TEXTO IIAntigo centro da economia mundo-europeia do século XV, no final do século XVII e início do século XVIII, Veneza ainda era uma cidade cosmopolita onde orientais podiam sentir-se em casa.BRAUDEL, F. O tempo do mundo. São Paulo: Martins Fontes, 1979 (adaptado).Qual elemento da condição cosmopolita de Veneza na Idade Moderna está explicitado nos textos?"}]', NULL, 'INEP · ENEM 2025 · 1º dia · Caderno 1 azul', 'https://download.inep.gov.br/enem/provas_e_gabaritos/2025_PV_impresso_D1_CD1.pdf', '/enem/2025/dia1/question-49.png', 'enem/2025/dia1', 'official', 'valid', 'published', 'imported', 1);
--> statement-breakpoint
INSERT INTO `question_options` (`id`, `question_id`, `label`, `content`, `is_correct`) VALUES (20250266, 2025054, 'A', '[{"type":"text","content":"Avanço do ensino laico."}]', 0);
--> statement-breakpoint
INSERT INTO `question_options` (`id`, `question_id`, `label`, `content`, `is_correct`) VALUES (20250267, 2025054, 'B', '[{"type":"text","content":"Conquista das terras da América."}]', 0);
--> statement-breakpoint
INSERT INTO `question_options` (`id`, `question_id`, `label`, `content`, `is_correct`) VALUES (20250268, 2025054, 'C', '[{"type":"text","content":"Integração do comércio mediterrâneo."}]', 1);
--> statement-breakpoint
INSERT INTO `question_options` (`id`, `question_id`, `label`, `content`, `is_correct`) VALUES (20250269, 2025054, 'D', '[{"type":"text","content":"Popularização do pensamento humanista."}]', 0);
--> statement-breakpoint
INSERT INTO `question_options` (`id`, `question_id`, `label`, `content`, `is_correct`) VALUES (20250270, 2025054, 'E', '[{"type":"text","content":"Desenvolvimento das corporações de ofício."}]', 0);
--> statement-breakpoint
INSERT INTO `questions` (`id`, `external_id`, `year`, `exam_day`, `booklet`, `official_number`, `language`, `area`, `topic`, `statement`, `content_json`, `support_text`, `source_label`, `source_url`, `image_key`, `asset_bundle_key`, `difficulty`, `answer_status`, `status`, `review_status`, `taxonomy_version`) VALUES (2025055, 'enem-2025-d1-azul-shared-050', 2025, 1, 'azul', 50, NULL, 'Ciências Humanas', 'Prova oficial ENEM 2025', 'O direito não é a justiça. O direito é o elemento do cálculo, é justo que haja um direito, mas a justiça é incalculável, ela exige que se calcule o incalculável; e as experiências aporéticas são experiências tão improváveis quanto necessárias da justiça, isto é, são momentos em que a decisão entre o justo e o injusto nunca é garantida por uma regra.DERRIDA, J. Força de lei. São Paulo: Martins Fontes, 2010 (adaptado).De acordo com o texto, ainda que estejam em desconformidade com o ordenamento jurídico, são exemplos de ação justa:', '[{"type":"text","content":"O direito não é a justiça. O direito é o elemento do cálculo, é justo que haja um direito, mas a justiça é incalculável, ela exige que se calcule o incalculável; e as experiências aporéticas são experiências tão improváveis quanto necessárias da justiça, isto é, são momentos em que a decisão entre o justo e o injusto nunca é garantida por uma regra.DERRIDA, J. Força de lei. São Paulo: Martins Fontes, 2010 (adaptado).De acordo com o texto, ainda que estejam em desconformidade com o ordenamento jurídico, são exemplos de ação justa:"}]', NULL, 'INEP · ENEM 2025 · 1º dia · Caderno 1 azul', 'https://download.inep.gov.br/enem/provas_e_gabaritos/2025_PV_impresso_D1_CD1.pdf', NULL, 'enem/2025/dia1', 'official', 'valid', 'published', 'imported', 1);
--> statement-breakpoint
INSERT INTO `question_options` (`id`, `question_id`, `label`, `content`, `is_correct`) VALUES (20250271, 2025055, 'A', '[{"type":"text","content":"Casos de desobediência civil."}]', 1);
--> statement-breakpoint
INSERT INTO `question_options` (`id`, `question_id`, `label`, `content`, `is_correct`) VALUES (20250272, 2025055, 'B', '[{"type":"text","content":"Repressões do aparato estatal."}]', 0);
--> statement-breakpoint
INSERT INTO `question_options` (`id`, `question_id`, `label`, `content`, `is_correct`) VALUES (20250273, 2025055, 'C', '[{"type":"text","content":"Conflitos de natureza intercontinental."}]', 0);
--> statement-breakpoint
INSERT INTO `question_options` (`id`, `question_id`, `label`, `content`, `is_correct`) VALUES (20250274, 2025055, 'D', '[{"type":"text","content":"Manifestações do movimento sindical."}]', 0);
--> statement-breakpoint
INSERT INTO `question_options` (`id`, `question_id`, `label`, `content`, `is_correct`) VALUES (20250275, 2025055, 'E', '[{"type":"text","content":"Mobilizações de agremiações estudantis."}]', 0);
--> statement-breakpoint
INSERT INTO `questions` (`id`, `external_id`, `year`, `exam_day`, `booklet`, `official_number`, `language`, `area`, `topic`, `statement`, `content_json`, `support_text`, `source_label`, `source_url`, `image_key`, `asset_bundle_key`, `difficulty`, `answer_status`, `status`, `review_status`, `taxonomy_version`) VALUES (2025056, 'enem-2025-d1-azul-shared-051', 2025, 1, 'azul', 51, NULL, 'Ciências Humanas', 'Prova oficial ENEM 2025', 'Sinal fechadoOlá, como vai?Eu vou indo e você, tudo bem?Tudo bem, eu vou indo, correndoPegar meu lugar no futuro, e você?Tudo bem, eu vou indo em buscaDe um sono tranquilo, quem sabe?Quanto tempo...Pois é, quanto tempo...Me perdoe a pressaÉ a alma dos nossos negócios...Oh, não tem de queEu também só ando a cemQuando é que você telefona?Precisamos nos ver por aíPra semana, prometo,Talvez nos vejamos, quem sabe?Quanto tempo...Pois é, quanto tempo...Tanta coisa que eu tinha a dizerMas eu sumi na poeira das ruasEu também tenho algo a dizerMas me foge a lembrançaPor favor, telefone, eu preciso beberAlguma coisa rapidamentePra semana...O sinal...Eu procuro você...Vai abrir! Vai abrir!Prometo, não esqueçoPor favor, não esqueçaNão esqueço, não esqueçoAdeus...PAULINHO DA VIOLA. Foi um rio que passou em minha vida. Rio de Janeiro: Odeon, 1970.A letra da canção apresenta a permanência de uma situação da vida cotidiana ao destacar a', '[{"type":"text","content":"Sinal fechadoOlá, como vai?Eu vou indo e você, tudo bem?Tudo bem, eu vou indo, correndoPegar meu lugar no futuro, e você?Tudo bem, eu vou indo em buscaDe um sono tranquilo, quem sabe?Quanto tempo...Pois é, quanto tempo...Me perdoe a pressaÉ a alma dos nossos negócios...Oh, não tem de queEu também só ando a cemQuando é que você telefona?Precisamos nos ver por aíPra semana, prometo,Talvez nos vejamos, quem sabe?Quanto tempo...Pois é, quanto tempo...Tanta coisa que eu tinha a dizerMas eu sumi na poeira das ruasEu também tenho algo a dizerMas me foge a lembrançaPor favor, telefone, eu preciso beberAlguma coisa rapidamentePra semana...O sinal...Eu procuro você...Vai abrir! Vai abrir!Prometo, não esqueçoPor favor, não esqueçaNão esqueço, não esqueçoAdeus...PAULINHO DA VIOLA. Foi um rio que passou em minha vida. Rio de Janeiro: Odeon, 1970.A letra da canção apresenta a permanência de uma situação da vida cotidiana ao destacar a"}]', NULL, 'INEP · ENEM 2025 · 1º dia · Caderno 1 azul', 'https://download.inep.gov.br/enem/provas_e_gabaritos/2025_PV_impresso_D1_CD1.pdf', NULL, 'enem/2025/dia1', 'official', 'valid', 'published', 'imported', 1);
--> statement-breakpoint
INSERT INTO `question_options` (`id`, `question_id`, `label`, `content`, `is_correct`) VALUES (20250276, 2025056, 'A', '[{"type":"text","content":"diminuição do comportamento competitivo."}]', 0);
--> statement-breakpoint
INSERT INTO `question_options` (`id`, `question_id`, `label`, `content`, `is_correct`) VALUES (20250277, 2025056, 'B', '[{"type":"text","content":"importância da memória coletiva."}]', 0);
--> statement-breakpoint
INSERT INTO `question_options` (`id`, `question_id`, `label`, `content`, `is_correct`) VALUES (20250278, 2025056, 'C', '[{"type":"text","content":"redução da mobilidade urbana."}]', 0);
--> statement-breakpoint
INSERT INTO `question_options` (`id`, `question_id`, `label`, `content`, `is_correct`) VALUES (20250279, 2025056, 'D', '[{"type":"text","content":"efemeridade dos vínculos de afetividade."}]', 1);
--> statement-breakpoint
INSERT INTO `question_options` (`id`, `question_id`, `label`, `content`, `is_correct`) VALUES (20250280, 2025056, 'E', '[{"type":"text","content":"obsolescência dos meios de comunicação."}]', 0);
--> statement-breakpoint
INSERT INTO `questions` (`id`, `external_id`, `year`, `exam_day`, `booklet`, `official_number`, `language`, `area`, `topic`, `statement`, `content_json`, `support_text`, `source_label`, `source_url`, `image_key`, `asset_bundle_key`, `difficulty`, `answer_status`, `status`, `review_status`, `taxonomy_version`) VALUES (2025057, 'enem-2025-d1-azul-shared-052', 2025, 1, 'azul', 52, NULL, 'Ciências Humanas', 'Prova oficial ENEM 2025', 'Não há consenso em torno do nome dado à pandemia, tendo, desde o seu início, sido chamada de gripe espanhola provavelmente por causa da desinformação em torno da notícia sobre sua origem. Uma das hipóteses deriva da neutralidade espanhola na Primeira Guerra Mundial e a consequente liberdade de imprensa naquele país, maior do que nos demais países envolvidos no conflito. Hoje existe o consenso entre virologistas e epidemiologistas de que o vírus da gripe não se originou na Espanha. Entretanto, dificilmente essa pandemia deixará de ser conhecida como gripe espanhola.KLAJMAN, C. A gripe sob a ótica da história ecológica. História Revista, n. 3, set.-dez. 2015 (adaptado).De acordo com o texto, a denominação recebida pela pandemia do começo do século XX foi determinada pelo(a)', '[{"type":"text","content":"Não há consenso em torno do nome dado à pandemia, tendo, desde o seu início, sido chamada de gripe espanhola provavelmente por causa da desinformação em torno da notícia sobre sua origem. Uma das hipóteses deriva da neutralidade espanhola na Primeira Guerra Mundial e a consequente liberdade de imprensa naquele país, maior do que nos demais países envolvidos no conflito. Hoje existe o consenso entre virologistas e epidemiologistas de que o vírus da gripe não se originou na Espanha. Entretanto, dificilmente essa pandemia deixará de ser conhecida como gripe espanhola.KLAJMAN, C. A gripe sob a ótica da história ecológica. História Revista, n. 3, set.-dez. 2015 (adaptado).De acordo com o texto, a denominação recebida pela pandemia do começo do século XX foi determinada pelo(a)"}]', NULL, 'INEP · ENEM 2025 · 1º dia · Caderno 1 azul', 'https://download.inep.gov.br/enem/provas_e_gabaritos/2025_PV_impresso_D1_CD1.pdf', NULL, 'enem/2025/dia1', 'official', 'valid', 'published', 'imported', 1);
--> statement-breakpoint
INSERT INTO `question_options` (`id`, `question_id`, `label`, `content`, `is_correct`) VALUES (20250281, 2025057, 'A', '[{"type":"text","content":"precariedade dos conhecimentos da medicina militar."}]', 0);
--> statement-breakpoint
INSERT INTO `question_options` (`id`, `question_id`, `label`, `content`, `is_correct`) VALUES (20250282, 2025057, 'B', '[{"type":"text","content":"retaliação da tríplice aliança aos soldados desertores."}]', 0);
--> statement-breakpoint
INSERT INTO `question_options` (`id`, `question_id`, `label`, `content`, `is_correct`) VALUES (20250283, 2025057, 'C', '[{"type":"text","content":"controle dos relatos oriundos de campos de batalha."}]', 1);
--> statement-breakpoint
INSERT INTO `question_options` (`id`, `question_id`, `label`, `content`, `is_correct`) VALUES (20250284, 2025057, 'D', '[{"type":"text","content":"emprego de armas biológicas em confrontos transnacionais."}]', 0);
--> statement-breakpoint
INSERT INTO `question_options` (`id`, `question_id`, `label`, `content`, `is_correct`) VALUES (20250285, 2025057, 'E', '[{"type":"text","content":"circulação de refugiados contaminados em áreas conflagradas."}]', 0);
--> statement-breakpoint
INSERT INTO `questions` (`id`, `external_id`, `year`, `exam_day`, `booklet`, `official_number`, `language`, `area`, `topic`, `statement`, `content_json`, `support_text`, `source_label`, `source_url`, `image_key`, `asset_bundle_key`, `difficulty`, `answer_status`, `status`, `review_status`, `taxonomy_version`) VALUES (2025058, 'enem-2025-d1-azul-shared-053', 2025, 1, 'azul', 53, NULL, 'Ciências Humanas', 'Prova oficial ENEM 2025', 'TEXTO IA partir do século IV, com os imperadores ditos cristãos, o teatro e a dança foram condenados. O batismo era recusado aos que atuavam no circo ou na pantomima. E em 398, no Concílio de Cartago, os que iam ao teatro nos dias santos foram excomungados.DINIZ, T.; SANTOS, G. História da dança. Disponível em: www.uel.br. Acesso em: 18 out. 2023.TEXTO IIA dança no ato litúrgico cumpre tanto um papel de adoração quanto mercadológico. Não à toa há aceitação, expansão e investimento nessa prática percebida massivamente pela ampla divulgação principalmente nas redes sociais. A expansão e ampliação por via de festivais, aulas, cursos, palestras etc. consolida a criação de um mercado específico para esse público.SANTOS, Z. Dança gospel. Salvador: UFBA, 2021.A percepção sobre a dança e a cultura corporal apresenta aspectos relacionados, respectivamente, a', '[{"type":"text","content":"TEXTO IA partir do século IV, com os imperadores ditos cristãos, o teatro e a dança foram condenados. O batismo era recusado aos que atuavam no circo ou na pantomima. E em 398, no Concílio de Cartago, os que iam ao teatro nos dias santos foram excomungados.DINIZ, T.; SANTOS, G. História da dança. Disponível em: www.uel.br. Acesso em: 18 out. 2023.TEXTO IIA dança no ato litúrgico cumpre tanto um papel de adoração quanto mercadológico. Não à toa há aceitação, expansão e investimento nessa prática percebida massivamente pela ampla divulgação principalmente nas redes sociais. A expansão e ampliação por via de festivais, aulas, cursos, palestras etc. consolida a criação de um mercado específico para esse público.SANTOS, Z. Dança gospel. Salvador: UFBA, 2021.A percepção sobre a dança e a cultura corporal apresenta aspectos relacionados, respectivamente, a"}]', NULL, 'INEP · ENEM 2025 · 1º dia · Caderno 1 azul', 'https://download.inep.gov.br/enem/provas_e_gabaritos/2025_PV_impresso_D1_CD1.pdf', NULL, 'enem/2025/dia1', 'official', 'valid', 'published', 'imported', 1);
--> statement-breakpoint
INSERT INTO `question_options` (`id`, `question_id`, `label`, `content`, `is_correct`) VALUES (20250286, 2025058, 'A', '[{"type":"text","content":"segregação social e intolerância eclesiástica."}]', 0);
--> statement-breakpoint
INSERT INTO `question_options` (`id`, `question_id`, `label`, `content`, `is_correct`) VALUES (20250287, 2025058, 'B', '[{"type":"text","content":"rituais eucarísticos e sacramentos da Igreja."}]', 0);
--> statement-breakpoint
INSERT INTO `question_options` (`id`, `question_id`, `label`, `content`, `is_correct`) VALUES (20250288, 2025058, 'C', '[{"type":"text","content":"transe individual e progresso intelectual."}]', 0);
--> statement-breakpoint
INSERT INTO `question_options` (`id`, `question_id`, `label`, `content`, `is_correct`) VALUES (20250289, 2025058, 'D', '[{"type":"text","content":"penitência pessoal e juramento coletivo."}]', 0);
--> statement-breakpoint
INSERT INTO `question_options` (`id`, `question_id`, `label`, `content`, `is_correct`) VALUES (20250290, 2025058, 'E', '[{"type":"text","content":"dogmatismo religioso e adesão de fiéis."}]', 1);
--> statement-breakpoint
INSERT INTO `questions` (`id`, `external_id`, `year`, `exam_day`, `booklet`, `official_number`, `language`, `area`, `topic`, `statement`, `content_json`, `support_text`, `source_label`, `source_url`, `image_key`, `asset_bundle_key`, `difficulty`, `answer_status`, `status`, `review_status`, `taxonomy_version`) VALUES (2025059, 'enem-2025-d1-azul-shared-054', 2025, 1, 'azul', 54, NULL, 'Ciências Humanas', 'Prova oficial ENEM 2025', 'A ideia de êxodo urbano assume ares caricaturais. Pega a mais reduzida parte da pirâmide social e projeta para todos seus desejos defensivos. Se o êxodo urbano for compreendido como aquisição de uma segunda residência, então não estamos, de fato, falando de êxodo, mas da reversão de um excedente de renda de uma pequena fração da elite para as franjas metropolitanas. Se o êxodo urbano for compreendido como retorno aos municípios menos povoados, então não estamos, de fato, falando de êxodo urbano, mas de um movimento de migração de pessoas cuja estabilidade no emprego e a elevada renda lhes permitem simular, nas ilhas urbanas do interior agropecuário, a vida urbana metropolitana.ARRAIS, T. A. O distópico êxodo urbano. Revista e, n. 11, maio 2021 (adaptado).A crítica apresentada no texto evidencia uma dinâmica socioespacial marcada pela', '[{"type":"text","content":"A ideia de êxodo urbano assume ares caricaturais. Pega a mais reduzida parte da pirâmide social e projeta para todos seus desejos defensivos. Se o êxodo urbano for compreendido como aquisição de uma segunda residência, então não estamos, de fato, falando de êxodo, mas da reversão de um excedente de renda de uma pequena fração da elite para as franjas metropolitanas. Se o êxodo urbano for compreendido como retorno aos municípios menos povoados, então não estamos, de fato, falando de êxodo urbano, mas de um movimento de migração de pessoas cuja estabilidade no emprego e a elevada renda lhes permitem simular, nas ilhas urbanas do interior agropecuário, a vida urbana metropolitana.ARRAIS, T. A. O distópico êxodo urbano. Revista e, n. 11, maio 2021 (adaptado).A crítica apresentada no texto evidencia uma dinâmica socioespacial marcada pela"}]', NULL, 'INEP · ENEM 2025 · 1º dia · Caderno 1 azul', 'https://download.inep.gov.br/enem/provas_e_gabaritos/2025_PV_impresso_D1_CD1.pdf', NULL, 'enem/2025/dia1', 'official', 'valid', 'published', 'imported', 1);
--> statement-breakpoint
INSERT INTO `question_options` (`id`, `question_id`, `label`, `content`, `is_correct`) VALUES (20250291, 2025059, 'A', '[{"type":"text","content":"valorização de tradições rurais."}]', 0);
--> statement-breakpoint
INSERT INTO `question_options` (`id`, `question_id`, `label`, `content`, `is_correct`) VALUES (20250292, 2025059, 'B', '[{"type":"text","content":"redução de plantações agrícolas."}]', 0);
--> statement-breakpoint
INSERT INTO `question_options` (`id`, `question_id`, `label`, `content`, `is_correct`) VALUES (20250293, 2025059, 'C', '[{"type":"text","content":"estagnação de atividades comerciais."}]', 0);
--> statement-breakpoint
INSERT INTO `question_options` (`id`, `question_id`, `label`, `content`, `is_correct`) VALUES (20250294, 2025059, 'D', '[{"type":"text","content":"precariedade de infraestruturas rodoviárias."}]', 0);
--> statement-breakpoint
INSERT INTO `question_options` (`id`, `question_id`, `label`, `content`, `is_correct`) VALUES (20250295, 2025059, 'E', '[{"type":"text","content":"seletividade de deslocamentos populacionais."}]', 1);
--> statement-breakpoint
INSERT INTO `questions` (`id`, `external_id`, `year`, `exam_day`, `booklet`, `official_number`, `language`, `area`, `topic`, `statement`, `content_json`, `support_text`, `source_label`, `source_url`, `image_key`, `asset_bundle_key`, `difficulty`, `answer_status`, `status`, `review_status`, `taxonomy_version`) VALUES (2025060, 'enem-2025-d1-azul-shared-055', 2025, 1, 'azul', 55, NULL, 'Ciências Humanas', 'Prova oficial ENEM 2025', 'A “invenção” dessa nova anatomia política não deve ser entendida como uma descoberta súbita. Mas como uma multiplicidade de processos muitas vezes mínimos, de origens diferentes, de localizações esparsas, que se recordam, que se repetem, ou se imitam, apoiam-se uns sobre os outros e esboçam aos poucos a fachada de um método geral. Encontramo-los em funcionamento nos colégios, muito cedo; mais tarde, nas escolas primárias, no espaço hospitalar e na organização militar.FOUCAULT, M. Vigiar e punir. Petrópolis: Vozes, 2011.O texto indica o seguinte aspecto da disciplina como ferramenta política:', '[{"type":"text","content":"A “invenção” dessa nova anatomia política não deve ser entendida como uma descoberta súbita. Mas como uma multiplicidade de processos muitas vezes mínimos, de origens diferentes, de localizações esparsas, que se recordam, que se repetem, ou se imitam, apoiam-se uns sobre os outros e esboçam aos poucos a fachada de um método geral. Encontramo-los em funcionamento nos colégios, muito cedo; mais tarde, nas escolas primárias, no espaço hospitalar e na organização militar.FOUCAULT, M. Vigiar e punir. Petrópolis: Vozes, 2011.O texto indica o seguinte aspecto da disciplina como ferramenta política:"}]', NULL, 'INEP · ENEM 2025 · 1º dia · Caderno 1 azul', 'https://download.inep.gov.br/enem/provas_e_gabaritos/2025_PV_impresso_D1_CD1.pdf', NULL, 'enem/2025/dia1', 'official', 'valid', 'published', 'imported', 1);
--> statement-breakpoint
INSERT INTO `question_options` (`id`, `question_id`, `label`, `content`, `is_correct`) VALUES (20250296, 2025060, 'A', '[{"type":"text","content":"Expansão das técnicas de suplício."}]', 0);
--> statement-breakpoint
INSERT INTO `question_options` (`id`, `question_id`, `label`, `content`, `is_correct`) VALUES (20250297, 2025060, 'B', '[{"type":"text","content":"Judicialização das relações de poder."}]', 0);
--> statement-breakpoint
INSERT INTO `question_options` (`id`, `question_id`, `label`, `content`, `is_correct`) VALUES (20250298, 2025060, 'C', '[{"type":"text","content":"Dissolução das distinções de nobreza."}]', 0);
--> statement-breakpoint
INSERT INTO `question_options` (`id`, `question_id`, `label`, `content`, `is_correct`) VALUES (20250299, 2025060, 'D', '[{"type":"text","content":"Capilarização das práticas de controle."}]', 1);
--> statement-breakpoint
INSERT INTO `question_options` (`id`, `question_id`, `label`, `content`, `is_correct`) VALUES (20250300, 2025060, 'E', '[{"type":"text","content":"Espetacularização das medidas de penitência."}]', 0);
--> statement-breakpoint
INSERT INTO `questions` (`id`, `external_id`, `year`, `exam_day`, `booklet`, `official_number`, `language`, `area`, `topic`, `statement`, `content_json`, `support_text`, `source_label`, `source_url`, `image_key`, `asset_bundle_key`, `difficulty`, `answer_status`, `status`, `review_status`, `taxonomy_version`) VALUES (2025061, 'enem-2025-d1-azul-shared-056', 2025, 1, 'azul', 56, NULL, 'Ciências Humanas', 'Prova oficial ENEM 2025', 'Por séculos, o Rio Reno tem sido uma rota de navegação confiável, ajudando a criar gigantes fabris ao longo de suas margens. No entanto, esses dias parecem estar no fim, pois o nível da água tem diminuído regularmente, o que impede a navegação fluvial do final do verão até o outono. Isso mostra como a crise climática atinge as economias dos países ricos.Disponível em: www.estadao.com.br. Acesso em: 10 ago. 2023 (adaptado).Qual é o efeito econômico do problema ambiental apresentado no texto?', '[{"type":"text","content":"Por séculos, o Rio Reno tem sido uma rota de navegação confiável, ajudando a criar gigantes fabris ao longo de suas margens. No entanto, esses dias parecem estar no fim, pois o nível da água tem diminuído regularmente, o que impede a navegação fluvial do final do verão até o outono. Isso mostra como a crise climática atinge as economias dos países ricos.Disponível em: www.estadao.com.br. Acesso em: 10 ago. 2023 (adaptado).Qual é o efeito econômico do problema ambiental apresentado no texto?"}]', NULL, 'INEP · ENEM 2025 · 1º dia · Caderno 1 azul', 'https://download.inep.gov.br/enem/provas_e_gabaritos/2025_PV_impresso_D1_CD1.pdf', NULL, 'enem/2025/dia1', 'official', 'valid', 'published', 'imported', 1);
--> statement-breakpoint
INSERT INTO `question_options` (`id`, `question_id`, `label`, `content`, `is_correct`) VALUES (20250301, 2025061, 'A', '[{"type":"text","content":"Supressão da extração de minério."}]', 0);
--> statement-breakpoint
INSERT INTO `question_options` (`id`, `question_id`, `label`, `content`, `is_correct`) VALUES (20250302, 2025061, 'B', '[{"type":"text","content":"Intensificação da atividade de pesca."}]', 0);
--> statement-breakpoint
INSERT INTO `question_options` (`id`, `question_id`, `label`, `content`, `is_correct`) VALUES (20250303, 2025061, 'C', '[{"type":"text","content":"Encarecimento da logística de transporte."}]', 1);
--> statement-breakpoint
INSERT INTO `question_options` (`id`, `question_id`, `label`, `content`, `is_correct`) VALUES (20250304, 2025061, 'D', '[{"type":"text","content":"Inviabilização da agricultura de subsistência."}]', 0);
--> statement-breakpoint
INSERT INTO `question_options` (`id`, `question_id`, `label`, `content`, `is_correct`) VALUES (20250305, 2025061, 'E', '[{"type":"text","content":"Sucateamento da indústria de transformação."}]', 0);
--> statement-breakpoint
INSERT INTO `questions` (`id`, `external_id`, `year`, `exam_day`, `booklet`, `official_number`, `language`, `area`, `topic`, `statement`, `content_json`, `support_text`, `source_label`, `source_url`, `image_key`, `asset_bundle_key`, `difficulty`, `answer_status`, `status`, `review_status`, `taxonomy_version`) VALUES (2025062, 'enem-2025-d1-azul-shared-057', 2025, 1, 'azul', 57, NULL, 'Ciências Humanas', 'Prova oficial ENEM 2025', 'Dos 10 aos 15 anos de idade, Virgínia adorava acompanhar seu pai, aos domingos, naquela sinestésica Feira de São Cristóvão (RJ), talvez por ser o maior elo que ela experimentava com o mundo exterior à sua casa e, visto assim e agora, tão íntimo e próximo de algo que ela ainda não sabia, mas que seria, no futuro, a sua própria casa: a Paraíba. Dona Didi costurava, sob medida, camisas sociais, bermudas, shorts, vestidos, saias, sempre em casa e rodeada pelos quatro filhos pequenos do casal, desdobrando-se para dar conta de toda a responsabilidade sem trégua que isso demandava.PASSOS, M. C. P. et al. apud SCARELI, G. A máquina de costura e os fios da memória. Revista Brasileira de Pesquisa (Auto) Biográfica,n. 18, maio-ago. 2021 (adaptado).Os itinerários afetivos e socioespaciais mencionados no texto associam-se à vida dos personagens por apresentarem', '[{"type":"text","content":"Dos 10 aos 15 anos de idade, Virgínia adorava acompanhar seu pai, aos domingos, naquela sinestésica Feira de São Cristóvão (RJ), talvez por ser o maior elo que ela experimentava com o mundo exterior à sua casa e, visto assim e agora, tão íntimo e próximo de algo que ela ainda não sabia, mas que seria, no futuro, a sua própria casa: a Paraíba. Dona Didi costurava, sob medida, camisas sociais, bermudas, shorts, vestidos, saias, sempre em casa e rodeada pelos quatro filhos pequenos do casal, desdobrando-se para dar conta de toda a responsabilidade sem trégua que isso demandava.PASSOS, M. C. P. et al. apud SCARELI, G. A máquina de costura e os fios da memória. Revista Brasileira de Pesquisa (Auto) Biográfica,n. 18, maio-ago. 2021 (adaptado).Os itinerários afetivos e socioespaciais mencionados no texto associam-se à vida dos personagens por apresentarem"}]', NULL, 'INEP · ENEM 2025 · 1º dia · Caderno 1 azul', 'https://download.inep.gov.br/enem/provas_e_gabaritos/2025_PV_impresso_D1_CD1.pdf', NULL, 'enem/2025/dia1', 'official', 'valid', 'published', 'imported', 1);
--> statement-breakpoint
INSERT INTO `question_options` (`id`, `question_id`, `label`, `content`, `is_correct`) VALUES (20250306, 2025062, 'A', '[{"type":"text","content":"histórias conectadas e recordações do lugar."}]', 1);
--> statement-breakpoint
INSERT INTO `question_options` (`id`, `question_id`, `label`, `content`, `is_correct`) VALUES (20250307, 2025062, 'B', '[{"type":"text","content":"direitos trabalhistas e produção industrial."}]', 0);
--> statement-breakpoint
INSERT INTO `question_options` (`id`, `question_id`, `label`, `content`, `is_correct`) VALUES (20250308, 2025062, 'C', '[{"type":"text","content":"preconceitos linguísticos e dinâmicas territoriais."}]', 0);
--> statement-breakpoint
INSERT INTO `question_options` (`id`, `question_id`, `label`, `content`, `is_correct`) VALUES (20250309, 2025062, 'D', '[{"type":"text","content":"lembranças fabris e discriminação dos operários."}]', 0);
--> statement-breakpoint
INSERT INTO `question_options` (`id`, `question_id`, `label`, `content`, `is_correct`) VALUES (20250310, 2025062, 'E', '[{"type":"text","content":"experiências profissionais e segregação regional."}]', 0);
--> statement-breakpoint
INSERT INTO `questions` (`id`, `external_id`, `year`, `exam_day`, `booklet`, `official_number`, `language`, `area`, `topic`, `statement`, `content_json`, `support_text`, `source_label`, `source_url`, `image_key`, `asset_bundle_key`, `difficulty`, `answer_status`, `status`, `review_status`, `taxonomy_version`) VALUES (2025063, 'enem-2025-d1-azul-shared-058', 2025, 1, 'azul', 58, NULL, 'Ciências Humanas', 'Prova oficial ENEM 2025', 'Em 1872, havia mais de 1 milhão de votantes, correspondentes a 13% da população livre. Em 1886, votaram nas eleições parlamentares pouco mais de 100 mil eleitores, ou 0,8% da população total. Houve um corte de quase 90% do eleitorado. O dado é chocante, sobretudo se lembrarmos que a tendência de todos os países europeus da época era na direção de ampliar os direitos políticos. O mais grave é que esse retrocesso foi duradouro. A Proclamação da República não alterou o quadro.CARVALHO, J. M. Cidadania no Brasil. Rio de Janeiro: Civilização Brasileira, 2002 (adaptado).De acordo com o texto, a participação no processo eleitoral brasileiro após a Reforma de 1881 sofreu uma variação que se explica pela', '[{"type":"text","content":"Em 1872, havia mais de 1 milhão de votantes, correspondentes a 13% da população livre. Em 1886, votaram nas eleições parlamentares pouco mais de 100 mil eleitores, ou 0,8% da população total. Houve um corte de quase 90% do eleitorado. O dado é chocante, sobretudo se lembrarmos que a tendência de todos os países europeus da época era na direção de ampliar os direitos políticos. O mais grave é que esse retrocesso foi duradouro. A Proclamação da República não alterou o quadro.CARVALHO, J. M. Cidadania no Brasil. Rio de Janeiro: Civilização Brasileira, 2002 (adaptado).De acordo com o texto, a participação no processo eleitoral brasileiro após a Reforma de 1881 sofreu uma variação que se explica pela"}]', NULL, 'INEP · ENEM 2025 · 1º dia · Caderno 1 azul', 'https://download.inep.gov.br/enem/provas_e_gabaritos/2025_PV_impresso_D1_CD1.pdf', NULL, 'enem/2025/dia1', 'official', 'valid', 'published', 'imported', 1);
--> statement-breakpoint
INSERT INTO `question_options` (`id`, `question_id`, `label`, `content`, `is_correct`) VALUES (20250311, 2025063, 'A', '[{"type":"text","content":"restrição de gênero."}]', 0);
--> statement-breakpoint
INSERT INTO `question_options` (`id`, `question_id`, `label`, `content`, `is_correct`) VALUES (20250312, 2025063, 'B', '[{"type":"text","content":"exclusão de imigrantes."}]', 0);
--> statement-breakpoint
INSERT INTO `question_options` (`id`, `question_id`, `label`, `content`, `is_correct`) VALUES (20250313, 2025063, 'C', '[{"type":"text","content":"comprovação de domicílio."}]', 0);
--> statement-breakpoint
INSERT INTO `question_options` (`id`, `question_id`, `label`, `content`, `is_correct`) VALUES (20250314, 2025063, 'D', '[{"type":"text","content":"exigência da alfabetização."}]', 1);
--> statement-breakpoint
INSERT INTO `question_options` (`id`, `question_id`, `label`, `content`, `is_correct`) VALUES (20250315, 2025063, 'E', '[{"type":"text","content":"obrigatoriedade do sufrágio."}]', 0);
--> statement-breakpoint
INSERT INTO `questions` (`id`, `external_id`, `year`, `exam_day`, `booklet`, `official_number`, `language`, `area`, `topic`, `statement`, `content_json`, `support_text`, `source_label`, `source_url`, `image_key`, `asset_bundle_key`, `difficulty`, `answer_status`, `status`, `review_status`, `taxonomy_version`) VALUES (2025064, 'enem-2025-d1-azul-shared-059', 2025, 1, 'azul', 59, NULL, 'Ciências Humanas', 'Prova oficial ENEM 2025', 'Pela falta de chuvas, a geração de energia eólica, solar e térmica atingiu níveis recordes em agosto de 2021, quando as hidrelétricas ficaram com cerca de 50% do total. Para um professor da Universidade Federal da Bahia, essa queda não é uma surpresa. “Não aconteceu de uma hora para outra. Se olharmos o mapa do Brasil, um dos grandes provedores de água é a Floresta Amazônica. Se você diminui a floresta, diminui a quantidade de água que vai para a atmosfera”, explica.BORGES, T. O fantasma do apagão. Disponível em: www.correio24horas.com.br. Acesso em: 9 out. 2021 (adaptado).De acordo com o texto, a dificuldade na produção de energia é causada pela alteração da(s)', '[{"type":"text","content":"Pela falta de chuvas, a geração de energia eólica, solar e térmica atingiu níveis recordes em agosto de 2021, quando as hidrelétricas ficaram com cerca de 50% do total. Para um professor da Universidade Federal da Bahia, essa queda não é uma surpresa. “Não aconteceu de uma hora para outra. Se olharmos o mapa do Brasil, um dos grandes provedores de água é a Floresta Amazônica. Se você diminui a floresta, diminui a quantidade de água que vai para a atmosfera”, explica.BORGES, T. O fantasma do apagão. Disponível em: www.correio24horas.com.br. Acesso em: 9 out. 2021 (adaptado).De acordo com o texto, a dificuldade na produção de energia é causada pela alteração da(s)"}]', NULL, 'INEP · ENEM 2025 · 1º dia · Caderno 1 azul', 'https://download.inep.gov.br/enem/provas_e_gabaritos/2025_PV_impresso_D1_CD1.pdf', NULL, 'enem/2025/dia1', 'official', 'valid', 'published', 'imported', 1);
--> statement-breakpoint
INSERT INTO `question_options` (`id`, `question_id`, `label`, `content`, `is_correct`) VALUES (20250316, 2025064, 'A', '[{"type":"text","content":"variável em pesquisas meteorológicas."}]', 0);
--> statement-breakpoint
INSERT INTO `question_options` (`id`, `question_id`, `label`, `content`, `is_correct`) VALUES (20250317, 2025064, 'B', '[{"type":"text","content":"paisagem em locais estratégicos."}]', 1);
--> statement-breakpoint
INSERT INTO `question_options` (`id`, `question_id`, `label`, `content`, `is_correct`) VALUES (20250318, 2025064, 'C', '[{"type":"text","content":"demandas em regiões industriais."}]', 0);
--> statement-breakpoint
INSERT INTO `question_options` (`id`, `question_id`, `label`, `content`, `is_correct`) VALUES (20250319, 2025064, 'D', '[{"type":"text","content":"metas em acordos climáticos."}]', 0);
--> statement-breakpoint
INSERT INTO `question_options` (`id`, `question_id`, `label`, `content`, `is_correct`) VALUES (20250320, 2025064, 'E', '[{"type":"text","content":"geologia em áreas naturais."}]', 0);
--> statement-breakpoint
INSERT INTO `questions` (`id`, `external_id`, `year`, `exam_day`, `booklet`, `official_number`, `language`, `area`, `topic`, `statement`, `content_json`, `support_text`, `source_label`, `source_url`, `image_key`, `asset_bundle_key`, `difficulty`, `answer_status`, `status`, `review_status`, `taxonomy_version`) VALUES (2025065, 'enem-2025-d1-azul-shared-060', 2025, 1, 'azul', 60, NULL, 'Ciências Humanas', 'Prova oficial ENEM 2025', 'Adam Smith via o açougueiro e o padeiro não só como indivíduos buscando seus interesses financeiros, mas como pessoas moralmente motivadas dentro de uma sociedade. A base da moral era a empatia e o julgamento, instaurando uma distinção entre o que queremos fazer e o que sentimos que devemos fazer.COLLIER, P. O futuro do capitalismo. Porto Alegre: LP&M, 2019.O texto defende uma motivação capitalista para o campo dos negócios, na qual o lucro se mostra associado à', '[{"type":"text","content":"Adam Smith via o açougueiro e o padeiro não só como indivíduos buscando seus interesses financeiros, mas como pessoas moralmente motivadas dentro de uma sociedade. A base da moral era a empatia e o julgamento, instaurando uma distinção entre o que queremos fazer e o que sentimos que devemos fazer.COLLIER, P. O futuro do capitalismo. Porto Alegre: LP&M, 2019.O texto defende uma motivação capitalista para o campo dos negócios, na qual o lucro se mostra associado à"}]', NULL, 'INEP · ENEM 2025 · 1º dia · Caderno 1 azul', 'https://download.inep.gov.br/enem/provas_e_gabaritos/2025_PV_impresso_D1_CD1.pdf', NULL, 'enem/2025/dia1', 'official', 'valid', 'published', 'imported', 1);
--> statement-breakpoint
INSERT INTO `question_options` (`id`, `question_id`, `label`, `content`, `is_correct`) VALUES (20250321, 2025065, 'A', '[{"type":"text","content":"consolidação do poder político."}]', 0);
--> statement-breakpoint
INSERT INTO `question_options` (`id`, `question_id`, `label`, `content`, `is_correct`) VALUES (20250322, 2025065, 'B', '[{"type":"text","content":"procura de satisfação subjetiva."}]', 0);
--> statement-breakpoint
INSERT INTO `question_options` (`id`, `question_id`, `label`, `content`, `is_correct`) VALUES (20250323, 2025065, 'C', '[{"type":"text","content":"estruturação do monopólio comercial."}]', 0);
--> statement-breakpoint
INSERT INTO `question_options` (`id`, `question_id`, `label`, `content`, `is_correct`) VALUES (20250324, 2025065, 'D', '[{"type":"text","content":"percepção de responsabilidade ética."}]', 1);
--> statement-breakpoint
INSERT INTO `question_options` (`id`, `question_id`, `label`, `content`, `is_correct`) VALUES (20250325, 2025065, 'E', '[{"type":"text","content":"conquista do reconhecimento público."}]', 0);
--> statement-breakpoint
INSERT INTO `questions` (`id`, `external_id`, `year`, `exam_day`, `booklet`, `official_number`, `language`, `area`, `topic`, `statement`, `content_json`, `support_text`, `source_label`, `source_url`, `image_key`, `asset_bundle_key`, `difficulty`, `answer_status`, `status`, `review_status`, `taxonomy_version`) VALUES (2025066, 'enem-2025-d1-azul-shared-061', 2025, 1, 'azul', 61, NULL, 'Ciências Humanas', 'Prova oficial ENEM 2025', 'O corpo de cidadãos é o poder supremo dos Estados. A supremacia pode residir ou num homem, ou na minoria, ou em todos. Sempre que o Um, ou a Minoria, ou Todos governam, tendo em vista o bem-estar comum, essas constituições são justas; mas se procuram apenas o benefício de uma das partes, seja ela o Um, a Minoria ou Todos, estabelece-se um desvio.ARISTÓTELES. Política. São Paulo: Nova Cultural, 2000.No excerto encontra-se a base da teoria clássica das três formas de governo representadas pela', '[{"type":"text","content":"O corpo de cidadãos é o poder supremo dos Estados. A supremacia pode residir ou num homem, ou na minoria, ou em todos. Sempre que o Um, ou a Minoria, ou Todos governam, tendo em vista o bem-estar comum, essas constituições são justas; mas se procuram apenas o benefício de uma das partes, seja ela o Um, a Minoria ou Todos, estabelece-se um desvio.ARISTÓTELES. Política. São Paulo: Nova Cultural, 2000.No excerto encontra-se a base da teoria clássica das três formas de governo representadas pela"}]', NULL, 'INEP · ENEM 2025 · 1º dia · Caderno 1 azul', 'https://download.inep.gov.br/enem/provas_e_gabaritos/2025_PV_impresso_D1_CD1.pdf', NULL, 'enem/2025/dia1', 'official', 'valid', 'published', 'imported', 1);
--> statement-breakpoint
INSERT INTO `question_options` (`id`, `question_id`, `label`, `content`, `is_correct`) VALUES (20250326, 2025066, 'A', '[{"type":"text","content":"tirania, oligarquia e república."}]', 0);
--> statement-breakpoint
INSERT INTO `question_options` (`id`, `question_id`, `label`, `content`, `is_correct`) VALUES (20250327, 2025066, 'B', '[{"type":"text","content":"burocracia, autarquia e império."}]', 0);
--> statement-breakpoint
INSERT INTO `question_options` (`id`, `question_id`, `label`, `content`, `is_correct`) VALUES (20250328, 2025066, 'C', '[{"type":"text","content":"ditadura, autocracia e anarquia."}]', 0);
--> statement-breakpoint
INSERT INTO `question_options` (`id`, `question_id`, `label`, `content`, `is_correct`) VALUES (20250329, 2025066, 'D', '[{"type":"text","content":"plutocracia, tecnocracia e demagogia."}]', 0);
--> statement-breakpoint
INSERT INTO `question_options` (`id`, `question_id`, `label`, `content`, `is_correct`) VALUES (20250330, 2025066, 'E', '[{"type":"text","content":"monarquia, aristocracia e democracia."}]', 1);
--> statement-breakpoint
INSERT INTO `questions` (`id`, `external_id`, `year`, `exam_day`, `booklet`, `official_number`, `language`, `area`, `topic`, `statement`, `content_json`, `support_text`, `source_label`, `source_url`, `image_key`, `asset_bundle_key`, `difficulty`, `answer_status`, `status`, `review_status`, `taxonomy_version`) VALUES (2025067, 'enem-2025-d1-azul-shared-062', 2025, 1, 'azul', 62, NULL, 'Ciências Humanas', 'Prova oficial ENEM 2025', 'Para que a utopia nasça, é preciso duas condições. A primeira é a forte sensação de que o mundo não está funcionando adequadamente e deve ter seus fundamentos revistos para que se reajuste. A segunda condição é a existência de uma confiança no potencial humano à altura da tarefa de reformar o mundo, a crença de que nós, seres humanos, podemos fazê-lo, sendo capazes de perceber o que está errado com o mundo, o que precisa ser modificado, quais são os pontos problemáticos, e ter força e coragem para extirpá-los.BAUMAN, Z. apud OLIVEIRA, D. Bauman: para que a utopia renasça, é preciso confiar no potencial humano. Revista Cult, jan. 2017.De acordo com o autor, qual é a função da utopia no contexto das transformações sociais?', '[{"type":"text","content":"Para que a utopia nasça, é preciso duas condições. A primeira é a forte sensação de que o mundo não está funcionando adequadamente e deve ter seus fundamentos revistos para que se reajuste. A segunda condição é a existência de uma confiança no potencial humano à altura da tarefa de reformar o mundo, a crença de que nós, seres humanos, podemos fazê-lo, sendo capazes de perceber o que está errado com o mundo, o que precisa ser modificado, quais são os pontos problemáticos, e ter força e coragem para extirpá-los.BAUMAN, Z. apud OLIVEIRA, D. Bauman: para que a utopia renasça, é preciso confiar no potencial humano. Revista Cult, jan. 2017.De acordo com o autor, qual é a função da utopia no contexto das transformações sociais?"}]', NULL, 'INEP · ENEM 2025 · 1º dia · Caderno 1 azul', 'https://download.inep.gov.br/enem/provas_e_gabaritos/2025_PV_impresso_D1_CD1.pdf', NULL, 'enem/2025/dia1', 'official', 'valid', 'published', 'imported', 1);
--> statement-breakpoint
INSERT INTO `question_options` (`id`, `question_id`, `label`, `content`, `is_correct`) VALUES (20250331, 2025067, 'A', '[{"type":"text","content":"Habilitar memórias afetivas."}]', 0);
--> statement-breakpoint
INSERT INTO `question_options` (`id`, `question_id`, `label`, `content`, `is_correct`) VALUES (20250332, 2025067, 'B', '[{"type":"text","content":"Apontar alternativas possíveis."}]', 1);
--> statement-breakpoint
INSERT INTO `question_options` (`id`, `question_id`, `label`, `content`, `is_correct`) VALUES (20250333, 2025067, 'C', '[{"type":"text","content":"Legitimar experiências pretéritas."}]', 0);
--> statement-breakpoint
INSERT INTO `question_options` (`id`, `question_id`, `label`, `content`, `is_correct`) VALUES (20250334, 2025067, 'D', '[{"type":"text","content":"Perpetuar paradigmas científicos."}]', 0);
--> statement-breakpoint
INSERT INTO `question_options` (`id`, `question_id`, `label`, `content`, `is_correct`) VALUES (20250335, 2025067, 'E', '[{"type":"text","content":"Empreender soluções conclusivas."}]', 0);
--> statement-breakpoint
INSERT INTO `questions` (`id`, `external_id`, `year`, `exam_day`, `booklet`, `official_number`, `language`, `area`, `topic`, `statement`, `content_json`, `support_text`, `source_label`, `source_url`, `image_key`, `asset_bundle_key`, `difficulty`, `answer_status`, `status`, `review_status`, `taxonomy_version`) VALUES (2025068, 'enem-2025-d1-azul-shared-063', 2025, 1, 'azul', 63, NULL, 'Ciências Humanas', 'Prova oficial ENEM 2025', 'Produção e exportações brasileiras no ranking mundial em 2019 Fonte: USDA, 2020. Elaboração CNA.*Fatia de participação na produção mundial.Disponível em: www.cnabrasil.org.br. Acesso em: 15 out. 2021.Qual condição favoreceu o cenário produtivo exposto na figura?', '[{"type":"text","content":"Produção e exportações brasileiras no ranking mundial em 2019"},{"type":"image","content":"/enem/2025/dia1/question-63.png"},{"type":"text","content":"Fonte: USDA, 2020. Elaboração CNA.*Fatia de participação na produção mundial.Disponível em: www.cnabrasil.org.br. Acesso em: 15 out. 2021.Qual condição favoreceu o cenário produtivo exposto na figura?"}]', NULL, 'INEP · ENEM 2025 · 1º dia · Caderno 1 azul', 'https://download.inep.gov.br/enem/provas_e_gabaritos/2025_PV_impresso_D1_CD1.pdf', '/enem/2025/dia1/question-63.png', 'enem/2025/dia1', 'official', 'valid', 'published', 'imported', 1);
--> statement-breakpoint
INSERT INTO `question_options` (`id`, `question_id`, `label`, `content`, `is_correct`) VALUES (20250336, 2025068, 'A', '[{"type":"text","content":"Redução do poder de compra da população brasileira."}]', 0);
--> statement-breakpoint
INSERT INTO `question_options` (`id`, `question_id`, `label`, `content`, `is_correct`) VALUES (20250337, 2025068, 'B', '[{"type":"text","content":"Ampliação da entrada do capital agroindustrial no campo."}]', 1);
--> statement-breakpoint
INSERT INTO `question_options` (`id`, `question_id`, `label`, `content`, `is_correct`) VALUES (20250338, 2025068, 'C', '[{"type":"text","content":"Diminuição do uso de trabalho especializado na agropecuária."}]', 0);
--> statement-breakpoint
INSERT INTO `question_options` (`id`, `question_id`, `label`, `content`, `is_correct`) VALUES (20250339, 2025068, 'D', '[{"type":"text","content":"Valorização da moeda nacional em relação ao dólar americano."}]', 0);
--> statement-breakpoint
INSERT INTO `question_options` (`id`, `question_id`, `label`, `content`, `is_correct`) VALUES (20250340, 2025068, 'E', '[{"type":"text","content":"Inclusão de pequenas propriedades em cultivos de subsistência."}]', 0);
--> statement-breakpoint
INSERT INTO `questions` (`id`, `external_id`, `year`, `exam_day`, `booklet`, `official_number`, `language`, `area`, `topic`, `statement`, `content_json`, `support_text`, `source_label`, `source_url`, `image_key`, `asset_bundle_key`, `difficulty`, `answer_status`, `status`, `review_status`, `taxonomy_version`) VALUES (2025069, 'enem-2025-d1-azul-shared-064', 2025, 1, 'azul', 64, NULL, 'Ciências Humanas', 'Prova oficial ENEM 2025', 'Em toda a sua carreira política, Getúlio Vargas sempre contara com o seu talento pessoal de persuasão e poder de manipulação. Agora, porém, seus amigos começavam a perceber que ele parecia envelhecido e cansado. A principal figura da oposição, concordavam eles, era o belicoso jornalista Carlos Lacerda. Se ao menos pudessem “removê-lo” do cenário político, talvez Vargas se salvasse da situação. Esses seguidores decidiram tomar o assunto em suas próprias mãos com o atentado da Rua Tonelero.SKDIMORE, T. Brasil: de Getúlio a Castelo. Rio de Janeiro: Paz e Terra, 2003 (adaptado).Nesse contexto, a ação dos aliados de Getúlio Vargas teve como consequência imediata o(a)', '[{"type":"text","content":"Em toda a sua carreira política, Getúlio Vargas sempre contara com o seu talento pessoal de persuasão e poder de manipulação. Agora, porém, seus amigos começavam a perceber que ele parecia envelhecido e cansado. A principal figura da oposição, concordavam eles, era o belicoso jornalista Carlos Lacerda. Se ao menos pudessem “removê-lo” do cenário político, talvez Vargas se salvasse da situação. Esses seguidores decidiram tomar o assunto em suas próprias mãos com o atentado da Rua Tonelero.SKDIMORE, T. Brasil: de Getúlio a Castelo. Rio de Janeiro: Paz e Terra, 2003 (adaptado).Nesse contexto, a ação dos aliados de Getúlio Vargas teve como consequência imediata o(a)"}]', NULL, 'INEP · ENEM 2025 · 1º dia · Caderno 1 azul', 'https://download.inep.gov.br/enem/provas_e_gabaritos/2025_PV_impresso_D1_CD1.pdf', NULL, 'enem/2025/dia1', 'official', 'valid', 'published', 'imported', 1);
--> statement-breakpoint
INSERT INTO `question_options` (`id`, `question_id`, `label`, `content`, `is_correct`) VALUES (20250341, 2025069, 'A', '[{"type":"text","content":"intensificação dos ataques do grupo udenista."}]', 1);
--> statement-breakpoint
INSERT INTO `question_options` (`id`, `question_id`, `label`, `content`, `is_correct`) VALUES (20250342, 2025069, 'B', '[{"type":"text","content":"intervenção dos sindicatos no conflito partidário."}]', 0);
--> statement-breakpoint
INSERT INTO `question_options` (`id`, `question_id`, `label`, `content`, `is_correct`) VALUES (20250343, 2025069, 'C', '[{"type":"text","content":"mobilização da sociedade na defesa do governo."}]', 0);
--> statement-breakpoint
INSERT INTO `question_options` (`id`, `question_id`, `label`, `content`, `is_correct`) VALUES (20250344, 2025069, 'D', '[{"type":"text","content":"abandono da censura aos meios de comunicação."}]', 0);
--> statement-breakpoint
INSERT INTO `question_options` (`id`, `question_id`, `label`, `content`, `is_correct`) VALUES (20250345, 2025069, 'E', '[{"type":"text","content":"apoio dos parlamentares aos candidatos oposicionistas."}]', 0);
--> statement-breakpoint
INSERT INTO `questions` (`id`, `external_id`, `year`, `exam_day`, `booklet`, `official_number`, `language`, `area`, `topic`, `statement`, `content_json`, `support_text`, `source_label`, `source_url`, `image_key`, `asset_bundle_key`, `difficulty`, `answer_status`, `status`, `review_status`, `taxonomy_version`) VALUES (2025070, 'enem-2025-d1-azul-shared-065', 2025, 1, 'azul', 65, NULL, 'Ciências Humanas', 'Prova oficial ENEM 2025', 'O que eu queria ter sidoUm nome para o que sou, importa muito pouco. Importa o que eu gostaria de ser. O que eu gostaria de ser era uma lutadora. Quero dizer, uma pessoa que luta pelo bem dos outros. Isso desde pequena eu quis. Por que foi o destino me levando a escrever o que já escrevi, em vez de também desenvolver em mim a qualidade de lutadora que eu tinha? Em pequena, minha família por brincadeira chamava-me de “a protetora dos animais”. Porque bastava acusarem uma pessoa para eu imediatamente defendê-la. E eu sentia o drama social com tanta intensidade que vivia de coração perplexo diante das grandes injustiças a que são submetidas as chamadas classes menos privilegiadas.LISPECTOR, C. Aprendendo a viver. Rio de Janeiro: Rocco Digital, 2013.A reflexão contida no texto faz referência aos pressupostos de uma doutrina ética representada pelo', '[{"type":"text","content":"O que eu queria ter sidoUm nome para o que sou, importa muito pouco. Importa o que eu gostaria de ser. O que eu gostaria de ser era uma lutadora. Quero dizer, uma pessoa que luta pelo bem dos outros. Isso desde pequena eu quis. Por que foi o destino me levando a escrever o que já escrevi, em vez de também desenvolver em mim a qualidade de lutadora que eu tinha? Em pequena, minha família por brincadeira chamava-me de “a protetora dos animais”. Porque bastava acusarem uma pessoa para eu imediatamente defendê-la. E eu sentia o drama social com tanta intensidade que vivia de coração perplexo diante das grandes injustiças a que são submetidas as chamadas classes menos privilegiadas.LISPECTOR, C. Aprendendo a viver. Rio de Janeiro: Rocco Digital, 2013.A reflexão contida no texto faz referência aos pressupostos de uma doutrina ética representada pelo"}]', NULL, 'INEP · ENEM 2025 · 1º dia · Caderno 1 azul', 'https://download.inep.gov.br/enem/provas_e_gabaritos/2025_PV_impresso_D1_CD1.pdf', NULL, 'enem/2025/dia1', 'official', 'valid', 'published', 'imported', 1);
--> statement-breakpoint
INSERT INTO `question_options` (`id`, `question_id`, `label`, `content`, `is_correct`) VALUES (20250346, 2025070, 'A', '[{"type":"text","content":"estado eudaimônico."}]', 0);
--> statement-breakpoint
INSERT INTO `question_options` (`id`, `question_id`, `label`, `content`, `is_correct`) VALUES (20250347, 2025070, 'B', '[{"type":"text","content":"referencial hedonista."}]', 0);
--> statement-breakpoint
INSERT INTO `question_options` (`id`, `question_id`, `label`, `content`, `is_correct`) VALUES (20250348, 2025070, 'C', '[{"type":"text","content":"pensamento altruísta."}]', 1);
--> statement-breakpoint
INSERT INTO `question_options` (`id`, `question_id`, `label`, `content`, `is_correct`) VALUES (20250349, 2025070, 'D', '[{"type":"text","content":"movimento antiespecista."}]', 0);
--> statement-breakpoint
INSERT INTO `question_options` (`id`, `question_id`, `label`, `content`, `is_correct`) VALUES (20250350, 2025070, 'E', '[{"type":"text","content":"comportamento pragmático."}]', 0);
--> statement-breakpoint
INSERT INTO `questions` (`id`, `external_id`, `year`, `exam_day`, `booklet`, `official_number`, `language`, `area`, `topic`, `statement`, `content_json`, `support_text`, `source_label`, `source_url`, `image_key`, `asset_bundle_key`, `difficulty`, `answer_status`, `status`, `review_status`, `taxonomy_version`) VALUES (2025071, 'enem-2025-d1-azul-shared-066', 2025, 1, 'azul', 66, NULL, 'Ciências Humanas', 'Prova oficial ENEM 2025', 'Independência de pensamento, autonomia e direito à oposição política estão perdendo sua função crítica básica numa sociedade que parece cada vez mais capaz de atender às necessidades dos indivíduos através da forma pela qual é organizada. Nas condições de um padrão de vida crescente, o não conformismo com o próprio sistema parece socialmente inútil, principalmente quando acarreta desvantagens econômicas e políticas tangíveis e ameaça o funcionamento suave do todo.MARCUSE, H. Ideologia da sociedade industrial. Rio de Janeiro: Zahar, 1969.Qual é a característica da sociedade industrial do século XX apresentada no texto?', '[{"type":"text","content":"Independência de pensamento, autonomia e direito à oposição política estão perdendo sua função crítica básica numa sociedade que parece cada vez mais capaz de atender às necessidades dos indivíduos através da forma pela qual é organizada. Nas condições de um padrão de vida crescente, o não conformismo com o próprio sistema parece socialmente inútil, principalmente quando acarreta desvantagens econômicas e políticas tangíveis e ameaça o funcionamento suave do todo.MARCUSE, H. Ideologia da sociedade industrial. Rio de Janeiro: Zahar, 1969.Qual é a característica da sociedade industrial do século XX apresentada no texto?"}]', NULL, 'INEP · ENEM 2025 · 1º dia · Caderno 1 azul', 'https://download.inep.gov.br/enem/provas_e_gabaritos/2025_PV_impresso_D1_CD1.pdf', NULL, 'enem/2025/dia1', 'official', 'valid', 'published', 'imported', 1);
--> statement-breakpoint
INSERT INTO `question_options` (`id`, `question_id`, `label`, `content`, `is_correct`) VALUES (20250351, 2025071, 'A', '[{"type":"text","content":"Gestão integrada."}]', 0);
--> statement-breakpoint
INSERT INTO `question_options` (`id`, `question_id`, `label`, `content`, `is_correct`) VALUES (20250352, 2025071, 'B', '[{"type":"text","content":"Relativismo moral."}]', 0);
--> statement-breakpoint
INSERT INTO `question_options` (`id`, `question_id`, `label`, `content`, `is_correct`) VALUES (20250353, 2025071, 'C', '[{"type":"text","content":"Desobediência civil."}]', 0);
--> statement-breakpoint
INSERT INTO `question_options` (`id`, `question_id`, `label`, `content`, `is_correct`) VALUES (20250354, 2025071, 'D', '[{"type":"text","content":"Realidade unidimensional."}]', 1);
--> statement-breakpoint
INSERT INTO `question_options` (`id`, `question_id`, `label`, `content`, `is_correct`) VALUES (20250355, 2025071, 'E', '[{"type":"text","content":"Desenvolvimento tecnológico."}]', 0);
--> statement-breakpoint
INSERT INTO `questions` (`id`, `external_id`, `year`, `exam_day`, `booklet`, `official_number`, `language`, `area`, `topic`, `statement`, `content_json`, `support_text`, `source_label`, `source_url`, `image_key`, `asset_bundle_key`, `difficulty`, `answer_status`, `status`, `review_status`, `taxonomy_version`) VALUES (2025072, 'enem-2025-d1-azul-shared-067', 2025, 1, 'azul', 67, NULL, 'Ciências Humanas', 'Prova oficial ENEM 2025', 'Do ponto de vista administrativo e judicial, a desapropriação da fazenda Cabaceiras, localizada na região sul do estado do Pará, é a primeira da história motivada pelo desrespeito à função social de um imóvel rural, como prevê a Constituição Federal de 1988, em decorrência da exploração de “trabalho em condições análogas à escravidão”. Na realidade, essa desapropriação não se deu apenas pela ocorrência de relações de trabalho extremamente degradantes, mas também pelas graves infrações ambientais verificadas na fazenda — o que também configura um ataque à função social da terra, de acordo com os preceitos constitucionais.BARROS, C. J. A conquista da fazenda Cabaceiras. Disponível em: www.agb.org.br. Acesso em: 15 maio 2023.O texto considera a promoção da justiça como um mecanismo de', '[{"type":"text","content":"Do ponto de vista administrativo e judicial, a desapropriação da fazenda Cabaceiras, localizada na região sul do estado do Pará, é a primeira da história motivada pelo desrespeito à função social de um imóvel rural, como prevê a Constituição Federal de 1988, em decorrência da exploração de “trabalho em condições análogas à escravidão”. Na realidade, essa desapropriação não se deu apenas pela ocorrência de relações de trabalho extremamente degradantes, mas também pelas graves infrações ambientais verificadas na fazenda — o que também configura um ataque à função social da terra, de acordo com os preceitos constitucionais.BARROS, C. J. A conquista da fazenda Cabaceiras. Disponível em: www.agb.org.br. Acesso em: 15 maio 2023.O texto considera a promoção da justiça como um mecanismo de"}]', NULL, 'INEP · ENEM 2025 · 1º dia · Caderno 1 azul', 'https://download.inep.gov.br/enem/provas_e_gabaritos/2025_PV_impresso_D1_CD1.pdf', NULL, 'enem/2025/dia1', 'official', 'valid', 'published', 'imported', 1);
--> statement-breakpoint
INSERT INTO `question_options` (`id`, `question_id`, `label`, `content`, `is_correct`) VALUES (20250356, 2025072, 'A', '[{"type":"text","content":"manutenção da ordem agrária."}]', 0);
--> statement-breakpoint
INSERT INTO `question_options` (`id`, `question_id`, `label`, `content`, `is_correct`) VALUES (20250357, 2025072, 'B', '[{"type":"text","content":"legitimação da propriedade privada."}]', 0);
--> statement-breakpoint
INSERT INTO `question_options` (`id`, `question_id`, `label`, `content`, `is_correct`) VALUES (20250358, 2025072, 'C', '[{"type":"text","content":"hegemonia das classes dominantes."}]', 0);
--> statement-breakpoint
INSERT INTO `question_options` (`id`, `question_id`, `label`, `content`, `is_correct`) VALUES (20250359, 2025072, 'D', '[{"type":"text","content":"revisão das desigualdades econômicas."}]', 1);
--> statement-breakpoint
INSERT INTO `question_options` (`id`, `question_id`, `label`, `content`, `is_correct`) VALUES (20250360, 2025072, 'E', '[{"type":"text","content":"homogeneização da distribuição fundiária."}]', 0);
--> statement-breakpoint
INSERT INTO `questions` (`id`, `external_id`, `year`, `exam_day`, `booklet`, `official_number`, `language`, `area`, `topic`, `statement`, `content_json`, `support_text`, `source_label`, `source_url`, `image_key`, `asset_bundle_key`, `difficulty`, `answer_status`, `status`, `review_status`, `taxonomy_version`) VALUES (2025073, 'enem-2025-d1-azul-shared-068', 2025, 1, 'azul', 68, NULL, 'Ciências Humanas', 'Prova oficial ENEM 2025', 'Salvador, capital do estado da Bahia.Disponível em: https://mundoeducacao.uol.com.br. Acesso em: 20 out. 2023.A análise dos elementos presentes na fotografia permite identificar qual característica socioespacial?', '[{"type":"image","content":"/enem/2025/dia1/question-68.png"},{"type":"text","content":"Salvador, capital do estado da Bahia.Disponível em: https://mundoeducacao.uol.com.br. Acesso em: 20 out. 2023.A análise dos elementos presentes na fotografia permite identificar qual característica socioespacial?"}]', NULL, 'INEP · ENEM 2025 · 1º dia · Caderno 1 azul', 'https://download.inep.gov.br/enem/provas_e_gabaritos/2025_PV_impresso_D1_CD1.pdf', '/enem/2025/dia1/question-68.png', 'enem/2025/dia1', 'official', 'valid', 'published', 'imported', 1);
--> statement-breakpoint
INSERT INTO `question_options` (`id`, `question_id`, `label`, `content`, `is_correct`) VALUES (20250361, 2025073, 'A', '[{"type":"text","content":"Estagnação da especulação imobiliária."}]', 0);
--> statement-breakpoint
INSERT INTO `question_options` (`id`, `question_id`, `label`, `content`, `is_correct`) VALUES (20250362, 2025073, 'B', '[{"type":"text","content":"Conservação da arquitetura colonial."}]', 0);
--> statement-breakpoint
INSERT INTO `question_options` (`id`, `question_id`, `label`, `content`, `is_correct`) VALUES (20250363, 2025073, 'C', '[{"type":"text","content":"Implantação de moradias populares."}]', 0);
--> statement-breakpoint
INSERT INTO `question_options` (`id`, `question_id`, `label`, `content`, `is_correct`) VALUES (20250364, 2025073, 'D', '[{"type":"text","content":"Predomínio da atividade comercial."}]', 0);
--> statement-breakpoint
INSERT INTO `question_options` (`id`, `question_id`, `label`, `content`, `is_correct`) VALUES (20250365, 2025073, 'E', '[{"type":"text","content":"Processo de verticalização urbana."}]', 1);
--> statement-breakpoint
INSERT INTO `questions` (`id`, `external_id`, `year`, `exam_day`, `booklet`, `official_number`, `language`, `area`, `topic`, `statement`, `content_json`, `support_text`, `source_label`, `source_url`, `image_key`, `asset_bundle_key`, `difficulty`, `answer_status`, `status`, `review_status`, `taxonomy_version`) VALUES (2025074, 'enem-2025-d1-azul-shared-069', 2025, 1, 'azul', 69, NULL, 'Ciências Humanas', 'Prova oficial ENEM 2025', 'A difusão pelos cônegos do ideal apostólico, bem como a influência dos eremitas e dos pregadores errantes que na sua esteira propagavam temas evangélicos, contribuíram para fazer nascer, entre os fiéis, o desejo de se erguerem ao nível espiritual do clero e de obterem a sua salvação, sem que para isso tivessem de renunciar ao seu estado. Pela primeira vez, a Igreja entreabria as portas da graça em benefício da totalidade dos fiéis, colocando, como única condição, a sua partida para o Oriente, a fim de aí lutarem contra os inimigos de Cristo.VAUCHEZ, A. A espiritualidade da Idade Média Ocidental, séc. VIII-XIII. Lisboa: Estampa, 1995.Conforme o texto, no imaginário dos fiéis cristãos do período medieval, a salvação era alcançada por meio das', '[{"type":"text","content":"A difusão pelos cônegos do ideal apostólico, bem como a influência dos eremitas e dos pregadores errantes que na sua esteira propagavam temas evangélicos, contribuíram para fazer nascer, entre os fiéis, o desejo de se erguerem ao nível espiritual do clero e de obterem a sua salvação, sem que para isso tivessem de renunciar ao seu estado. Pela primeira vez, a Igreja entreabria as portas da graça em benefício da totalidade dos fiéis, colocando, como única condição, a sua partida para o Oriente, a fim de aí lutarem contra os inimigos de Cristo.VAUCHEZ, A. A espiritualidade da Idade Média Ocidental, séc. VIII-XIII. Lisboa: Estampa, 1995.Conforme o texto, no imaginário dos fiéis cristãos do período medieval, a salvação era alcançada por meio das"}]', NULL, 'INEP · ENEM 2025 · 1º dia · Caderno 1 azul', 'https://download.inep.gov.br/enem/provas_e_gabaritos/2025_PV_impresso_D1_CD1.pdf', NULL, 'enem/2025/dia1', 'official', 'valid', 'published', 'imported', 1);
--> statement-breakpoint
INSERT INTO `question_options` (`id`, `question_id`, `label`, `content`, `is_correct`) VALUES (20250366, 2025074, 'A', '[{"type":"text","content":"palavras escritas."}]', 0);
--> statement-breakpoint
INSERT INTO `question_options` (`id`, `question_id`, `label`, `content`, `is_correct`) VALUES (20250367, 2025074, 'B', '[{"type":"text","content":"práticas litúrgicas."}]', 0);
--> statement-breakpoint
INSERT INTO `question_options` (`id`, `question_id`, `label`, `content`, `is_correct`) VALUES (20250368, 2025074, 'C', '[{"type":"text","content":"ações voluntárias."}]', 1);
--> statement-breakpoint
INSERT INTO `question_options` (`id`, `question_id`, `label`, `content`, `is_correct`) VALUES (20250369, 2025074, 'D', '[{"type":"text","content":"ideias messiânicas."}]', 0);
--> statement-breakpoint
INSERT INTO `question_options` (`id`, `question_id`, `label`, `content`, `is_correct`) VALUES (20250370, 2025074, 'E', '[{"type":"text","content":"celebrações coletivas."}]', 0);
--> statement-breakpoint
INSERT INTO `questions` (`id`, `external_id`, `year`, `exam_day`, `booklet`, `official_number`, `language`, `area`, `topic`, `statement`, `content_json`, `support_text`, `source_label`, `source_url`, `image_key`, `asset_bundle_key`, `difficulty`, `answer_status`, `status`, `review_status`, `taxonomy_version`) VALUES (2025075, 'enem-2025-d1-azul-shared-070', 2025, 1, 'azul', 70, NULL, 'Ciências Humanas', 'Prova oficial ENEM 2025', 'Nos Estados Unidos, um hotel perto de um parque foi engolido por uma enorme cratera. E não é a primeira vez que esse tipo de incidente acontece na Flórida. Em minutos, uma ala inteira do hotel era engolida pela cratera de 30 metros de diâmetro e cinco de profundidade. O diretor do resort em Clermont, perto dos parques temáticos da Flórida, diz que o prédio tinha 15 anos, e que até então o solo nunca havia apresentado problemas. Os afundamentos são um fenômeno comum na Flórida por causa das formações de calcário e argila no subsolo, mas às vezes chuvas fortes, ou a drenagem do solo para construção, acabam contribuindo para o surgimento desses buracos.Disponível em: http://g1.globo.com. Acesso em: 10 dez. 2024 (adaptado).A situação de desmoronamento do solo descrita no texto origina-se da', '[{"type":"text","content":"Nos Estados Unidos, um hotel perto de um parque foi engolido por uma enorme cratera. E não é a primeira vez que esse tipo de incidente acontece na Flórida. Em minutos, uma ala inteira do hotel era engolida pela cratera de 30 metros de diâmetro e cinco de profundidade. O diretor do resort em Clermont, perto dos parques temáticos da Flórida, diz que o prédio tinha 15 anos, e que até então o solo nunca havia apresentado problemas. Os afundamentos são um fenômeno comum na Flórida por causa das formações de calcário e argila no subsolo, mas às vezes chuvas fortes, ou a drenagem do solo para construção, acabam contribuindo para o surgimento desses buracos.Disponível em: http://g1.globo.com. Acesso em: 10 dez. 2024 (adaptado).A situação de desmoronamento do solo descrita no texto origina-se da"}]', NULL, 'INEP · ENEM 2025 · 1º dia · Caderno 1 azul', 'https://download.inep.gov.br/enem/provas_e_gabaritos/2025_PV_impresso_D1_CD1.pdf', NULL, 'enem/2025/dia1', 'official', 'valid', 'published', 'imported', 1);
--> statement-breakpoint
INSERT INTO `question_options` (`id`, `question_id`, `label`, `content`, `is_correct`) VALUES (20250371, 2025075, 'A', '[{"type":"text","content":"cristalização da estrutura geológica."}]', 0);
--> statement-breakpoint
INSERT INTO `question_options` (`id`, `question_id`, `label`, `content`, `is_correct`) VALUES (20250372, 2025075, 'B', '[{"type":"text","content":"ação do intemperismo químico."}]', 1);
--> statement-breakpoint
INSERT INTO `question_options` (`id`, `question_id`, `label`, `content`, `is_correct`) VALUES (20250373, 2025075, 'C', '[{"type":"text","content":"recomposição da mata ciliar."}]', 0);
--> statement-breakpoint
INSERT INTO `question_options` (`id`, `question_id`, `label`, `content`, `is_correct`) VALUES (20250374, 2025075, 'D', '[{"type":"text","content":"acumulação de sedimentos orgânicos."}]', 0);
--> statement-breakpoint
INSERT INTO `question_options` (`id`, `question_id`, `label`, `content`, `is_correct`) VALUES (20250375, 2025075, 'E', '[{"type":"text","content":"impermeabilização da superfície ocupada."}]', 0);
--> statement-breakpoint
INSERT INTO `questions` (`id`, `external_id`, `year`, `exam_day`, `booklet`, `official_number`, `language`, `area`, `topic`, `statement`, `content_json`, `support_text`, `source_label`, `source_url`, `image_key`, `asset_bundle_key`, `difficulty`, `answer_status`, `status`, `review_status`, `taxonomy_version`) VALUES (2025076, 'enem-2025-d1-azul-shared-071', 2025, 1, 'azul', 71, NULL, 'Ciências Humanas', 'Prova oficial ENEM 2025', 'Moradores de Berlim protestaram contra a demolição de um trecho do muro que dividiu a cidade durante quase três décadas. Tratado como patrimônio cultural e histórico da cidade, o East Side Gallery, repleto de grafites emblemáticos, está na mira de uma construtora que pretende levantar um condomínio de luxo às margens do Rio Spree, que corta a cidade.ALMEIDA, R. Alemães impedem demolição de último trecho original do muro de Berlim.Disponível em: http://operamundi.uol.com.br. Acesso em: 2 fev. 2021 (adaptado).A demolição do símbolo histórico mencionado representa uma', '[{"type":"text","content":"Moradores de Berlim protestaram contra a demolição de um trecho do muro que dividiu a cidade durante quase três décadas. Tratado como patrimônio cultural e histórico da cidade, o East Side Gallery, repleto de grafites emblemáticos, está na mira de uma construtora que pretende levantar um condomínio de luxo às margens do Rio Spree, que corta a cidade.ALMEIDA, R. Alemães impedem demolição de último trecho original do muro de Berlim.Disponível em: http://operamundi.uol.com.br. Acesso em: 2 fev. 2021 (adaptado).A demolição do símbolo histórico mencionado representa uma"}]', NULL, 'INEP · ENEM 2025 · 1º dia · Caderno 1 azul', 'https://download.inep.gov.br/enem/provas_e_gabaritos/2025_PV_impresso_D1_CD1.pdf', NULL, 'enem/2025/dia1', 'official', 'valid', 'published', 'imported', 1);
--> statement-breakpoint
INSERT INTO `question_options` (`id`, `question_id`, `label`, `content`, `is_correct`) VALUES (20250376, 2025076, 'A', '[{"type":"text","content":"violação da memória coletiva."}]', 1);
--> statement-breakpoint
INSERT INTO `question_options` (`id`, `question_id`, `label`, `content`, `is_correct`) VALUES (20250377, 2025076, 'B', '[{"type":"text","content":"alteração das fronteiras políticas."}]', 0);
--> statement-breakpoint
INSERT INTO `question_options` (`id`, `question_id`, `label`, `content`, `is_correct`) VALUES (20250378, 2025076, 'C', '[{"type":"text","content":"adesão à arquitetura neoclássica."}]', 0);
--> statement-breakpoint
INSERT INTO `question_options` (`id`, `question_id`, `label`, `content`, `is_correct`) VALUES (20250379, 2025076, 'D', '[{"type":"text","content":"negação das influências orientais."}]', 0);
--> statement-breakpoint
INSERT INTO `question_options` (`id`, `question_id`, `label`, `content`, `is_correct`) VALUES (20250380, 2025076, 'E', '[{"type":"text","content":"reorganização da mobilidade urbana."}]', 0);
--> statement-breakpoint
INSERT INTO `questions` (`id`, `external_id`, `year`, `exam_day`, `booklet`, `official_number`, `language`, `area`, `topic`, `statement`, `content_json`, `support_text`, `source_label`, `source_url`, `image_key`, `asset_bundle_key`, `difficulty`, `answer_status`, `status`, `review_status`, `taxonomy_version`) VALUES (2025077, 'enem-2025-d1-azul-shared-072', 2025, 1, 'azul', 72, NULL, 'Ciências Humanas', 'Prova oficial ENEM 2025', 'TEXTO IEm conjunto: todo e não todo, unido e separado, em consonância e em dissonância. De todos um e de um todos. (Fragmento B10)TEXTO IIDeus é dia-noite, inverno-verão, guerra-paz, saciedade-fome. (Fragmento B67)Pré-socráticos. São Paulo: Nova Cultural, 1996.A característica do pensamento do filósofo Heráclito, registrada nos fragmentos mencionados, é a ênfase na', '[{"type":"text","content":"TEXTO IEm conjunto: todo e não todo, unido e separado, em consonância e em dissonância. De todos um e de um todos. (Fragmento B10)TEXTO IIDeus é dia-noite, inverno-verão, guerra-paz, saciedade-fome. (Fragmento B67)Pré-socráticos. São Paulo: Nova Cultural, 1996.A característica do pensamento do filósofo Heráclito, registrada nos fragmentos mencionados, é a ênfase na"}]', NULL, 'INEP · ENEM 2025 · 1º dia · Caderno 1 azul', 'https://download.inep.gov.br/enem/provas_e_gabaritos/2025_PV_impresso_D1_CD1.pdf', NULL, 'enem/2025/dia1', 'official', 'valid', 'published', 'imported', 1);
--> statement-breakpoint
INSERT INTO `question_options` (`id`, `question_id`, `label`, `content`, `is_correct`) VALUES (20250381, 2025077, 'A', '[{"type":"text","content":"qualidade imperecível do mundo."}]', 0);
--> statement-breakpoint
INSERT INTO `question_options` (`id`, `question_id`, `label`, `content`, `is_correct`) VALUES (20250382, 2025077, 'B', '[{"type":"text","content":"degradação material da natureza."}]', 0);
--> statement-breakpoint
INSERT INTO `question_options` (`id`, `question_id`, `label`, `content`, `is_correct`) VALUES (20250383, 2025077, 'C', '[{"type":"text","content":"imobilidade imanente do universo."}]', 0);
--> statement-breakpoint
INSERT INTO `question_options` (`id`, `question_id`, `label`, `content`, `is_correct`) VALUES (20250384, 2025077, 'D', '[{"type":"text","content":"distribuição dicotômica do cosmos."}]', 1);
--> statement-breakpoint
INSERT INTO `question_options` (`id`, `question_id`, `label`, `content`, `is_correct`) VALUES (20250385, 2025077, 'E', '[{"type":"text","content":"desordem incontornável das coisas."}]', 0);
--> statement-breakpoint
INSERT INTO `questions` (`id`, `external_id`, `year`, `exam_day`, `booklet`, `official_number`, `language`, `area`, `topic`, `statement`, `content_json`, `support_text`, `source_label`, `source_url`, `image_key`, `asset_bundle_key`, `difficulty`, `answer_status`, `status`, `review_status`, `taxonomy_version`) VALUES (2025078, 'enem-2025-d1-azul-shared-073', 2025, 1, 'azul', 73, NULL, 'Ciências Humanas', 'Prova oficial ENEM 2025', 'Entre esses preconceitos estava o canibalismo. A prática não era, porém, uma mentira, uma invenção europeia, mas um ritual controlado por regras. Entre os tupis, por exemplo, os guerreiros se sentiam honrados quando morriam em um banquete canibal. Para os europeus, no entanto, comer carne humana era abominável, pois nem mesmo os leões ingeriam seus semelhantes. Portanto, para os conquistadores, o canibalismo era sinônimo de barbarismo e da incapacidade de se autogovernar.RAMINELLI, R. Canibalismo para alemão ver. In: FIGUEIREDO, L. (Org.). História do Brasil para ocupados. Rio de Janeiro: Casa da Palavra, 2013 (adaptado).No texto, europeus e ameríndios atribuíram à prática relatada, respectivamente, o significado de', '[{"type":"text","content":"Entre esses preconceitos estava o canibalismo. A prática não era, porém, uma mentira, uma invenção europeia, mas um ritual controlado por regras. Entre os tupis, por exemplo, os guerreiros se sentiam honrados quando morriam em um banquete canibal. Para os europeus, no entanto, comer carne humana era abominável, pois nem mesmo os leões ingeriam seus semelhantes. Portanto, para os conquistadores, o canibalismo era sinônimo de barbarismo e da incapacidade de se autogovernar.RAMINELLI, R. Canibalismo para alemão ver. In: FIGUEIREDO, L. (Org.). História do Brasil para ocupados. Rio de Janeiro: Casa da Palavra, 2013 (adaptado).No texto, europeus e ameríndios atribuíram à prática relatada, respectivamente, o significado de"}]', NULL, 'INEP · ENEM 2025 · 1º dia · Caderno 1 azul', 'https://download.inep.gov.br/enem/provas_e_gabaritos/2025_PV_impresso_D1_CD1.pdf', NULL, 'enem/2025/dia1', 'official', 'valid', 'published', 'imported', 1);
--> statement-breakpoint
INSERT INTO `question_options` (`id`, `question_id`, `label`, `content`, `is_correct`) VALUES (20250386, 2025078, 'A', '[{"type":"text","content":"selvageria — empoderamento."}]', 1);
--> statement-breakpoint
INSERT INTO `question_options` (`id`, `question_id`, `label`, `content`, `is_correct`) VALUES (20250387, 2025078, 'B', '[{"type":"text","content":"impetuosidade — resistência."}]', 0);
--> statement-breakpoint
INSERT INTO `question_options` (`id`, `question_id`, `label`, `content`, `is_correct`) VALUES (20250388, 2025078, 'C', '[{"type":"text","content":"fanatismo — humilhação."}]', 0);
--> statement-breakpoint
INSERT INTO `question_options` (`id`, `question_id`, `label`, `content`, `is_correct`) VALUES (20250389, 2025078, 'D', '[{"type":"text","content":"intolerância — violência."}]', 0);
--> statement-breakpoint
INSERT INTO `question_options` (`id`, `question_id`, `label`, `content`, `is_correct`) VALUES (20250390, 2025078, 'E', '[{"type":"text","content":"repressão — justiça."}]', 0);
--> statement-breakpoint
INSERT INTO `questions` (`id`, `external_id`, `year`, `exam_day`, `booklet`, `official_number`, `language`, `area`, `topic`, `statement`, `content_json`, `support_text`, `source_label`, `source_url`, `image_key`, `asset_bundle_key`, `difficulty`, `answer_status`, `status`, `review_status`, `taxonomy_version`) VALUES (2025079, 'enem-2025-d1-azul-shared-074', 2025, 1, 'azul', 74, NULL, 'Ciências Humanas', 'Prova oficial ENEM 2025', 'Fragmentada em pequenos grupos, fragilizada pela ausência de algum tipo de organização ampla, tendo que carregar o peso do preconceito racial que se transfere do negro para a cultura negra, a religião dos orixás tem poucas chances de se sair melhor na competição — desigual — com outras religiões. Silenciosamente, assistimos hoje a um verdadeiro massacre das religiões afro-brasileiras.PRANDI, R. O Brasil com axé. Estudos Avançados, n. 52, dez. 2004.No processo de invisibilização dos cultos afro-brasileiros, o texto associa os seguintes elementos essenciais:', '[{"type":"text","content":"Fragmentada em pequenos grupos, fragilizada pela ausência de algum tipo de organização ampla, tendo que carregar o peso do preconceito racial que se transfere do negro para a cultura negra, a religião dos orixás tem poucas chances de se sair melhor na competição — desigual — com outras religiões. Silenciosamente, assistimos hoje a um verdadeiro massacre das religiões afro-brasileiras.PRANDI, R. O Brasil com axé. Estudos Avançados, n. 52, dez. 2004.No processo de invisibilização dos cultos afro-brasileiros, o texto associa os seguintes elementos essenciais:"}]', NULL, 'INEP · ENEM 2025 · 1º dia · Caderno 1 azul', 'https://download.inep.gov.br/enem/provas_e_gabaritos/2025_PV_impresso_D1_CD1.pdf', NULL, 'enem/2025/dia1', 'official', 'valid', 'published', 'imported', 1);
--> statement-breakpoint
INSERT INTO `question_options` (`id`, `question_id`, `label`, `content`, `is_correct`) VALUES (20250391, 2025079, 'A', '[{"type":"text","content":"Ausência de soluções partidárias e rejeição da laicidade."}]', 0);
--> statement-breakpoint
INSERT INTO `question_options` (`id`, `question_id`, `label`, `content`, `is_correct`) VALUES (20250392, 2025079, 'B', '[{"type":"text","content":"Precariedade de coesão representativa e recusa da alteridade."}]', 1);
--> statement-breakpoint
INSERT INTO `question_options` (`id`, `question_id`, `label`, `content`, `is_correct`) VALUES (20250393, 2025079, 'C', '[{"type":"text","content":"Insuficiência de estruturas decisórias e exclusão da dialogicidade."}]', 0);
--> statement-breakpoint
INSERT INTO `question_options` (`id`, `question_id`, `label`, `content`, `is_correct`) VALUES (20250394, 2025079, 'D', '[{"type":"text","content":"Inexistência de direitos constitucionais e negação do ecumenismo."}]', 0);
--> statement-breakpoint
INSERT INTO `question_options` (`id`, `question_id`, `label`, `content`, `is_correct`) VALUES (20250395, 2025079, 'E', '[{"type":"text","content":"Efemeridade das relações políticas e debilidade do pertencimento"}]', 0);
--> statement-breakpoint
INSERT INTO `questions` (`id`, `external_id`, `year`, `exam_day`, `booklet`, `official_number`, `language`, `area`, `topic`, `statement`, `content_json`, `support_text`, `source_label`, `source_url`, `image_key`, `asset_bundle_key`, `difficulty`, `answer_status`, `status`, `review_status`, `taxonomy_version`) VALUES (2025080, 'enem-2025-d1-azul-shared-075', 2025, 1, 'azul', 75, NULL, 'Ciências Humanas', 'Prova oficial ENEM 2025', 'A partir do século XIX e, principalmente, no século XX, iniciou-se o uso de produtos sintéticos na agricultura. No Brasil, a partir da década de 1960 e, posteriormente, nos anos 1970, os inseticidas ampliam sua fatia no mercado dos defensivos agrícolas.TROPPMAIR, H. Biogeografia e meio ambiente. Rio de Janeiro: TB, 2012 (adaptado).Nos espaços agrícolas, a mudança técnica descrita provocou a diminuição da', '[{"type":"text","content":"A partir do século XIX e, principalmente, no século XX, iniciou-se o uso de produtos sintéticos na agricultura. No Brasil, a partir da década de 1960 e, posteriormente, nos anos 1970, os inseticidas ampliam sua fatia no mercado dos defensivos agrícolas.TROPPMAIR, H. Biogeografia e meio ambiente. Rio de Janeiro: TB, 2012 (adaptado).Nos espaços agrícolas, a mudança técnica descrita provocou a diminuição da"}]', NULL, 'INEP · ENEM 2025 · 1º dia · Caderno 1 azul', 'https://download.inep.gov.br/enem/provas_e_gabaritos/2025_PV_impresso_D1_CD1.pdf', NULL, 'enem/2025/dia1', 'official', 'valid', 'published', 'imported', 1);
--> statement-breakpoint
INSERT INTO `question_options` (`id`, `question_id`, `label`, `content`, `is_correct`) VALUES (20250396, 2025080, 'A', '[{"type":"text","content":"desagregação de camadas pedológicas."}]', 0);
--> statement-breakpoint
INSERT INTO `question_options` (`id`, `question_id`, `label`, `content`, `is_correct`) VALUES (20250397, 2025080, 'B', '[{"type":"text","content":"diversidade de polinizadores naturais."}]', 1);
--> statement-breakpoint
INSERT INTO `question_options` (`id`, `question_id`, `label`, `content`, `is_correct`) VALUES (20250398, 2025080, 'C', '[{"type":"text","content":"contaminação de lençóis freáticos."}]', 0);
--> statement-breakpoint
INSERT INTO `question_options` (`id`, `question_id`, `label`, `content`, `is_correct`) VALUES (20250399, 2025080, 'D', '[{"type":"text","content":"produtividade da terra cultivada."}]', 0);
--> statement-breakpoint
INSERT INTO `question_options` (`id`, `question_id`, `label`, `content`, `is_correct`) VALUES (20250400, 2025080, 'E', '[{"type":"text","content":"ocorrência da erosão laminar."}]', 0);
--> statement-breakpoint
INSERT INTO `questions` (`id`, `external_id`, `year`, `exam_day`, `booklet`, `official_number`, `language`, `area`, `topic`, `statement`, `content_json`, `support_text`, `source_label`, `source_url`, `image_key`, `asset_bundle_key`, `difficulty`, `answer_status`, `status`, `review_status`, `taxonomy_version`) VALUES (2025081, 'enem-2025-d1-azul-shared-076', 2025, 1, 'azul', 76, NULL, 'Ciências Humanas', 'Prova oficial ENEM 2025', 'Os direitos do homem constituem uma classe variável, como a história destes últimos séculos demonstra suficientemente. O elenco dos direitos do homem se modificou, e continua a se modificar, com a mudança das condições históricas, ou seja, dos carecimentos e dos interesses, das classes no poder, dos meios disponíveis para a realização dos mesmos, das transformações técnicas. Direitos que foram declarados absolutos no final do século XVIII foram submetidos a radicais limitações nas declarações contemporâneas; direitos que as declarações do século XVIII nem sequer mencionavam, como os direitos sociais, são agora proclamados com grande ostentação nas recentes declarações.BOBBIO, N. A era dos direitos. Rio de Janeiro: Elsevier, 2004.Os argumentos apresentados no texto sustentam que os direitos humanos são variáveis porque os considera como', '[{"type":"text","content":"Os direitos do homem constituem uma classe variável, como a história destes últimos séculos demonstra suficientemente. O elenco dos direitos do homem se modificou, e continua a se modificar, com a mudança das condições históricas, ou seja, dos carecimentos e dos interesses, das classes no poder, dos meios disponíveis para a realização dos mesmos, das transformações técnicas. Direitos que foram declarados absolutos no final do século XVIII foram submetidos a radicais limitações nas declarações contemporâneas; direitos que as declarações do século XVIII nem sequer mencionavam, como os direitos sociais, são agora proclamados com grande ostentação nas recentes declarações.BOBBIO, N. A era dos direitos. Rio de Janeiro: Elsevier, 2004.Os argumentos apresentados no texto sustentam que os direitos humanos são variáveis porque os considera como"}]', NULL, 'INEP · ENEM 2025 · 1º dia · Caderno 1 azul', 'https://download.inep.gov.br/enem/provas_e_gabaritos/2025_PV_impresso_D1_CD1.pdf', NULL, 'enem/2025/dia1', 'official', 'valid', 'published', 'imported', 1);
--> statement-breakpoint
INSERT INTO `question_options` (`id`, `question_id`, `label`, `content`, `is_correct`) VALUES (20250401, 2025081, 'A', '[{"type":"text","content":"fenômenos espontâneos."}]', 0);
--> statement-breakpoint
INSERT INTO `question_options` (`id`, `question_id`, `label`, `content`, `is_correct`) VALUES (20250402, 2025081, 'B', '[{"type":"text","content":"conquistas atemporais."}]', 0);
--> statement-breakpoint
INSERT INTO `question_options` (`id`, `question_id`, `label`, `content`, `is_correct`) VALUES (20250403, 2025081, 'C', '[{"type":"text","content":"convenções coletivas."}]', 1);
--> statement-breakpoint
INSERT INTO `question_options` (`id`, `question_id`, `label`, `content`, `is_correct`) VALUES (20250404, 2025081, 'D', '[{"type":"text","content":"resquícios religiosos."}]', 0);
--> statement-breakpoint
INSERT INTO `question_options` (`id`, `question_id`, `label`, `content`, `is_correct`) VALUES (20250405, 2025081, 'E', '[{"type":"text","content":"imposições políticas."}]', 0);
--> statement-breakpoint
INSERT INTO `questions` (`id`, `external_id`, `year`, `exam_day`, `booklet`, `official_number`, `language`, `area`, `topic`, `statement`, `content_json`, `support_text`, `source_label`, `source_url`, `image_key`, `asset_bundle_key`, `difficulty`, `answer_status`, `status`, `review_status`, `taxonomy_version`) VALUES (2025082, 'enem-2025-d1-azul-shared-077', 2025, 1, 'azul', 77, NULL, 'Ciências Humanas', 'Prova oficial ENEM 2025', 'Carro elétrico, uma miragem ecológica A mudança para a eletromobilidade de fato promove uma alteração no consumo de recursos naturais. Hoje, amplamente dependentes do petróleo, nossos modais de transporte poderiam se tornar cada vez mais dependentes de trinta metais raros. Gálio, tântalo, cobalto, platinoides, tungstênio, metais de terras-raras: uma mina contém apenas ínfimas quantidades desses metais dotados de fabulosas propriedades eletrônicas, ópticas e magnéticas.PITRON, G. Revolução tecnológica, transformação geopolítica. Disponível em: https://diplomatique.org.br. Acesso em: 10 dez. 2018.No que se refere ao desenvolvimento sustentável, a charge e o texto indicam uma contradição no uso da tecnologia alternativa derivada do seguinte aspecto:', '[{"type":"text","content":"Carro elétrico, uma miragem ecológica"},{"type":"image","content":"/enem/2025/dia1/question-77.png"},{"type":"text","content":"A mudança para a eletromobilidade de fato promove uma alteração no consumo de recursos naturais. Hoje, amplamente dependentes do petróleo, nossos modais de transporte poderiam se tornar cada vez mais dependentes de trinta metais raros. Gálio, tântalo, cobalto, platinoides, tungstênio, metais de terras-raras: uma mina contém apenas ínfimas quantidades desses metais dotados de fabulosas propriedades eletrônicas, ópticas e magnéticas.PITRON, G. Revolução tecnológica, transformação geopolítica. Disponível em: https://diplomatique.org.br. Acesso em: 10 dez. 2018.No que se refere ao desenvolvimento sustentável, a charge e o texto indicam uma contradição no uso da tecnologia alternativa derivada do seguinte aspecto:"}]', NULL, 'INEP · ENEM 2025 · 1º dia · Caderno 1 azul', 'https://download.inep.gov.br/enem/provas_e_gabaritos/2025_PV_impresso_D1_CD1.pdf', '/enem/2025/dia1/question-77.png', 'enem/2025/dia1', 'official', 'valid', 'published', 'imported', 1);
--> statement-breakpoint
INSERT INTO `question_options` (`id`, `question_id`, `label`, `content`, `is_correct`) VALUES (20250406, 2025082, 'A', '[{"type":"text","content":"Necessidade de fontes não renováveis."}]', 1);
--> statement-breakpoint
INSERT INTO `question_options` (`id`, `question_id`, `label`, `content`, `is_correct`) VALUES (20250407, 2025082, 'B', '[{"type":"text","content":"Padronização dos modelos produtivos."}]', 0);
--> statement-breakpoint
INSERT INTO `question_options` (`id`, `question_id`, `label`, `content`, `is_correct`) VALUES (20250408, 2025082, 'C', '[{"type":"text","content":"Demanda de mão de obra qualificada."}]', 0);
--> statement-breakpoint
INSERT INTO `question_options` (`id`, `question_id`, `label`, `content`, `is_correct`) VALUES (20250409, 2025082, 'D', '[{"type":"text","content":"Precariedade da legislação industrial."}]', 0);
--> statement-breakpoint
INSERT INTO `question_options` (`id`, `question_id`, `label`, `content`, `is_correct`) VALUES (20250410, 2025082, 'E', '[{"type":"text","content":"Utilização de materiais recicláveis."}]', 0);
--> statement-breakpoint
INSERT INTO `questions` (`id`, `external_id`, `year`, `exam_day`, `booklet`, `official_number`, `language`, `area`, `topic`, `statement`, `content_json`, `support_text`, `source_label`, `source_url`, `image_key`, `asset_bundle_key`, `difficulty`, `answer_status`, `status`, `review_status`, `taxonomy_version`) VALUES (2025083, 'enem-2025-d1-azul-shared-078', 2025, 1, 'azul', 78, NULL, 'Ciências Humanas', 'Prova oficial ENEM 2025', 'A Roda dos Expostos de Salvador (Bahia) data de 1726 e foi uma das instituições implantadas com o objetivo de acolher e prover um encaminhamento para a criança recém-nascida abandonada. Essa assistência fundamentava-se em práticas caritativas, paternalistas e imediatistas que visavam ao cuidado básico da criança e, especialmente, à salvação da sua alma, via batismo, devido à alta mortalidade.BORRIONE, R.; CHAVES, A. M. Análise documental e contexto de desenvolvimento. Disponível em: www.scielo.br. Acesso em: 15 ago. 2013.A instituição apresentada no texto justificava-se pelo(a)', '[{"type":"text","content":"A Roda dos Expostos de Salvador (Bahia) data de 1726 e foi uma das instituições implantadas com o objetivo de acolher e prover um encaminhamento para a criança recém-nascida abandonada. Essa assistência fundamentava-se em práticas caritativas, paternalistas e imediatistas que visavam ao cuidado básico da criança e, especialmente, à salvação da sua alma, via batismo, devido à alta mortalidade.BORRIONE, R.; CHAVES, A. M. Análise documental e contexto de desenvolvimento. Disponível em: www.scielo.br. Acesso em: 15 ago. 2013.A instituição apresentada no texto justificava-se pelo(a)"}]', NULL, 'INEP · ENEM 2025 · 1º dia · Caderno 1 azul', 'https://download.inep.gov.br/enem/provas_e_gabaritos/2025_PV_impresso_D1_CD1.pdf', NULL, 'enem/2025/dia1', 'official', 'valid', 'published', 'imported', 1);
--> statement-breakpoint
INSERT INTO `question_options` (`id`, `question_id`, `label`, `content`, `is_correct`) VALUES (20250411, 2025083, 'A', '[{"type":"text","content":"defesa de direitos humanos."}]', 0);
--> statement-breakpoint
INSERT INTO `question_options` (`id`, `question_id`, `label`, `content`, `is_correct`) VALUES (20250412, 2025083, 'B', '[{"type":"text","content":"preceito de natureza sociorreligiosa."}]', 1);
--> statement-breakpoint
INSERT INTO `question_options` (`id`, `question_id`, `label`, `content`, `is_correct`) VALUES (20250413, 2025083, 'C', '[{"type":"text","content":"reconhecimento de vínculos familiares."}]', 0);
--> statement-breakpoint
INSERT INTO `question_options` (`id`, `question_id`, `label`, `content`, `is_correct`) VALUES (20250414, 2025083, 'D', '[{"type":"text","content":"discurso de cunho técnico-científico."}]', 0);
--> statement-breakpoint
INSERT INTO `question_options` (`id`, `question_id`, `label`, `content`, `is_correct`) VALUES (20250415, 2025083, 'E', '[{"type":"text","content":"ideologia de caráter abolicionista."}]', 0);
--> statement-breakpoint
INSERT INTO `questions` (`id`, `external_id`, `year`, `exam_day`, `booklet`, `official_number`, `language`, `area`, `topic`, `statement`, `content_json`, `support_text`, `source_label`, `source_url`, `image_key`, `asset_bundle_key`, `difficulty`, `answer_status`, `status`, `review_status`, `taxonomy_version`) VALUES (2025084, 'enem-2025-d1-azul-shared-079', 2025, 1, 'azul', 79, NULL, 'Ciências Humanas', 'Prova oficial ENEM 2025', 'A missão dos governantes consiste em promover a felicidade da sociedade, punindo e recompensando. A parte da missão de governo que consiste em punir constitui mais particularmente o objeto da lei penal. A obrigatoriedade ou necessidade de punir uma ação é proporcional à medida que tal ação tende a perturbar a felicidade e à medida que a tendência do referido ato é perniciosa. A felicidade consiste naquilo que já vimos, ou seja, em desfrutar prazeres e em estar isento de dores.BENTHAM, J. Uma introdução aos princípios da moral e da legislação. São Paulo: Abril Cultural, 1974 (adaptado).Qual perspectiva de justiça emerge da relação, estabelecida no texto, entre punição e felicidade?', '[{"type":"text","content":"A missão dos governantes consiste em promover a felicidade da sociedade, punindo e recompensando. A parte da missão de governo que consiste em punir constitui mais particularmente o objeto da lei penal. A obrigatoriedade ou necessidade de punir uma ação é proporcional à medida que tal ação tende a perturbar a felicidade e à medida que a tendência do referido ato é perniciosa. A felicidade consiste naquilo que já vimos, ou seja, em desfrutar prazeres e em estar isento de dores.BENTHAM, J. Uma introdução aos princípios da moral e da legislação. São Paulo: Abril Cultural, 1974 (adaptado).Qual perspectiva de justiça emerge da relação, estabelecida no texto, entre punição e felicidade?"}]', NULL, 'INEP · ENEM 2025 · 1º dia · Caderno 1 azul', 'https://download.inep.gov.br/enem/provas_e_gabaritos/2025_PV_impresso_D1_CD1.pdf', NULL, 'enem/2025/dia1', 'official', 'valid', 'published', 'imported', 1);
--> statement-breakpoint
INSERT INTO `question_options` (`id`, `question_id`, `label`, `content`, `is_correct`) VALUES (20250416, 2025084, 'A', '[{"type":"text","content":"Aplicação de meios para atingir um fim."}]', 1);
--> statement-breakpoint
INSERT INTO `question_options` (`id`, `question_id`, `label`, `content`, `is_correct`) VALUES (20250417, 2025084, 'B', '[{"type":"text","content":"Imposição de regras para estabelecer um dever."}]', 0);
--> statement-breakpoint
INSERT INTO `question_options` (`id`, `question_id`, `label`, `content`, `is_correct`) VALUES (20250418, 2025084, 'C', '[{"type":"text","content":"Sobreposição de princípios para fundamentar um direito."}]', 0);
--> statement-breakpoint
INSERT INTO `question_options` (`id`, `question_id`, `label`, `content`, `is_correct`) VALUES (20250419, 2025084, 'D', '[{"type":"text","content":"Criação de parâmetros para reconhecer uma prescrição."}]', 0);
--> statement-breakpoint
INSERT INTO `question_options` (`id`, `question_id`, `label`, `content`, `is_correct`) VALUES (20250420, 2025084, 'E', '[{"type":"text","content":"Elaboração de convenções para referendar um costume."}]', 0);
--> statement-breakpoint
INSERT INTO `questions` (`id`, `external_id`, `year`, `exam_day`, `booklet`, `official_number`, `language`, `area`, `topic`, `statement`, `content_json`, `support_text`, `source_label`, `source_url`, `image_key`, `asset_bundle_key`, `difficulty`, `answer_status`, `status`, `review_status`, `taxonomy_version`) VALUES (2025085, 'enem-2025-d1-azul-shared-080', 2025, 1, 'azul', 80, NULL, 'Ciências Humanas', 'Prova oficial ENEM 2025', 'Cidade sustentável é o assentamento humano constituído por uma sociedade com consciência de seu papel de agente transformador dos espaços e cuja relação não se dá pela razão natureza-objeto, e sim por uma ação sinérgica entre prudência ecológica, eficiência energética e equidade socioespacial.ROMERO, M. Frentes do urbano para a construção de indicadores de sustentabilidade intraurbana. Paranoá, n. 4, nov. 2007.Uma medida pública que contradiz o modelo de cidade exposto no texto é a', '[{"type":"text","content":"Cidade sustentável é o assentamento humano constituído por uma sociedade com consciência de seu papel de agente transformador dos espaços e cuja relação não se dá pela razão natureza-objeto, e sim por uma ação sinérgica entre prudência ecológica, eficiência energética e equidade socioespacial.ROMERO, M. Frentes do urbano para a construção de indicadores de sustentabilidade intraurbana. Paranoá, n. 4, nov. 2007.Uma medida pública que contradiz o modelo de cidade exposto no texto é a"}]', NULL, 'INEP · ENEM 2025 · 1º dia · Caderno 1 azul', 'https://download.inep.gov.br/enem/provas_e_gabaritos/2025_PV_impresso_D1_CD1.pdf', NULL, 'enem/2025/dia1', 'official', 'valid', 'published', 'imported', 1);
--> statement-breakpoint
INSERT INTO `question_options` (`id`, `question_id`, `label`, `content`, `is_correct`) VALUES (20250421, 2025085, 'A', '[{"type":"text","content":"coleta seletiva de lixo."}]', 0);
--> statement-breakpoint
INSERT INTO `question_options` (`id`, `question_id`, `label`, `content`, `is_correct`) VALUES (20250422, 2025085, 'B', '[{"type":"text","content":"reutilização das águas pluviais."}]', 0);
--> statement-breakpoint
INSERT INTO `question_options` (`id`, `question_id`, `label`, `content`, `is_correct`) VALUES (20250423, 2025085, 'C', '[{"type":"text","content":"canalização dos cursos hídricos."}]', 1);
--> statement-breakpoint
INSERT INTO `question_options` (`id`, `question_id`, `label`, `content`, `is_correct`) VALUES (20250424, 2025085, 'D', '[{"type":"text","content":"arborização das avenidas centrais."}]', 0);
--> statement-breakpoint
INSERT INTO `question_options` (`id`, `question_id`, `label`, `content`, `is_correct`) VALUES (20250425, 2025085, 'E', '[{"type":"text","content":"educação ambiental da comunidade."}]', 0);
--> statement-breakpoint
INSERT INTO `questions` (`id`, `external_id`, `year`, `exam_day`, `booklet`, `official_number`, `language`, `area`, `topic`, `statement`, `content_json`, `support_text`, `source_label`, `source_url`, `image_key`, `asset_bundle_key`, `difficulty`, `answer_status`, `status`, `review_status`, `taxonomy_version`) VALUES (2025086, 'enem-2025-d1-azul-shared-081', 2025, 1, 'azul', 81, NULL, 'Ciências Humanas', 'Prova oficial ENEM 2025', 'Em decorrência da naturalização da inferioridade social da mulher e da concepção de justiça do Estado, baseada na igualdade abstratamente concebida, torna-se possível convencer o Estado burguês a conceber e implementar políticas públicas cujo conteúdo se define pela discriminação positiva de mulheres, embora isso aparentemente seja paradoxal.SAFFIOTI, H.; ALMEIDA, S. S. Violência de gênero, poder e impotência. Rio de Janeiro: Revinter, 1995 (adaptado).No contexto atual, qual medida atende ao tipo de política pública abordada no texto?', '[{"type":"text","content":"Em decorrência da naturalização da inferioridade social da mulher e da concepção de justiça do Estado, baseada na igualdade abstratamente concebida, torna-se possível convencer o Estado burguês a conceber e implementar políticas públicas cujo conteúdo se define pela discriminação positiva de mulheres, embora isso aparentemente seja paradoxal.SAFFIOTI, H.; ALMEIDA, S. S. Violência de gênero, poder e impotência. Rio de Janeiro: Revinter, 1995 (adaptado).No contexto atual, qual medida atende ao tipo de política pública abordada no texto?"}]', NULL, 'INEP · ENEM 2025 · 1º dia · Caderno 1 azul', 'https://download.inep.gov.br/enem/provas_e_gabaritos/2025_PV_impresso_D1_CD1.pdf', NULL, 'enem/2025/dia1', 'official', 'valid', 'published', 'imported', 1);
--> statement-breakpoint
INSERT INTO `question_options` (`id`, `question_id`, `label`, `content`, `is_correct`) VALUES (20250426, 2025086, 'A', '[{"type":"text","content":"Ampliação do sufrágio universal."}]', 0);
--> statement-breakpoint
INSERT INTO `question_options` (`id`, `question_id`, `label`, `content`, `is_correct`) VALUES (20250427, 2025086, 'B', '[{"type":"text","content":"Diminuição da jornada de trabalho."}]', 0);
--> statement-breakpoint
INSERT INTO `question_options` (`id`, `question_id`, `label`, `content`, `is_correct`) VALUES (20250428, 2025086, 'C', '[{"type":"text","content":"Extinção do crime de feminicídio."}]', 0);
--> statement-breakpoint
INSERT INTO `question_options` (`id`, `question_id`, `label`, `content`, `is_correct`) VALUES (20250429, 2025086, 'D', '[{"type":"text","content":"Redução da licença-maternidade."}]', 0);
--> statement-breakpoint
INSERT INTO `question_options` (`id`, `question_id`, `label`, `content`, `is_correct`) VALUES (20250430, 2025086, 'E', '[{"type":"text","content":"Criação de delegacia especializada."}]', 1);
--> statement-breakpoint
INSERT INTO `questions` (`id`, `external_id`, `year`, `exam_day`, `booklet`, `official_number`, `language`, `area`, `topic`, `statement`, `content_json`, `support_text`, `source_label`, `source_url`, `image_key`, `asset_bundle_key`, `difficulty`, `answer_status`, `status`, `review_status`, `taxonomy_version`) VALUES (2025087, 'enem-2025-d1-azul-shared-082', 2025, 1, 'azul', 82, NULL, 'Ciências Humanas', 'Prova oficial ENEM 2025', 'A cidade justa é governada pelos filósofos, administrada pelos cientistas, protegida pelos guerreiros e mantida pelos produtores. Cada classe cumprirá sua função para o bem da pólis, racionalmente dirigida pelos filósofos. Em contrapartida, a cidade injusta é aquela onde o governo está nas mãos dos proprietários — que não pensam no bem comum da pólis e lutarão por interesses econômicos particulares.CHAUÍ, M. Convite à filosofia. São Paulo: Ática, 2000.O texto apresenta a estrutura de governo da cidade ideal pensada por Platão, que postula uma indissociabilidade entre', '[{"type":"text","content":"A cidade justa é governada pelos filósofos, administrada pelos cientistas, protegida pelos guerreiros e mantida pelos produtores. Cada classe cumprirá sua função para o bem da pólis, racionalmente dirigida pelos filósofos. Em contrapartida, a cidade injusta é aquela onde o governo está nas mãos dos proprietários — que não pensam no bem comum da pólis e lutarão por interesses econômicos particulares.CHAUÍ, M. Convite à filosofia. São Paulo: Ática, 2000.O texto apresenta a estrutura de governo da cidade ideal pensada por Platão, que postula uma indissociabilidade entre"}]', NULL, 'INEP · ENEM 2025 · 1º dia · Caderno 1 azul', 'https://download.inep.gov.br/enem/provas_e_gabaritos/2025_PV_impresso_D1_CD1.pdf', NULL, 'enem/2025/dia1', 'official', 'valid', 'published', 'imported', 1);
--> statement-breakpoint
INSERT INTO `question_options` (`id`, `question_id`, `label`, `content`, `is_correct`) VALUES (20250431, 2025087, 'A', '[{"type":"text","content":"cognoscência e relação intersubjetiva."}]', 0);
--> statement-breakpoint
INSERT INTO `question_options` (`id`, `question_id`, `label`, `content`, `is_correct`) VALUES (20250432, 2025087, 'B', '[{"type":"text","content":"mitologia e teorias cosmogônicas."}]', 0);
--> statement-breakpoint
INSERT INTO `question_options` (`id`, `question_id`, `label`, `content`, `is_correct`) VALUES (20250433, 2025087, 'C', '[{"type":"text","content":"cidadania e primazia da retórica."}]', 0);
--> statement-breakpoint
INSERT INTO `question_options` (`id`, `question_id`, `label`, `content`, `is_correct`) VALUES (20250434, 2025087, 'D', '[{"type":"text","content":"moralidade e virtudes cardeais."}]', 0);
--> statement-breakpoint
INSERT INTO `question_options` (`id`, `question_id`, `label`, `content`, `is_correct`) VALUES (20250435, 2025087, 'E', '[{"type":"text","content":"ética e exercício do poder."}]', 1);
--> statement-breakpoint
INSERT INTO `questions` (`id`, `external_id`, `year`, `exam_day`, `booklet`, `official_number`, `language`, `area`, `topic`, `statement`, `content_json`, `support_text`, `source_label`, `source_url`, `image_key`, `asset_bundle_key`, `difficulty`, `answer_status`, `status`, `review_status`, `taxonomy_version`) VALUES (2025088, 'enem-2025-d1-azul-shared-083', 2025, 1, 'azul', 83, NULL, 'Ciências Humanas', 'Prova oficial ENEM 2025', 'A Impressão Régia do Rio de Janeiro foi criada pelo decreto de 13 de maio de 1808 para dar continuidade à nova sede do império português. A nova tipografia é criada em um momento no qual o projeto de reforma do império se transforma em um projeto de construção de um novo império português na América. Frente às tensões políticas que essa nova situação criava, a tipografia atuou na legitimação e sustentação daquele projeto político.BARRA, S. H. S. A Impressão Régia do Rio de Janeiro e a colonização dos sertões na construção do novo império português na América (1808-1822). Topoi, n. 31, jul.-dez. 2015 (adaptado).A função política da tecnologia mencionada no texto favoreceu a nova sede do Império português por', '[{"type":"text","content":"A Impressão Régia do Rio de Janeiro foi criada pelo decreto de 13 de maio de 1808 para dar continuidade à nova sede do império português. A nova tipografia é criada em um momento no qual o projeto de reforma do império se transforma em um projeto de construção de um novo império português na América. Frente às tensões políticas que essa nova situação criava, a tipografia atuou na legitimação e sustentação daquele projeto político.BARRA, S. H. S. A Impressão Régia do Rio de Janeiro e a colonização dos sertões na construção do novo império português na América (1808-1822). Topoi, n. 31, jul.-dez. 2015 (adaptado).A função política da tecnologia mencionada no texto favoreceu a nova sede do Império português por"}]', NULL, 'INEP · ENEM 2025 · 1º dia · Caderno 1 azul', 'https://download.inep.gov.br/enem/provas_e_gabaritos/2025_PV_impresso_D1_CD1.pdf', NULL, 'enem/2025/dia1', 'official', 'valid', 'published', 'imported', 1);
--> statement-breakpoint
INSERT INTO `question_options` (`id`, `question_id`, `label`, `content`, `is_correct`) VALUES (20250436, 2025088, 'A', '[{"type":"text","content":"estabelecer as normativas ideológicas aos periódicos."}]', 0);
--> statement-breakpoint
INSERT INTO `question_options` (`id`, `question_id`, `label`, `content`, `is_correct`) VALUES (20250437, 2025088, 'B', '[{"type":"text","content":"propagar as diretrizes administrativas às capitanias."}]', 0);
--> statement-breakpoint
INSERT INTO `question_options` (`id`, `question_id`, `label`, `content`, `is_correct`) VALUES (20250438, 2025088, 'C', '[{"type":"text","content":"divulgar as conquistas às metrópoles europeias."}]', 0);
--> statement-breakpoint
INSERT INTO `question_options` (`id`, `question_id`, `label`, `content`, `is_correct`) VALUES (20250439, 2025088, 'D', '[{"type":"text","content":"integrar as regiões territoriais ao poder central."}]', 1);
--> statement-breakpoint
INSERT INTO `question_options` (`id`, `question_id`, `label`, `content`, `is_correct`) VALUES (20250440, 2025088, 'E', '[{"type":"text","content":"difundir as publicações às elites lusitanas."}]', 0);
--> statement-breakpoint
INSERT INTO `questions` (`id`, `external_id`, `year`, `exam_day`, `booklet`, `official_number`, `language`, `area`, `topic`, `statement`, `content_json`, `support_text`, `source_label`, `source_url`, `image_key`, `asset_bundle_key`, `difficulty`, `answer_status`, `status`, `review_status`, `taxonomy_version`) VALUES (2025089, 'enem-2025-d1-azul-shared-084', 2025, 1, 'azul', 84, NULL, 'Ciências Humanas', 'Prova oficial ENEM 2025', 'Com o objetivo de auxiliar a prevenção e o combate a incêndios no Cerrado, o Centro de Sensoriamento Remoto da Universidade Federal de Minas Gerais (UFMG) desenvolveu um modelo computacional capaz de prever o comportamento do fogo. Essa tecnologia integra o projeto Monitoramento do Cerrado, do qual também participa o Instituto Nacional de Pesquisas Espaciais (Inpe). O instituto produz e processa dados de satélite sobre focos de calor para determinar a localização de incêndios no bioma. Esses focos são o ponto de ignição para o modelo desenvolvido na UFMG: com base em outros dados, como relevo, ventos, umidade e biomassa seca, a ferramenta estima as áreas com maior risco de incêndio e prevê a intensidade e a direção de propagação do fogo no Cerrado brasileiro.LAGES, L. Tecnologia antiqueimada. Revista Minas Faz Ciência, n. 84, dez. 2020 – jan.-fev. 2021 (adaptado).Em relação à causa ambiental, o uso da tecnologia mencionada indica a', '[{"type":"text","content":"Com o objetivo de auxiliar a prevenção e o combate a incêndios no Cerrado, o Centro de Sensoriamento Remoto da Universidade Federal de Minas Gerais (UFMG) desenvolveu um modelo computacional capaz de prever o comportamento do fogo. Essa tecnologia integra o projeto Monitoramento do Cerrado, do qual também participa o Instituto Nacional de Pesquisas Espaciais (Inpe). O instituto produz e processa dados de satélite sobre focos de calor para determinar a localização de incêndios no bioma. Esses focos são o ponto de ignição para o modelo desenvolvido na UFMG: com base em outros dados, como relevo, ventos, umidade e biomassa seca, a ferramenta estima as áreas com maior risco de incêndio e prevê a intensidade e a direção de propagação do fogo no Cerrado brasileiro.LAGES, L. Tecnologia antiqueimada. Revista Minas Faz Ciência, n. 84, dez. 2020 – jan.-fev. 2021 (adaptado).Em relação à causa ambiental, o uso da tecnologia mencionada indica a"}]', NULL, 'INEP · ENEM 2025 · 1º dia · Caderno 1 azul', 'https://download.inep.gov.br/enem/provas_e_gabaritos/2025_PV_impresso_D1_CD1.pdf', NULL, 'enem/2025/dia1', 'official', 'valid', 'published', 'imported', 1);
--> statement-breakpoint
INSERT INTO `question_options` (`id`, `question_id`, `label`, `content`, `is_correct`) VALUES (20250441, 2025089, 'A', '[{"type":"text","content":"influência da produção orgânica."}]', 0);
--> statement-breakpoint
INSERT INTO `question_options` (`id`, `question_id`, `label`, `content`, `is_correct`) VALUES (20250442, 2025089, 'B', '[{"type":"text","content":"relevância da infraestrutura viária."}]', 0);
--> statement-breakpoint
INSERT INTO `question_options` (`id`, `question_id`, `label`, `content`, `is_correct`) VALUES (20250443, 2025089, 'C', '[{"type":"text","content":"significância da cosmologia nativa."}]', 0);
--> statement-breakpoint
INSERT INTO `question_options` (`id`, `question_id`, `label`, `content`, `is_correct`) VALUES (20250444, 2025089, 'D', '[{"type":"text","content":"importância de pesquisas acadêmicas."}]', 1);
--> statement-breakpoint
INSERT INTO `question_options` (`id`, `question_id`, `label`, `content`, `is_correct`) VALUES (20250445, 2025089, 'E', '[{"type":"text","content":"interferência de interesses estrangeiros."}]', 0);
--> statement-breakpoint
INSERT INTO `questions` (`id`, `external_id`, `year`, `exam_day`, `booklet`, `official_number`, `language`, `area`, `topic`, `statement`, `content_json`, `support_text`, `source_label`, `source_url`, `image_key`, `asset_bundle_key`, `difficulty`, `answer_status`, `status`, `review_status`, `taxonomy_version`) VALUES (2025090, 'enem-2025-d1-azul-shared-085', 2025, 1, 'azul', 85, NULL, 'Ciências Humanas', 'Prova oficial ENEM 2025', 'TEXTO IO cinema constituía um encanto indefinível: além do entretenimento delicioso das vidas alheias por meio dos filmes, o pretexto amável para os encontros de olhos, para a mostra dos vestidos, para as tagarelices com as vizinhas de cadeiras.SETTE, M. Anquinhas e bernardas. São Paulo: Livraria Martins, 1940 (adaptado).TEXTO IIO pouco caso na seleção dos filmes para serem exibidos nos espetáculos diurnos tem sido causa de inúmeros dissabores sofridos pelos progenitores que levam os seus filhos ao cinema para recreá-los. Em toda parte, tanto nas casas de famílias como nos colégios, só se ouve a petizada falar em fitas, em artistas cinematográficos, nas proezas de William Hart ou nas façanhas de Mutt.O cinema e a criança. Diário de Pernambuco. 29 ago. 1925 (adaptado).Publicados na primeira metade do século XX, os textos apresentam', '[{"type":"text","content":"TEXTO IO cinema constituía um encanto indefinível: além do entretenimento delicioso das vidas alheias por meio dos filmes, o pretexto amável para os encontros de olhos, para a mostra dos vestidos, para as tagarelices com as vizinhas de cadeiras.SETTE, M. Anquinhas e bernardas. São Paulo: Livraria Martins, 1940 (adaptado).TEXTO IIO pouco caso na seleção dos filmes para serem exibidos nos espetáculos diurnos tem sido causa de inúmeros dissabores sofridos pelos progenitores que levam os seus filhos ao cinema para recreá-los. Em toda parte, tanto nas casas de famílias como nos colégios, só se ouve a petizada falar em fitas, em artistas cinematográficos, nas proezas de William Hart ou nas façanhas de Mutt.O cinema e a criança. Diário de Pernambuco. 29 ago. 1925 (adaptado).Publicados na primeira metade do século XX, os textos apresentam"}]', NULL, 'INEP · ENEM 2025 · 1º dia · Caderno 1 azul', 'https://download.inep.gov.br/enem/provas_e_gabaritos/2025_PV_impresso_D1_CD1.pdf', NULL, 'enem/2025/dia1', 'official', 'valid', 'published', 'imported', 1);
--> statement-breakpoint
INSERT INTO `question_options` (`id`, `question_id`, `label`, `content`, `is_correct`) VALUES (20250446, 2025090, 'A', '[{"type":"text","content":"conclusões semelhantes sobre o mesmo suporte midiático."}]', 0);
--> statement-breakpoint
INSERT INTO `question_options` (`id`, `question_id`, `label`, `content`, `is_correct`) VALUES (20250447, 2025090, 'B', '[{"type":"text","content":"argumentos contrários sobre o mesmo tipo de diversão."}]', 1);
--> statement-breakpoint
INSERT INTO `question_options` (`id`, `question_id`, `label`, `content`, `is_correct`) VALUES (20250448, 2025090, 'C', '[{"type":"text","content":"discursos contraditórios sobre a mesma didática escolar."}]', 0);
--> statement-breakpoint
INSERT INTO `question_options` (`id`, `question_id`, `label`, `content`, `is_correct`) VALUES (20250449, 2025090, 'D', '[{"type":"text","content":"regras teológicas acerca de um mesmo recurso pedagógico."}]', 0);
--> statement-breakpoint
INSERT INTO `question_options` (`id`, `question_id`, `label`, `content`, `is_correct`) VALUES (20250450, 2025090, 'E', '[{"type":"text","content":"justificativas idênticas acerca de um mesmo aspecto cultural."}]', 0);
--> statement-breakpoint
INSERT INTO `questions` (`id`, `external_id`, `year`, `exam_day`, `booklet`, `official_number`, `language`, `area`, `topic`, `statement`, `content_json`, `support_text`, `source_label`, `source_url`, `image_key`, `asset_bundle_key`, `difficulty`, `answer_status`, `status`, `review_status`, `taxonomy_version`) VALUES (2025091, 'enem-2025-d1-azul-shared-086', 2025, 1, 'azul', 86, NULL, 'Ciências Humanas', 'Prova oficial ENEM 2025', 'Pesquisa pioneira no Brasil propõe o uso de energia do solo para climatizar edifíciosPela primeira vez na história, o Brasil terá um prédio que usa energia do solo para climatizar seus ambientes. Uma pesquisa inovadora avaliou o uso das fundações de edifícios como meio para a troca de energia térmica entre o prédio e o subsolo. A energia geotérmica é aquela encontrada dentro da crosta terrestre, seja no solo, nas rochas ou mesmo na água, sendo identificada pela temperatura. Essa energia pode ser transferida para a superfície por processos de troca térmica a partir das fundações da edificação.Disponível em: https://jornal.usp.br. Acesso em: 7 nov. 2021 (adaptado).Para o sistema elétrico brasileiro, a expansão de tecnologias como a descrita no texto representa uma tendência de', '[{"type":"text","content":"Pesquisa pioneira no Brasil propõe o uso de energia do solo para climatizar edifíciosPela primeira vez na história, o Brasil terá um prédio que usa energia do solo para climatizar seus ambientes. Uma pesquisa inovadora avaliou o uso das fundações de edifícios como meio para a troca de energia térmica entre o prédio e o subsolo. A energia geotérmica é aquela encontrada dentro da crosta terrestre, seja no solo, nas rochas ou mesmo na água, sendo identificada pela temperatura. Essa energia pode ser transferida para a superfície por processos de troca térmica a partir das fundações da edificação.Disponível em: https://jornal.usp.br. Acesso em: 7 nov. 2021 (adaptado).Para o sistema elétrico brasileiro, a expansão de tecnologias como a descrita no texto representa uma tendência de"}]', NULL, 'INEP · ENEM 2025 · 1º dia · Caderno 1 azul', 'https://download.inep.gov.br/enem/provas_e_gabaritos/2025_PV_impresso_D1_CD1.pdf', NULL, 'enem/2025/dia1', 'official', 'valid', 'published', 'imported', 1);
--> statement-breakpoint
INSERT INTO `question_options` (`id`, `question_id`, `label`, `content`, `is_correct`) VALUES (20250451, 2025091, 'A', '[{"type":"text","content":"homogeneização da oferta da matriz produtiva."}]', 0);
--> statement-breakpoint
INSERT INTO `question_options` (`id`, `question_id`, `label`, `content`, `is_correct`) VALUES (20250452, 2025091, 'B', '[{"type":"text","content":"ampliação do consumo em unidades residenciais."}]', 0);
--> statement-breakpoint
INSERT INTO `question_options` (`id`, `question_id`, `label`, `content`, `is_correct`) VALUES (20250453, 2025091, 'C', '[{"type":"text","content":"redução da pressão sobre as usinas hidrelétricas."}]', 1);
--> statement-breakpoint
INSERT INTO `question_options` (`id`, `question_id`, `label`, `content`, `is_correct`) VALUES (20250454, 2025091, 'D', '[{"type":"text","content":"estagnação do consumo em unidades industriais."}]', 0);
--> statement-breakpoint
INSERT INTO `question_options` (`id`, `question_id`, `label`, `content`, `is_correct`) VALUES (20250455, 2025091, 'E', '[{"type":"text","content":"superação da necessidade de recursos renováveis."}]', 0);
--> statement-breakpoint
INSERT INTO `questions` (`id`, `external_id`, `year`, `exam_day`, `booklet`, `official_number`, `language`, `area`, `topic`, `statement`, `content_json`, `support_text`, `source_label`, `source_url`, `image_key`, `asset_bundle_key`, `difficulty`, `answer_status`, `status`, `review_status`, `taxonomy_version`) VALUES (2025092, 'enem-2025-d1-azul-shared-087', 2025, 1, 'azul', 87, NULL, 'Ciências Humanas', 'Prova oficial ENEM 2025', 'Durante a realeza, e nos primeiros anos republicanos, as leis eram transmitidas oralmente de uma geração para outra. A ausência de uma legislação escrita permitia aos patrícios manipular a justiça conforme seus interesses.COULANGES, F. A cidade antiga. São Paulo: Martins Fontes, 2000.A conjuntura sociopolítica da Roma Antiga, conforme apresentada no texto, foi contestada pelos', '[{"type":"text","content":"Durante a realeza, e nos primeiros anos republicanos, as leis eram transmitidas oralmente de uma geração para outra. A ausência de uma legislação escrita permitia aos patrícios manipular a justiça conforme seus interesses.COULANGES, F. A cidade antiga. São Paulo: Martins Fontes, 2000.A conjuntura sociopolítica da Roma Antiga, conforme apresentada no texto, foi contestada pelos"}]', NULL, 'INEP · ENEM 2025 · 1º dia · Caderno 1 azul', 'https://download.inep.gov.br/enem/provas_e_gabaritos/2025_PV_impresso_D1_CD1.pdf', NULL, 'enem/2025/dia1', 'official', 'valid', 'published', 'imported', 1);
--> statement-breakpoint
INSERT INTO `question_options` (`id`, `question_id`, `label`, `content`, `is_correct`) VALUES (20250456, 2025092, 'A', '[{"type":"text","content":"monarcas, que queriam expandir o código jurídico."}]', 0);
--> statement-breakpoint
INSERT INTO `question_options` (`id`, `question_id`, `label`, `content`, `is_correct`) VALUES (20250457, 2025092, 'B', '[{"type":"text","content":"plebeus, que almejavam participar da vida política."}]', 1);
--> statement-breakpoint
INSERT INTO `question_options` (`id`, `question_id`, `label`, `content`, `is_correct`) VALUES (20250458, 2025092, 'C', '[{"type":"text","content":"nobres, que desejavam superar a relação de dependência."}]', 0);
--> statement-breakpoint
INSERT INTO `question_options` (`id`, `question_id`, `label`, `content`, `is_correct`) VALUES (20250459, 2025092, 'D', '[{"type":"text","content":"camponeses, que aspiravam diminuir a jornada de trabalho."}]', 0);
--> statement-breakpoint
INSERT INTO `question_options` (`id`, `question_id`, `label`, `content`, `is_correct`) VALUES (20250460, 2025092, 'E', '[{"type":"text","content":"estrangeiros, que ambicionavam acessar os espaços públicos."}]', 0);
--> statement-breakpoint
INSERT INTO `questions` (`id`, `external_id`, `year`, `exam_day`, `booklet`, `official_number`, `language`, `area`, `topic`, `statement`, `content_json`, `support_text`, `source_label`, `source_url`, `image_key`, `asset_bundle_key`, `difficulty`, `answer_status`, `status`, `review_status`, `taxonomy_version`) VALUES (2025093, 'enem-2025-d1-azul-shared-088', 2025, 1, 'azul', 88, NULL, 'Ciências Humanas', 'Prova oficial ENEM 2025', 'Os povos indígenas têm o direito de manter, controlar, proteger e desenvolver seu patrimônio cultural, seus conhecimentos do passado, suas expressões culturais e as manifestações de suas ciências, tecnologias e culturas, compreendidos os recursos humanos e genéticos, as sementes, os medicamentos, o conhecimento das propriedades da fauna e da flora, as transmissões orais, as literaturas, os desenhos, os esportes, os jogos e as artes visuais e interpretativas.Declaração das Nações Unidas sobre os Direitos dos Povos Indígenas. 107ª Sessão Plenária, 13 de setembro de 2007. Disponível em: www.un.org. Acesso em: 18 abr. 2015 (adaptado).Os direitos reconhecidos no texto representam a', '[{"type":"text","content":"Os povos indígenas têm o direito de manter, controlar, proteger e desenvolver seu patrimônio cultural, seus conhecimentos do passado, suas expressões culturais e as manifestações de suas ciências, tecnologias e culturas, compreendidos os recursos humanos e genéticos, as sementes, os medicamentos, o conhecimento das propriedades da fauna e da flora, as transmissões orais, as literaturas, os desenhos, os esportes, os jogos e as artes visuais e interpretativas.Declaração das Nações Unidas sobre os Direitos dos Povos Indígenas. 107ª Sessão Plenária, 13 de setembro de 2007. Disponível em: www.un.org. Acesso em: 18 abr. 2015 (adaptado).Os direitos reconhecidos no texto representam a"}]', NULL, 'INEP · ENEM 2025 · 1º dia · Caderno 1 azul', 'https://download.inep.gov.br/enem/provas_e_gabaritos/2025_PV_impresso_D1_CD1.pdf', NULL, 'enem/2025/dia1', 'official', 'valid', 'published', 'imported', 1);
--> statement-breakpoint
INSERT INTO `question_options` (`id`, `question_id`, `label`, `content`, `is_correct`) VALUES (20250461, 2025093, 'A', '[{"type":"text","content":"multiplicidade dos troncos linguísticos."}]', 0);
--> statement-breakpoint
INSERT INTO `question_options` (`id`, `question_id`, `label`, `content`, `is_correct`) VALUES (20250462, 2025093, 'B', '[{"type":"text","content":"ampliação das influências externas."}]', 0);
--> statement-breakpoint
INSERT INTO `question_options` (`id`, `question_id`, `label`, `content`, `is_correct`) VALUES (20250463, 2025093, 'C', '[{"type":"text","content":"complexidade dos saberes tradicionais."}]', 1);
--> statement-breakpoint
INSERT INTO `question_options` (`id`, `question_id`, `label`, `content`, `is_correct`) VALUES (20250464, 2025093, 'D', '[{"type":"text","content":"sofisticação das práticas de sobrevivência."}]', 0);
--> statement-breakpoint
INSERT INTO `question_options` (`id`, `question_id`, `label`, `content`, `is_correct`) VALUES (20250465, 2025093, 'E', '[{"type":"text","content":"diversificação da economia de subsistência."}]', 0);
--> statement-breakpoint
INSERT INTO `questions` (`id`, `external_id`, `year`, `exam_day`, `booklet`, `official_number`, `language`, `area`, `topic`, `statement`, `content_json`, `support_text`, `source_label`, `source_url`, `image_key`, `asset_bundle_key`, `difficulty`, `answer_status`, `status`, `review_status`, `taxonomy_version`) VALUES (2025094, 'enem-2025-d1-azul-shared-089', 2025, 1, 'azul', 89, NULL, 'Ciências Humanas', 'Prova oficial ENEM 2025', 'TEXTO IEu escolhi Bezalel e lhe dei competência e habilidade para fazer todo tipo de trabalho artístico; para fazer desenhos e trabalhar em ouro, prata e bronze; para lapidar e montar pedras preciosas; para entalhar madeira; e para fazer todo tipo de artesanato.BÍBLIA. Êxodo 31, 2-5. São Paulo: Paulinas, 2005.TEXTO IIMoisés foi educado em toda a sabedoria dos egípcios e veio a ser poderoso em palavras e obras.BÍBLIA. Atos 7, 22. São Paulo: Paulinas, 2005.TEXTO IIISe conhecêsseis a ciência certa, logo renunciarias à ostentação.ALCORÃO. Sura 102, 5. São Paulo: Tangará, 1975.Escritos em temporalidades diferentes (Antiguidade e Idade Média), os textos sagrados aproximam-se ao mostrar o papel da ciência para o(a)', '[{"type":"text","content":"TEXTO IEu escolhi Bezalel e lhe dei competência e habilidade para fazer todo tipo de trabalho artístico; para fazer desenhos e trabalhar em ouro, prata e bronze; para lapidar e montar pedras preciosas; para entalhar madeira; e para fazer todo tipo de artesanato.BÍBLIA. Êxodo 31, 2-5. São Paulo: Paulinas, 2005.TEXTO IIMoisés foi educado em toda a sabedoria dos egípcios e veio a ser poderoso em palavras e obras.BÍBLIA. Atos 7, 22. São Paulo: Paulinas, 2005.TEXTO IIISe conhecêsseis a ciência certa, logo renunciarias à ostentação.ALCORÃO. Sura 102, 5. São Paulo: Tangará, 1975.Escritos em temporalidades diferentes (Antiguidade e Idade Média), os textos sagrados aproximam-se ao mostrar o papel da ciência para o(a)"}]', NULL, 'INEP · ENEM 2025 · 1º dia · Caderno 1 azul', 'https://download.inep.gov.br/enem/provas_e_gabaritos/2025_PV_impresso_D1_CD1.pdf', NULL, 'enem/2025/dia1', 'official', 'valid', 'published', 'imported', 1);
--> statement-breakpoint
INSERT INTO `question_options` (`id`, `question_id`, `label`, `content`, `is_correct`) VALUES (20250466, 2025094, 'A', '[{"type":"text","content":"emergência das universidades e escolas confessionais."}]', 0);
--> statement-breakpoint
INSERT INTO `question_options` (`id`, `question_id`, `label`, `content`, `is_correct`) VALUES (20250467, 2025094, 'B', '[{"type":"text","content":"crescimento religioso e movimentos sectários."}]', 0);
--> statement-breakpoint
INSERT INTO `question_options` (`id`, `question_id`, `label`, `content`, `is_correct`) VALUES (20250468, 2025094, 'C', '[{"type":"text","content":"avanço da intolerância e rivalidades nacionais."}]', 0);
--> statement-breakpoint
INSERT INTO `question_options` (`id`, `question_id`, `label`, `content`, `is_correct`) VALUES (20250469, 2025094, 'D', '[{"type":"text","content":"preservação das tradições e rituais místicos."}]', 0);
--> statement-breakpoint
INSERT INTO `question_options` (`id`, `question_id`, `label`, `content`, `is_correct`) VALUES (20250470, 2025094, 'E', '[{"type":"text","content":"desenvolvimento social e práticas laborais."}]', 1);
--> statement-breakpoint
INSERT INTO `questions` (`id`, `external_id`, `year`, `exam_day`, `booklet`, `official_number`, `language`, `area`, `topic`, `statement`, `content_json`, `support_text`, `source_label`, `source_url`, `image_key`, `asset_bundle_key`, `difficulty`, `answer_status`, `status`, `review_status`, `taxonomy_version`) VALUES (2025095, 'enem-2025-d1-azul-shared-090', 2025, 1, 'azul', 90, NULL, 'Ciências Humanas', 'Prova oficial ENEM 2025', 'Em 1914, uma expedição estudantil saiu da Rússia em direção à América do Sul, sendo considerada a segunda campanha científica da Rússia no continente depois da longa viagem do barão Langsdorff pelo interior do Brasil na primeira metade do século XIX. O empreendimento foi enviado pelo Museu de Antropologia e Etnografia de São Petersburgo e integrado por cinco jovens cientistas, sendo dois zoólogos, dois etnógrafos e um antropólogo, cujo objetivo era a coleta de material de valor biológico e etnográfico para compor coleções nas instituições que participaram de seu financiamento. A expedição passou por países como Brasil, Paraguai e Argentina, resultando em amplo material manuscrito e algumas publicações, além dos objetos coletados.CARNEIRO, L. A. F. A Rússia no Brasil do início do século XX. Rio de Janeiro: Casa de Oswaldo Cruz, 2015 (adaptado).Além do significado científico, o evento mencionado conectava-se a um projeto nacionalista de caráter', '[{"type":"text","content":"Em 1914, uma expedição estudantil saiu da Rússia em direção à América do Sul, sendo considerada a segunda campanha científica da Rússia no continente depois da longa viagem do barão Langsdorff pelo interior do Brasil na primeira metade do século XIX. O empreendimento foi enviado pelo Museu de Antropologia e Etnografia de São Petersburgo e integrado por cinco jovens cientistas, sendo dois zoólogos, dois etnógrafos e um antropólogo, cujo objetivo era a coleta de material de valor biológico e etnográfico para compor coleções nas instituições que participaram de seu financiamento. A expedição passou por países como Brasil, Paraguai e Argentina, resultando em amplo material manuscrito e algumas publicações, além dos objetos coletados.CARNEIRO, L. A. F. A Rússia no Brasil do início do século XX. Rio de Janeiro: Casa de Oswaldo Cruz, 2015 (adaptado).Além do significado científico, o evento mencionado conectava-se a um projeto nacionalista de caráter"}]', NULL, 'INEP · ENEM 2025 · 1º dia · Caderno 1 azul', 'https://download.inep.gov.br/enem/provas_e_gabaritos/2025_PV_impresso_D1_CD1.pdf', NULL, 'enem/2025/dia1', 'official', 'valid', 'published', 'imported', 1);
--> statement-breakpoint
INSERT INTO `question_options` (`id`, `question_id`, `label`, `content`, `is_correct`) VALUES (20250471, 2025095, 'A', '[{"type":"text","content":"imperialista e colonizador."}]', 1);
--> statement-breakpoint
INSERT INTO `question_options` (`id`, `question_id`, `label`, `content`, `is_correct`) VALUES (20250472, 2025095, 'B', '[{"type":"text","content":"militar e disciplinador."}]', 0);
--> statement-breakpoint
INSERT INTO `question_options` (`id`, `question_id`, `label`, `content`, `is_correct`) VALUES (20250473, 2025095, 'C', '[{"type":"text","content":"lúdico e filantrópico."}]', 0);
--> statement-breakpoint
INSERT INTO `question_options` (`id`, `question_id`, `label`, `content`, `is_correct`) VALUES (20250474, 2025095, 'D', '[{"type":"text","content":"mercantil e predatório."}]', 0);
--> statement-breakpoint
INSERT INTO `question_options` (`id`, `question_id`, `label`, `content`, `is_correct`) VALUES (20250475, 2025095, 'E', '[{"type":"text","content":"religioso e humanitário."}]', 0);
--> statement-breakpoint
INSERT INTO `questions` (`id`, `external_id`, `year`, `exam_day`, `booklet`, `official_number`, `language`, `area`, `topic`, `statement`, `content_json`, `support_text`, `source_label`, `source_url`, `image_key`, `asset_bundle_key`, `difficulty`, `answer_status`, `status`, `review_status`, `taxonomy_version`) VALUES (2025096, 'enem-2025-d2-azul-shared-091', 2025, 2, 'azul', 91, NULL, 'Ciências da Natureza', 'Prova oficial ENEM 2025', 'A filtração em carvão é uma das mais antigas formas de purificação de água. O carvão ativado, diferentemente do carvão comum, é útil para ser empregado na remoção de material orgânico, cloro e outros contaminantes. Essa capacidade decorre de suas propriedades de adsorção. A origem do material utilizado para produzir o carvão ativado pode influenciar sua porosidade e, consequentemente, interferir na capacidade do material de remover impurezas. Na figura, é ilustrada esquematicamente a diferença entre as estruturas físicas do carvão comum e do carvão ativado. CORRÊA, M. A. Cosmetologia: ciência e técnica. São Paulo: Medfarma, 2012 (adaptado).Qual característica do carvão ativado explica a sua maior eficiência nesse processo?', '[{"type":"text","content":"A filtração em carvão é uma das mais antigas formas de purificação de água. O carvão ativado, diferentemente do carvão comum, é útil para ser empregado na remoção de material orgânico, cloro e outros contaminantes. Essa capacidade decorre de suas propriedades de adsorção. A origem do material utilizado para produzir o carvão ativado pode influenciar sua porosidade e, consequentemente, interferir na capacidade do material de remover impurezas. Na figura, é ilustrada esquematicamente a diferença entre as estruturas físicas do carvão comum e do carvão ativado."},{"type":"image","content":"/enem/2025/dia2/question-91.png"},{"type":"text","content":"CORRÊA, M. A. Cosmetologia: ciência e técnica. São Paulo: Medfarma, 2012 (adaptado).Qual característica do carvão ativado explica a sua maior eficiência nesse processo?"}]', NULL, 'INEP · ENEM 2025 · 2º dia · Caderno 7 azul', 'https://download.inep.gov.br/enem/provas_e_gabaritos/2025_PV_impresso_D2_CD7.pdf', '/enem/2025/dia2/question-91.png', 'enem/2025/dia2', 'official', 'valid', 'published', 'imported', 1);
--> statement-breakpoint
INSERT INTO `question_options` (`id`, `question_id`, `label`, `content`, `is_correct`) VALUES (20250476, 2025096, 'A', '[{"type":"text","content":"Massa."}]', 0);
--> statement-breakpoint
INSERT INTO `question_options` (`id`, `question_id`, `label`, `content`, `is_correct`) VALUES (20250477, 2025096, 'B', '[{"type":"text","content":"Dureza."}]', 0);
--> statement-breakpoint
INSERT INTO `question_options` (`id`, `question_id`, `label`, `content`, `is_correct`) VALUES (20250478, 2025096, 'C', '[{"type":"text","content":"Densidade."}]', 0);
--> statement-breakpoint
INSERT INTO `question_options` (`id`, `question_id`, `label`, `content`, `is_correct`) VALUES (20250479, 2025096, 'D', '[{"type":"text","content":"Superfície."}]', 1);
--> statement-breakpoint
INSERT INTO `question_options` (`id`, `question_id`, `label`, `content`, `is_correct`) VALUES (20250480, 2025096, 'E', '[{"type":"text","content":"Condutividade."}]', 0);
--> statement-breakpoint
INSERT INTO `questions` (`id`, `external_id`, `year`, `exam_day`, `booklet`, `official_number`, `language`, `area`, `topic`, `statement`, `content_json`, `support_text`, `source_label`, `source_url`, `image_key`, `asset_bundle_key`, `difficulty`, `answer_status`, `status`, `review_status`, `taxonomy_version`) VALUES (2025097, 'enem-2025-d2-azul-shared-092', 2025, 2, 'azul', 92, NULL, 'Ciências da Natureza', 'Prova oficial ENEM 2025', 'A maioria dos seres vivos tem um relógio biológico (ciclo circadiano), que regula as mudanças metabólicas e comportamentais de acordo com o ciclo de 24 horas de rotação da Terra. Em 2015, um artigo publicado na revista Science Advantage mostrou ser possível a transferência dos genes do relógio circadiano da cianobactéria Synechococcus elongatus para o genoma da bactéria Escherichia coli, um organismo não circadiano.CHEN, A. H. et al. Transplantability of a Circardian Lock to Noncircardian Organism. Science Advantage, n. 1, 2015 (adaptado).Estarão presentes no organismo geneticamente modificado os genes do', '[{"type":"text","content":"A maioria dos seres vivos tem um relógio biológico (ciclo circadiano), que regula as mudanças metabólicas e comportamentais de acordo com o ciclo de 24 horas de rotação da Terra. Em 2015, um artigo publicado na revista Science Advantage mostrou ser possível a transferência dos genes do relógio circadiano da cianobactéria Synechococcus elongatus para o genoma da bactéria Escherichia coli, um organismo não circadiano.CHEN, A. H. et al. Transplantability of a Circardian Lock to Noncircardian Organism. Science Advantage, n. 1, 2015 (adaptado).Estarão presentes no organismo geneticamente modificado os genes do"}]', NULL, 'INEP · ENEM 2025 · 2º dia · Caderno 7 azul', 'https://download.inep.gov.br/enem/provas_e_gabaritos/2025_PV_impresso_D2_CD7.pdf', NULL, 'enem/2025/dia2', 'official', 'valid', 'published', 'imported', 1);
--> statement-breakpoint
INSERT INTO `question_options` (`id`, `question_id`, `label`, `content`, `is_correct`) VALUES (20250481, 2025097, 'A', '[{"type":"text","content":"metabolismo de E.coli,apenas."}]', 0);
--> statement-breakpoint
INSERT INTO `question_options` (`id`, `question_id`, `label`, `content`, `is_correct`) VALUES (20250482, 2025097, 'B', '[{"type":"text","content":"ciclo circadiano de E.coli,apenas."}]', 0);
--> statement-breakpoint
INSERT INTO `question_options` (`id`, `question_id`, `label`, `content`, `is_correct`) VALUES (20250483, 2025097, 'C', '[{"type":"text","content":"metabolismo de S.elongatus e do ciclo circadiano de E.coli."}]', 0);
--> statement-breakpoint
INSERT INTO `question_options` (`id`, `question_id`, `label`, `content`, `is_correct`) VALUES (20250484, 2025097, 'D', '[{"type":"text","content":"ciclo circadiano de S.elongatus e do metabolismo de E.coli."}]', 1);
--> statement-breakpoint
INSERT INTO `question_options` (`id`, `question_id`, `label`, `content`, `is_correct`) VALUES (20250485, 2025097, 'E', '[{"type":"text","content":"ciclo circadiano de"}]', 0);
--> statement-breakpoint
INSERT INTO `questions` (`id`, `external_id`, `year`, `exam_day`, `booklet`, `official_number`, `language`, `area`, `topic`, `statement`, `content_json`, `support_text`, `source_label`, `source_url`, `image_key`, `asset_bundle_key`, `difficulty`, `answer_status`, `status`, `review_status`, `taxonomy_version`) VALUES (2025098, 'enem-2025-d2-azul-shared-093', 2025, 2, 'azul', 93, NULL, 'Ciências da Natureza', 'Prova oficial ENEM 2025', 'Os funcionários de um zoológico observaram um aumento na taxa de mortalidade de aves aquáticas por afogamento. Um grupo de biólogos analisou o comportamento das aves por várias semanas e observou que elas apresentavam dificuldade de flutuação, por causa do encharcamento das penas com água.O aumento na taxa de mortalidade dessas aves estava associado a uma redução na', '[{"type":"text","content":"Os funcionários de um zoológico observaram um aumento na taxa de mortalidade de aves aquáticas por afogamento. Um grupo de biólogos analisou o comportamento das aves por várias semanas e observou que elas apresentavam dificuldade de flutuação, por causa do encharcamento das penas com água.O aumento na taxa de mortalidade dessas aves estava associado a uma redução na"}]', NULL, 'INEP · ENEM 2025 · 2º dia · Caderno 7 azul', 'https://download.inep.gov.br/enem/provas_e_gabaritos/2025_PV_impresso_D2_CD7.pdf', NULL, 'enem/2025/dia2', 'official', 'valid', 'published', 'imported', 1);
--> statement-breakpoint
INSERT INTO `question_options` (`id`, `question_id`, `label`, `content`, `is_correct`) VALUES (20250486, 2025098, 'A', '[{"type":"text","content":"dilatação do papo."}]', 0);
--> statement-breakpoint
INSERT INTO `question_options` (`id`, `question_id`, `label`, `content`, `is_correct`) VALUES (20250487, 2025098, 'B', '[{"type":"text","content":"reposição de penas das asas."}]', 0);
--> statement-breakpoint
INSERT INTO `question_options` (`id`, `question_id`, `label`, `content`, `is_correct`) VALUES (20250488, 2025098, 'C', '[{"type":"text","content":"secreção da glândula uropigial."}]', 1);
--> statement-breakpoint
INSERT INTO `question_options` (`id`, `question_id`, `label`, `content`, `is_correct`) VALUES (20250489, 2025098, 'D', '[{"type":"text","content":"formação da membrana natatória."}]', 0);
--> statement-breakpoint
INSERT INTO `question_options` (`id`, `question_id`, `label`, `content`, `is_correct`) VALUES (20250490, 2025098, 'E', '[{"type":"text","content":"largura das cavidades de ossos pneumáticos."}]', 0);
--> statement-breakpoint
INSERT INTO `questions` (`id`, `external_id`, `year`, `exam_day`, `booklet`, `official_number`, `language`, `area`, `topic`, `statement`, `content_json`, `support_text`, `source_label`, `source_url`, `image_key`, `asset_bundle_key`, `difficulty`, `answer_status`, `status`, `review_status`, `taxonomy_version`) VALUES (2025099, 'enem-2025-d2-azul-shared-094', 2025, 2, 'azul', 94, NULL, 'Ciências da Natureza', 'Prova oficial ENEM 2025', 'Réguas elétricas são dispositivos que permitem a ligação segura e simultânea de dois ou mais aparelhos eletroeletrônicos à rede elétrica. Uma estudante comprou uma régua com seis tomadas, conforme a figura. Essa régua suporta uma intensidade máxima de corrente elétrica igual a 20 A. Acima desse valor, o fusível de segurança da régua se rompe, inutilizando-a até que um novo fusível seja instalado. Considere as potências nominais de alguns aparelhos eletroeletrônicos apresentadas no quadro.AparelhoPotência (watt)Luminária de LED5Computador250Impressora a laser660Secador de cabelos750Cafeteira900Condicionador de ar portátil1 100 Em um dia quente, a estudante mantém o computador e o condicionador de ar portátil ligados à régua permanentemente. Nessa situação, ela tenta realizar algumas atividades, uma de cada vez, utilizando a mesma régua, na seguinte ordem:1º – imprimir um trabalho escolar;2º – fazer um café com a cafeteira;3º – ligar a luminária;4º – secar os cabelos.Sabe-se que a régua foi ligada à tensão elétrica de 110 V, adequada para o funcionamento desses aparelhos.Considerando a ordem das tentativas, quantas atividades a estudante conseguiu realizar sem queimar o fusível?', '[{"type":"text","content":"Réguas elétricas são dispositivos que permitem a ligação segura e simultânea de dois ou mais aparelhos eletroeletrônicos à rede elétrica. Uma estudante comprou uma régua com seis tomadas, conforme a figura. Essa régua suporta uma intensidade máxima de corrente elétrica igual a 20 A. Acima desse valor, o fusível de segurança da régua se rompe, inutilizando-a até que um novo fusível seja instalado. Considere as potências nominais de alguns aparelhos eletroeletrônicos apresentadas no quadro.AparelhoPotência (watt)Luminária de LED5Computador250Impressora a laser660Secador de cabelos750Cafeteira900Condicionador de ar portátil1 100"},{"type":"image","content":"/enem/2025/dia2/question-94.png"},{"type":"text","content":"Em um dia quente, a estudante mantém o computador e o condicionador de ar portátil ligados à régua permanentemente. Nessa situação, ela tenta realizar algumas atividades, uma de cada vez, utilizando a mesma régua, na seguinte ordem:1º – imprimir um trabalho escolar;2º – fazer um café com a cafeteira;3º – ligar a luminária;4º – secar os cabelos.Sabe-se que a régua foi ligada à tensão elétrica de 110 V, adequada para o funcionamento desses aparelhos.Considerando a ordem das tentativas, quantas atividades a estudante conseguiu realizar sem queimar o fusível?"}]', NULL, 'INEP · ENEM 2025 · 2º dia · Caderno 7 azul', 'https://download.inep.gov.br/enem/provas_e_gabaritos/2025_PV_impresso_D2_CD7.pdf', '/enem/2025/dia2/question-94.png', 'enem/2025/dia2', 'official', 'valid', 'published', 'imported', 1);
--> statement-breakpoint
INSERT INTO `question_options` (`id`, `question_id`, `label`, `content`, `is_correct`) VALUES (20250491, 2025099, 'A', '[{"type":"text","content":"4"}]', 0);
--> statement-breakpoint
INSERT INTO `question_options` (`id`, `question_id`, `label`, `content`, `is_correct`) VALUES (20250492, 2025099, 'B', '[{"type":"text","content":"3"}]', 0);
--> statement-breakpoint
INSERT INTO `question_options` (`id`, `question_id`, `label`, `content`, `is_correct`) VALUES (20250493, 2025099, 'C', '[{"type":"text","content":"2"}]', 0);
--> statement-breakpoint
INSERT INTO `question_options` (`id`, `question_id`, `label`, `content`, `is_correct`) VALUES (20250494, 2025099, 'D', '[{"type":"text","content":"1"}]', 1);
--> statement-breakpoint
INSERT INTO `question_options` (`id`, `question_id`, `label`, `content`, `is_correct`) VALUES (20250495, 2025099, 'E', '[{"type":"text","content":"0"}]', 0);
--> statement-breakpoint
INSERT INTO `questions` (`id`, `external_id`, `year`, `exam_day`, `booklet`, `official_number`, `language`, `area`, `topic`, `statement`, `content_json`, `support_text`, `source_label`, `source_url`, `image_key`, `asset_bundle_key`, `difficulty`, `answer_status`, `status`, `review_status`, `taxonomy_version`) VALUES (2025100, 'enem-2025-d2-azul-shared-095', 2025, 2, 'azul', 95, NULL, 'Ciências da Natureza', 'Prova oficial ENEM 2025', 'TEXTO IAs mariposasAs mariposa, quando chega o frioFica dando volta em volta da lâmpida pra se esquentá. [sic]BARBOSA, A. Reviva: Adoniran Barbosa. São Paulo: Som Livre, 2002 (fragmento).TEXTO IIAs mariposas se aproximam das lâmpadas atraídas pela luz, pois, sendo basicamente criaturas noturnas, estão adaptadas a seguir o brilho da lua, em um processo conhecido como orientação transversal. Assim, o que o sambista Adoniran Barbosa, no Texto I, descreve não é a causa, mas sim uma das consequências possíveis dessa aproximação. De fato, o calor gerado pelas lâmpadas, sobretudo as incandescentes, pode aquecer as mariposas.HERTZBERG, R. Por que as mariposas são tão atraídas por luzes fortes? National Geographic, nov. 2020 (adaptado).Nesse contexto, o processo de transferência de calor para as mariposas que independe da presença de fluidos é a', '[{"type":"text","content":"TEXTO IAs mariposasAs mariposa, quando chega o frioFica dando volta em volta da lâmpida pra se esquentá. [sic]BARBOSA, A. Reviva: Adoniran Barbosa. São Paulo: Som Livre, 2002 (fragmento).TEXTO IIAs mariposas se aproximam das lâmpadas atraídas pela luz, pois, sendo basicamente criaturas noturnas, estão adaptadas a seguir o brilho da lua, em um processo conhecido como orientação transversal. Assim, o que o sambista Adoniran Barbosa, no Texto I, descreve não é a causa, mas sim uma das consequências possíveis dessa aproximação. De fato, o calor gerado pelas lâmpadas, sobretudo as incandescentes, pode aquecer as mariposas.HERTZBERG, R. Por que as mariposas são tão atraídas por luzes fortes? National Geographic, nov. 2020 (adaptado).Nesse contexto, o processo de transferência de calor para as mariposas que independe da presença de fluidos é a"}]', NULL, 'INEP · ENEM 2025 · 2º dia · Caderno 7 azul', 'https://download.inep.gov.br/enem/provas_e_gabaritos/2025_PV_impresso_D2_CD7.pdf', NULL, 'enem/2025/dia2', 'official', 'valid', 'published', 'imported', 1);
--> statement-breakpoint
INSERT INTO `question_options` (`id`, `question_id`, `label`, `content`, `is_correct`) VALUES (20250496, 2025100, 'A', '[{"type":"text","content":"reflexão."}]', 0);
--> statement-breakpoint
INSERT INTO `question_options` (`id`, `question_id`, `label`, `content`, `is_correct`) VALUES (20250497, 2025100, 'B', '[{"type":"text","content":"refração."}]', 0);
--> statement-breakpoint
INSERT INTO `question_options` (`id`, `question_id`, `label`, `content`, `is_correct`) VALUES (20250498, 2025100, 'C', '[{"type":"text","content":"irradiação."}]', 1);
--> statement-breakpoint
INSERT INTO `question_options` (`id`, `question_id`, `label`, `content`, `is_correct`) VALUES (20250499, 2025100, 'D', '[{"type":"text","content":"dispersão."}]', 0);
--> statement-breakpoint
INSERT INTO `question_options` (`id`, `question_id`, `label`, `content`, `is_correct`) VALUES (20250500, 2025100, 'E', '[{"type":"text","content":"convecção."}]', 0);
--> statement-breakpoint
INSERT INTO `questions` (`id`, `external_id`, `year`, `exam_day`, `booklet`, `official_number`, `language`, `area`, `topic`, `statement`, `content_json`, `support_text`, `source_label`, `source_url`, `image_key`, `asset_bundle_key`, `difficulty`, `answer_status`, `status`, `review_status`, `taxonomy_version`) VALUES (2025101, 'enem-2025-d2-azul-shared-096', 2025, 2, 'azul', 96, NULL, 'Ciências da Natureza', 'Prova oficial ENEM 2025', 'Os sapinhos-ponta-de-flecha constituem um grupo de espécies encontradas na América Central e do Sul. Seus venenos são obtidos por meio do consumo de algumas formigas e cupins que se alimentam de plantas que contêm esses venenos. Esses anfíbios são usados para envenenar as flechas das zarabatanas dos caçadores nativos. Quando capturados e criados em condições artificiais, ou quando nascidos em cativeiro, não são tóxicos.BADIO, B. et al. Epibatidine: Discovery and Definition as a Potent Analgesic and Nicotinic Agonist. Med. Chem. Res., n. 4, 1994 (adaptado).A perda da capacidade de se obter a toxina nos nascidos em cativeiro é causada pela', '[{"type":"text","content":"Os sapinhos-ponta-de-flecha constituem um grupo de espécies encontradas na América Central e do Sul. Seus venenos são obtidos por meio do consumo de algumas formigas e cupins que se alimentam de plantas que contêm esses venenos. Esses anfíbios são usados para envenenar as flechas das zarabatanas dos caçadores nativos. Quando capturados e criados em condições artificiais, ou quando nascidos em cativeiro, não são tóxicos.BADIO, B. et al. Epibatidine: Discovery and Definition as a Potent Analgesic and Nicotinic Agonist. Med. Chem. Res., n. 4, 1994 (adaptado).A perda da capacidade de se obter a toxina nos nascidos em cativeiro é causada pela"}]', NULL, 'INEP · ENEM 2025 · 2º dia · Caderno 7 azul', 'https://download.inep.gov.br/enem/provas_e_gabaritos/2025_PV_impresso_D2_CD7.pdf', NULL, 'enem/2025/dia2', 'official', 'valid', 'published', 'imported', 1);
--> statement-breakpoint
INSERT INTO `question_options` (`id`, `question_id`, `label`, `content`, `is_correct`) VALUES (20250501, 2025101, 'A', '[{"type":"text","content":"diferença de umidade entre os ambientes."}]', 0);
--> statement-breakpoint
INSERT INTO `question_options` (`id`, `question_id`, `label`, `content`, `is_correct`) VALUES (20250502, 2025101, 'B', '[{"type":"text","content":"ausência de alimentação natural."}]', 1);
--> statement-breakpoint
INSERT INTO `question_options` (`id`, `question_id`, `label`, `content`, `is_correct`) VALUES (20250503, 2025101, 'C', '[{"type":"text","content":"adaptação ao novo ambiente."}]', 0);
--> statement-breakpoint
INSERT INTO `question_options` (`id`, `question_id`, `label`, `content`, `is_correct`) VALUES (20250504, 2025101, 'D', '[{"type":"text","content":"mudança de comportamento."}]', 0);
--> statement-breakpoint
INSERT INTO `question_options` (`id`, `question_id`, `label`, `content`, `is_correct`) VALUES (20250505, 2025101, 'E', '[{"type":"text","content":"variabilidade genética."}]', 0);
--> statement-breakpoint
INSERT INTO `questions` (`id`, `external_id`, `year`, `exam_day`, `booklet`, `official_number`, `language`, `area`, `topic`, `statement`, `content_json`, `support_text`, `source_label`, `source_url`, `image_key`, `asset_bundle_key`, `difficulty`, `answer_status`, `status`, `review_status`, `taxonomy_version`) VALUES (2025102, 'enem-2025-d2-azul-shared-097', 2025, 2, 'azul', 97, NULL, 'Ciências da Natureza', 'Prova oficial ENEM 2025', 'A produção de vacinas exige uma sequência de procedimentos, além do cumprimento estrito de verificações de segurança. No esquema, estão demonstradas as etapas básicas realizadas para a fabricação de uma vacina utilizando a tecnologia tradicional e o efeito dela no organismo. O antígeno utilizado na vacina causa um efeito protetor contra o vírus porque', '[{"type":"text","content":"A produção de vacinas exige uma sequência de procedimentos, além do cumprimento estrito de verificações de segurança. No esquema, estão demonstradas as etapas básicas realizadas para a fabricação de uma vacina utilizando a tecnologia tradicional e o efeito dela no organismo."},{"type":"image","content":"/enem/2025/dia2/question-97.png"},{"type":"text","content":"O antígeno utilizado na vacina causa um efeito protetor contra o vírus porque"}]', NULL, 'INEP · ENEM 2025 · 2º dia · Caderno 7 azul', 'https://download.inep.gov.br/enem/provas_e_gabaritos/2025_PV_impresso_D2_CD7.pdf', '/enem/2025/dia2/question-97.png', 'enem/2025/dia2', 'official', 'valid', 'published', 'imported', 1);
--> statement-breakpoint
INSERT INTO `question_options` (`id`, `question_id`, `label`, `content`, `is_correct`) VALUES (20250506, 2025102, 'A', '[{"type":"text","content":"mata o vírus pela ligação."}]', 0);
--> statement-breakpoint
INSERT INTO `question_options` (`id`, `question_id`, `label`, `content`, `is_correct`) VALUES (20250507, 2025102, 'B', '[{"type":"text","content":"aglutina o vírus por associação."}]', 0);
--> statement-breakpoint
INSERT INTO `question_options` (`id`, `question_id`, `label`, `content`, `is_correct`) VALUES (20250508, 2025102, 'C', '[{"type":"text","content":"contém imunoglobulinas de defesa."}]', 0);
--> statement-breakpoint
INSERT INTO `question_options` (`id`, `question_id`, `label`, `content`, `is_correct`) VALUES (20250509, 2025102, 'D', '[{"type":"text","content":"induz a produção de proteínas neutralizadoras."}]', 1);
--> statement-breakpoint
INSERT INTO `question_options` (`id`, `question_id`, `label`, `content`, `is_correct`) VALUES (20250510, 2025102, 'E', '[{"type":"text","content":"mantém a quantidade de anticorpos preexistentes."}]', 0);
--> statement-breakpoint
INSERT INTO `questions` (`id`, `external_id`, `year`, `exam_day`, `booklet`, `official_number`, `language`, `area`, `topic`, `statement`, `content_json`, `support_text`, `source_label`, `source_url`, `image_key`, `asset_bundle_key`, `difficulty`, `answer_status`, `status`, `review_status`, `taxonomy_version`) VALUES (2025103, 'enem-2025-d2-azul-shared-098', 2025, 2, 'azul', 98, NULL, 'Ciências da Natureza', 'Prova oficial ENEM 2025', 'O bioma Cerrado é caracterizado por apresentar ampla e natural diversidade de espécies vegetais. Nos últimos tempos, o homem vem modificando esse cenário pela inserção de plantas exóticas nesse ambiente. Exemplo disso é o cultivo do capim-gordura, nativo do continente africano e utilizado nesse tipo de ecossistema como forma de pastagem. É importante ressaltar que essa espécie vegetal é capaz de se espalhar por grandes áreas, devido à sua agressividade e poder competitivo.CARLOS JR., L. A.; BARBOSA, N. P. U.; FERNANDES, G. W. O capim-gordura e as invasões no Cerrado brasileiro. Jornal do Biólogo, mar.-jun. 2008 (adaptado).Em longo prazo, essa ação do homem pode gerar qual consequência?', '[{"type":"text","content":"O bioma Cerrado é caracterizado por apresentar ampla e natural diversidade de espécies vegetais. Nos últimos tempos, o homem vem modificando esse cenário pela inserção de plantas exóticas nesse ambiente. Exemplo disso é o cultivo do capim-gordura, nativo do continente africano e utilizado nesse tipo de ecossistema como forma de pastagem. É importante ressaltar que essa espécie vegetal é capaz de se espalhar por grandes áreas, devido à sua agressividade e poder competitivo.CARLOS JR., L. A.; BARBOSA, N. P. U.; FERNANDES, G. W. O capim-gordura e as invasões no Cerrado brasileiro. Jornal do Biólogo, mar.-jun. 2008 (adaptado).Em longo prazo, essa ação do homem pode gerar qual consequência?"}]', NULL, 'INEP · ENEM 2025 · 2º dia · Caderno 7 azul', 'https://download.inep.gov.br/enem/provas_e_gabaritos/2025_PV_impresso_D2_CD7.pdf', NULL, 'enem/2025/dia2', 'official', 'valid', 'published', 'imported', 1);
--> statement-breakpoint
INSERT INTO `question_options` (`id`, `question_id`, `label`, `content`, `is_correct`) VALUES (20250511, 2025103, 'A', '[{"type":"text","content":"Diversificar nichos ecológicos."}]', 0);
--> statement-breakpoint
INSERT INTO `question_options` (`id`, `question_id`, `label`, `content`, `is_correct`) VALUES (20250512, 2025103, 'B', '[{"type":"text","content":"Assorear as nascentes do bioma."}]', 0);
--> statement-breakpoint
INSERT INTO `question_options` (`id`, `question_id`, `label`, `content`, `is_correct`) VALUES (20250513, 2025103, 'C', '[{"type":"text","content":"Dificultar a infiltração de água na terra."}]', 0);
--> statement-breakpoint
INSERT INTO `question_options` (`id`, `question_id`, `label`, `content`, `is_correct`) VALUES (20250514, 2025103, 'D', '[{"type":"text","content":"Diminuir as espécies nativas do bioma."}]', 1);
--> statement-breakpoint
INSERT INTO `question_options` (`id`, `question_id`, `label`, `content`, `is_correct`) VALUES (20250515, 2025103, 'E', '[{"type":"text","content":"Contribuir com a redução das queimadas."}]', 0);
--> statement-breakpoint
INSERT INTO `questions` (`id`, `external_id`, `year`, `exam_day`, `booklet`, `official_number`, `language`, `area`, `topic`, `statement`, `content_json`, `support_text`, `source_label`, `source_url`, `image_key`, `asset_bundle_key`, `difficulty`, `answer_status`, `status`, `review_status`, `taxonomy_version`) VALUES (2025104, 'enem-2025-d2-azul-shared-099', 2025, 2, 'azul', 99, NULL, 'Ciências da Natureza', 'Prova oficial ENEM 2025', 'O monstro de gila, um lagarto encontrado em um deserto dos Estados Unidos, apresenta adaptações à falta de alimento nesse ambiente. Esse lagarto possui um hormônio que controla os níveis de açúcar em seu próprio sangue. Foi observado que esse hormônio também controla os níveis de açúcar no sangue de pessoas diabéticas.RUSSELL, C. Ozempic e outros remédios inspirados em veneno de animais. Disponível em: www.bbc.com. Acesso em: 6 dez. 2024 (adaptado).Considerando que animais de um mesmo grupo taxonômico podem apresentar características adaptativas semelhantes em ambientes similares, onde seria mais provável encontrar lagartos com essas características no território brasileiro?', '[{"type":"text","content":"O monstro de gila, um lagarto encontrado em um deserto dos Estados Unidos, apresenta adaptações à falta de alimento nesse ambiente. Esse lagarto possui um hormônio que controla os níveis de açúcar em seu próprio sangue. Foi observado que esse hormônio também controla os níveis de açúcar no sangue de pessoas diabéticas.RUSSELL, C. Ozempic e outros remédios inspirados em veneno de animais. Disponível em: www.bbc.com. Acesso em: 6 dez. 2024 (adaptado).Considerando que animais de um mesmo grupo taxonômico podem apresentar características adaptativas semelhantes em ambientes similares, onde seria mais provável encontrar lagartos com essas características no território brasileiro?"}]', NULL, 'INEP · ENEM 2025 · 2º dia · Caderno 7 azul', 'https://download.inep.gov.br/enem/provas_e_gabaritos/2025_PV_impresso_D2_CD7.pdf', NULL, 'enem/2025/dia2', 'official', 'valid', 'published', 'imported', 1);
--> statement-breakpoint
INSERT INTO `question_options` (`id`, `question_id`, `label`, `content`, `is_correct`) VALUES (20250516, 2025104, 'A', '[{"type":"text","content":"Cerrado."}]', 0);
--> statement-breakpoint
INSERT INTO `question_options` (`id`, `question_id`, `label`, `content`, `is_correct`) VALUES (20250517, 2025104, 'B', '[{"type":"text","content":"Pampas."}]', 0);
--> statement-breakpoint
INSERT INTO `question_options` (`id`, `question_id`, `label`, `content`, `is_correct`) VALUES (20250518, 2025104, 'C', '[{"type":"text","content":"Caatinga."}]', 1);
--> statement-breakpoint
INSERT INTO `question_options` (`id`, `question_id`, `label`, `content`, `is_correct`) VALUES (20250519, 2025104, 'D', '[{"type":"text","content":"Restinga."}]', 0);
--> statement-breakpoint
INSERT INTO `question_options` (`id`, `question_id`, `label`, `content`, `is_correct`) VALUES (20250520, 2025104, 'E', '[{"type":"text","content":"Pantanal."}]', 0);
--> statement-breakpoint
INSERT INTO `questions` (`id`, `external_id`, `year`, `exam_day`, `booklet`, `official_number`, `language`, `area`, `topic`, `statement`, `content_json`, `support_text`, `source_label`, `source_url`, `image_key`, `asset_bundle_key`, `difficulty`, `answer_status`, `status`, `review_status`, `taxonomy_version`) VALUES (2025105, 'enem-2025-d2-azul-shared-100', 2025, 2, 'azul', 100, NULL, 'Ciências da Natureza', 'Prova oficial ENEM 2025', 'Existe um processo de purificação de água em que são removidos os sais dissolvidos. A água que passa por esse processo é muito utilizada em laboratórios de química, em indústrias (como solvente), em baterias de carros etc. Entretanto, esse tipo de água não é adequado para ingestão, pois pode causar problemas de saúde, como carência iônica e diarreia.Essa água é chamada de', '[{"type":"text","content":"Existe um processo de purificação de água em que são removidos os sais dissolvidos. A água que passa por esse processo é muito utilizada em laboratórios de química, em indústrias (como solvente), em baterias de carros etc. Entretanto, esse tipo de água não é adequado para ingestão, pois pode causar problemas de saúde, como carência iônica e diarreia.Essa água é chamada de"}]', NULL, 'INEP · ENEM 2025 · 2º dia · Caderno 7 azul', 'https://download.inep.gov.br/enem/provas_e_gabaritos/2025_PV_impresso_D2_CD7.pdf', NULL, 'enem/2025/dia2', 'official', 'valid', 'published', 'imported', 1);
--> statement-breakpoint
INSERT INTO `question_options` (`id`, `question_id`, `label`, `content`, `is_correct`) VALUES (20250521, 2025105, 'A', '[{"type":"text","content":"dura."}]', 0);
--> statement-breakpoint
INSERT INTO `question_options` (`id`, `question_id`, `label`, `content`, `is_correct`) VALUES (20250522, 2025105, 'B', '[{"type":"text","content":"pesada."}]', 0);
--> statement-breakpoint
INSERT INTO `question_options` (`id`, `question_id`, `label`, `content`, `is_correct`) VALUES (20250523, 2025105, 'C', '[{"type":"text","content":"sanitária."}]', 0);
--> statement-breakpoint
INSERT INTO `question_options` (`id`, `question_id`, `label`, `content`, `is_correct`) VALUES (20250524, 2025105, 'D', '[{"type":"text","content":"destilada."}]', 1);
--> statement-breakpoint
INSERT INTO `question_options` (`id`, `question_id`, `label`, `content`, `is_correct`) VALUES (20250525, 2025105, 'E', '[{"type":"text","content":"oxigenada."}]', 0);
--> statement-breakpoint
INSERT INTO `questions` (`id`, `external_id`, `year`, `exam_day`, `booklet`, `official_number`, `language`, `area`, `topic`, `statement`, `content_json`, `support_text`, `source_label`, `source_url`, `image_key`, `asset_bundle_key`, `difficulty`, `answer_status`, `status`, `review_status`, `taxonomy_version`) VALUES (2025106, 'enem-2025-d2-azul-shared-101', 2025, 2, 'azul', 101, NULL, 'Ciências da Natureza', 'Prova oficial ENEM 2025', 'Por que os olhos ficam vermelhos em algumas fotografias?Em fotos tiradas com câmeras fotográficas antigas, por vezes as pessoas aparecem com os olhos vermelhos. Isso ocorre porque a luz do flash da câmera incide diretamente no globo ocular, sendo refletida por uma região repleta de vasos sanguíneos.Disponível em: www.uol.com.br. Acesso em: 14 jun. 2017 (adaptado).Esse efeito é mais comum à noite ou em lugares pouco iluminados porque, com a pupila', '[{"type":"text","content":"Por que os olhos ficam vermelhos em algumas fotografias?Em fotos tiradas com câmeras fotográficas antigas, por vezes as pessoas aparecem com os olhos vermelhos. Isso ocorre porque a luz do flash da câmera incide diretamente no globo ocular, sendo refletida por uma região repleta de vasos sanguíneos.Disponível em: www.uol.com.br. Acesso em: 14 jun. 2017 (adaptado).Esse efeito é mais comum à noite ou em lugares pouco iluminados porque, com a pupila"}]', NULL, 'INEP · ENEM 2025 · 2º dia · Caderno 7 azul', 'https://download.inep.gov.br/enem/provas_e_gabaritos/2025_PV_impresso_D2_CD7.pdf', NULL, 'enem/2025/dia2', 'official', 'valid', 'published', 'imported', 1);
--> statement-breakpoint
INSERT INTO `question_options` (`id`, `question_id`, `label`, `content`, `is_correct`) VALUES (20250526, 2025106, 'A', '[{"type":"text","content":"dilatada, chega mais luz à retina."}]', 1);
--> statement-breakpoint
INSERT INTO `question_options` (`id`, `question_id`, `label`, `content`, `is_correct`) VALUES (20250527, 2025106, 'B', '[{"type":"text","content":"retraída, chega mais luz vermelha à retina."}]', 0);
--> statement-breakpoint
INSERT INTO `question_options` (`id`, `question_id`, `label`, `content`, `is_correct`) VALUES (20250528, 2025106, 'C', '[{"type":"text","content":"retraída, chega mais luz vermelha aos bastonetes."}]', 0);
--> statement-breakpoint
INSERT INTO `question_options` (`id`, `question_id`, `label`, `content`, `is_correct`) VALUES (20250529, 2025106, 'D', '[{"type":"text","content":"retraída, chegam menos luzes azul e verde aos cones."}]', 0);
--> statement-breakpoint
INSERT INTO `question_options` (`id`, `question_id`, `label`, `content`, `is_correct`) VALUES (20250530, 2025106, 'E', '[{"type":"text","content":"dilatada, chegam menos luzes azul e verde aos bastonetes."}]', 0);
--> statement-breakpoint
INSERT INTO `questions` (`id`, `external_id`, `year`, `exam_day`, `booklet`, `official_number`, `language`, `area`, `topic`, `statement`, `content_json`, `support_text`, `source_label`, `source_url`, `image_key`, `asset_bundle_key`, `difficulty`, `answer_status`, `status`, `review_status`, `taxonomy_version`) VALUES (2025107, 'enem-2025-d2-azul-shared-102', 2025, 2, 'azul', 102, NULL, 'Ciências da Natureza', 'Prova oficial ENEM 2025', 'O sashimi (filé de peixe cru) de baiacu é uma iguaria muito apreciada no Japão. Entretanto, sua ingestão pode causar a morte por parada respiratória, pois esse peixe contém uma potente neurotoxina termoestável, a tetrodotoxina, que é produzida e armazenada nas gônadas e vísceras.Que ação poderia evitar essa intoxicação?', '[{"type":"text","content":"O sashimi (filé de peixe cru) de baiacu é uma iguaria muito apreciada no Japão. Entretanto, sua ingestão pode causar a morte por parada respiratória, pois esse peixe contém uma potente neurotoxina termoestável, a tetrodotoxina, que é produzida e armazenada nas gônadas e vísceras.Que ação poderia evitar essa intoxicação?"}]', NULL, 'INEP · ENEM 2025 · 2º dia · Caderno 7 azul', 'https://download.inep.gov.br/enem/provas_e_gabaritos/2025_PV_impresso_D2_CD7.pdf', NULL, 'enem/2025/dia2', 'official', 'valid', 'published', 'imported', 1);
--> statement-breakpoint
INSERT INTO `question_options` (`id`, `question_id`, `label`, `content`, `is_correct`) VALUES (20250531, 2025107, 'A', '[{"type":"text","content":"Criar os peixes em cativeiro."}]', 0);
--> statement-breakpoint
INSERT INTO `question_options` (`id`, `question_id`, `label`, `content`, `is_correct`) VALUES (20250532, 2025107, 'B', '[{"type":"text","content":"Realizar a pesca com redes."}]', 0);
--> statement-breakpoint
INSERT INTO `question_options` (`id`, `question_id`, `label`, `content`, `is_correct`) VALUES (20250533, 2025107, 'C', '[{"type":"text","content":"Consumir peixes cozidos ou fritos."}]', 0);
--> statement-breakpoint
INSERT INTO `question_options` (`id`, `question_id`, `label`, `content`, `is_correct`) VALUES (20250534, 2025107, 'D', '[{"type":"text","content":"Preparar o peixe em condições adequadas de higiene."}]', 0);
--> statement-breakpoint
INSERT INTO `question_options` (`id`, `question_id`, `label`, `content`, `is_correct`) VALUES (20250535, 2025107, 'E', '[{"type":"text","content":"Manusear o peixe sem provocar o rompimento dos órgãos"}]', 1);
--> statement-breakpoint
INSERT INTO `questions` (`id`, `external_id`, `year`, `exam_day`, `booklet`, `official_number`, `language`, `area`, `topic`, `statement`, `content_json`, `support_text`, `source_label`, `source_url`, `image_key`, `asset_bundle_key`, `difficulty`, `answer_status`, `status`, `review_status`, `taxonomy_version`) VALUES (2025108, 'enem-2025-d2-azul-shared-103', 2025, 2, 'azul', 103, NULL, 'Ciências da Natureza', 'Prova oficial ENEM 2025', 'A deficiência da enzima lipase ácida causa uma doença em que o portador apresenta células que não degradam colesterol esterificado nem triglicerídeos, resultando no depósito desses compostos em diversos órgãos, principalmente no fígado.ANDERSON, R. A. et al. In Situ Localization of the Genetic Locus Encoding [...]. Genomics, n. 1, jan. 1993 (adaptado).Essa doença resulta da insuficiência funcional de qual estrutura celular?', '[{"type":"text","content":"A deficiência da enzima lipase ácida causa uma doença em que o portador apresenta células que não degradam colesterol esterificado nem triglicerídeos, resultando no depósito desses compostos em diversos órgãos, principalmente no fígado.ANDERSON, R. A. et al. In Situ Localization of the Genetic Locus Encoding [...]. Genomics, n. 1, jan. 1993 (adaptado).Essa doença resulta da insuficiência funcional de qual estrutura celular?"}]', NULL, 'INEP · ENEM 2025 · 2º dia · Caderno 7 azul', 'https://download.inep.gov.br/enem/provas_e_gabaritos/2025_PV_impresso_D2_CD7.pdf', NULL, 'enem/2025/dia2', 'official', 'valid', 'published', 'imported', 1);
--> statement-breakpoint
INSERT INTO `question_options` (`id`, `question_id`, `label`, `content`, `is_correct`) VALUES (20250536, 2025108, 'A', '[{"type":"text","content":"Lisossomos."}]', 1);
--> statement-breakpoint
INSERT INTO `question_options` (`id`, `question_id`, `label`, `content`, `is_correct`) VALUES (20250537, 2025108, 'B', '[{"type":"text","content":"Ribossomos."}]', 0);
--> statement-breakpoint
INSERT INTO `question_options` (`id`, `question_id`, `label`, `content`, `is_correct`) VALUES (20250538, 2025108, 'C', '[{"type":"text","content":"Mitocôndrias."}]', 0);
--> statement-breakpoint
INSERT INTO `question_options` (`id`, `question_id`, `label`, `content`, `is_correct`) VALUES (20250539, 2025108, 'D', '[{"type":"text","content":"Peroxissomos."}]', 0);
--> statement-breakpoint
INSERT INTO `question_options` (`id`, `question_id`, `label`, `content`, `is_correct`) VALUES (20250540, 2025108, 'E', '[{"type":"text","content":"Retículo endoplasmático liso."}]', 0);
--> statement-breakpoint
INSERT INTO `questions` (`id`, `external_id`, `year`, `exam_day`, `booklet`, `official_number`, `language`, `area`, `topic`, `statement`, `content_json`, `support_text`, `source_label`, `source_url`, `image_key`, `asset_bundle_key`, `difficulty`, `answer_status`, `status`, `review_status`, `taxonomy_version`) VALUES (2025109, 'enem-2025-d2-azul-shared-104', 2025, 2, 'azul', 104, NULL, 'Ciências da Natureza', 'Prova oficial ENEM 2025', 'A quantidade de CO2 na atmosfera da Terra aumentou em 50%, e a temperatura está agora cerca de 1,2 °C mais quente em comparação ao século XIX. O ritmo de aumento da temperatura precisa diminuir se quisermos evitar as piores consequências das mudanças climáticas. Cientistas afirmam que o aquecimento global precisa ser mantido em 1,5 °C até o ano 2100. No entanto, a menos que outras ações sejam tomadas, o planeta ainda pode aquecer mais de 2 °C até o final deste século. Na prática, os países precisam enfrentar as mudanças climáticas com ações mitigadoras, que reduzam tanto as emissões quanto os níveis de CO2 na atmosfera.Um guia rápido para entender as mudanças climáticas. Disponível em: www.bbc.com. Acesso em: 6 dez. 2021 (adaptado).Qual ação mitigadora auxilia na remoção desse gás presente na atmosfera, reduzindo seus níveis?', '[{"type":"text","content":"A quantidade de CO2 na atmosfera da Terra aumentou em 50%, e a temperatura está agora cerca de 1,2 °C mais quente em comparação ao século XIX. O ritmo de aumento da temperatura precisa diminuir se quisermos evitar as piores consequências das mudanças climáticas. Cientistas afirmam que o aquecimento global precisa ser mantido em 1,5 °C até o ano 2100. No entanto, a menos que outras ações sejam tomadas, o planeta ainda pode aquecer mais de 2 °C até o final deste século. Na prática, os países precisam enfrentar as mudanças climáticas com ações mitigadoras, que reduzam tanto as emissões quanto os níveis de CO2 na atmosfera.Um guia rápido para entender as mudanças climáticas. Disponível em: www.bbc.com. Acesso em: 6 dez. 2021 (adaptado).Qual ação mitigadora auxilia na remoção desse gás presente na atmosfera, reduzindo seus níveis?"}]', NULL, 'INEP · ENEM 2025 · 2º dia · Caderno 7 azul', 'https://download.inep.gov.br/enem/provas_e_gabaritos/2025_PV_impresso_D2_CD7.pdf', NULL, 'enem/2025/dia2', 'official', 'valid', 'published', 'imported', 1);
--> statement-breakpoint
INSERT INTO `question_options` (`id`, `question_id`, `label`, `content`, `is_correct`) VALUES (20250541, 2025109, 'A', '[{"type":"text","content":"Plantar mais árvores."}]', 1);
--> statement-breakpoint
INSERT INTO `question_options` (`id`, `question_id`, `label`, `content`, `is_correct`) VALUES (20250542, 2025109, 'B', '[{"type":"text","content":"Instalar mais usinas eólicas."}]', 0);
--> statement-breakpoint
INSERT INTO `question_options` (`id`, `question_id`, `label`, `content`, `is_correct`) VALUES (20250543, 2025109, 'C', '[{"type":"text","content":"Ampliar o uso de energia solar."}]', 0);
--> statement-breakpoint
INSERT INTO `question_options` (`id`, `question_id`, `label`, `content`, `is_correct`) VALUES (20250544, 2025109, 'D', '[{"type":"text","content":"Manter os combustíveis fósseis no solo."}]', 0);
--> statement-breakpoint
INSERT INTO `question_options` (`id`, `question_id`, `label`, `content`, `is_correct`) VALUES (20250545, 2025109, 'E', '[{"type":"text","content":"Produzir menos resíduos sólidos urbanos."}]', 0);
--> statement-breakpoint
INSERT INTO `questions` (`id`, `external_id`, `year`, `exam_day`, `booklet`, `official_number`, `language`, `area`, `topic`, `statement`, `content_json`, `support_text`, `source_label`, `source_url`, `image_key`, `asset_bundle_key`, `difficulty`, `answer_status`, `status`, `review_status`, `taxonomy_version`) VALUES (2025110, 'enem-2025-d2-azul-shared-105', 2025, 2, 'azul', 105, NULL, 'Ciências da Natureza', 'Prova oficial ENEM 2025', 'As usinas termonucleares são aquelas que produzem energia elétrica a partir da geração de energia térmica proveniente das reações nucleares. Normalmente, essas usinas funcionam por meio de dois circuitos, denominados circuito primário (vaso de pressão, pressurizador e bomba) e circuito secundário (gerador de vapor, turbina, condensador, tanque de alimentação e bombas), além de um sistema de água de refrigeração, formado por uma bomba ligada a uma fonte hídrica natural. Durante a operação da usina, se o sistema de água de refrigeração funcionar de forma ineficiente pode causar poluição térmica, comprometendo a vida no ecossistema aquático.Disponível em: www.eletronuclear.gov.br. Acesso em: 29 nov. 2021 (adaptado).Para o ecossistema aquático, a ineficiência do sistema de água de refrigeração tem como consequência a', '[{"type":"text","content":"As usinas termonucleares são aquelas que produzem energia elétrica a partir da geração de energia térmica proveniente das reações nucleares. Normalmente, essas usinas funcionam por meio de dois circuitos, denominados circuito primário (vaso de pressão, pressurizador e bomba) e circuito secundário (gerador de vapor, turbina, condensador, tanque de alimentação e bombas), além de um sistema de água de refrigeração, formado por uma bomba ligada a uma fonte hídrica natural."},{"type":"image","content":"/enem/2025/dia2/question-105.png"},{"type":"text","content":"Durante a operação da usina, se o sistema de água de refrigeração funcionar de forma ineficiente pode causar poluição térmica, comprometendo a vida no ecossistema aquático.Disponível em: www.eletronuclear.gov.br. Acesso em: 29 nov. 2021 (adaptado).Para o ecossistema aquático, a ineficiência do sistema de água de refrigeração tem como consequência a"}]', NULL, 'INEP · ENEM 2025 · 2º dia · Caderno 7 azul', 'https://download.inep.gov.br/enem/provas_e_gabaritos/2025_PV_impresso_D2_CD7.pdf', '/enem/2025/dia2/question-105.png', 'enem/2025/dia2', 'official', 'valid', 'published', 'imported', 1);
--> statement-breakpoint
INSERT INTO `question_options` (`id`, `question_id`, `label`, `content`, `is_correct`) VALUES (20250546, 2025110, 'A', '[{"type":"text","content":"diminuição do pH."}]', 0);
--> statement-breakpoint
INSERT INTO `question_options` (`id`, `question_id`, `label`, `content`, `is_correct`) VALUES (20250547, 2025110, 'B', '[{"type":"text","content":"liberação de gases poluentes."}]', 0);
--> statement-breakpoint
INSERT INTO `question_options` (`id`, `question_id`, `label`, `content`, `is_correct`) VALUES (20250548, 2025110, 'C', '[{"type":"text","content":"contaminação por combustíveis."}]', 0);
--> statement-breakpoint
INSERT INTO `question_options` (`id`, `question_id`, `label`, `content`, `is_correct`) VALUES (20250549, 2025110, 'D', '[{"type":"text","content":"liberação de elementos radioativos."}]', 0);
--> statement-breakpoint
INSERT INTO `question_options` (`id`, `question_id`, `label`, `content`, `is_correct`) VALUES (20250550, 2025110, 'E', '[{"type":"text","content":"diminuição da solubilidade do gás oxigênio."}]', 1);
--> statement-breakpoint
INSERT INTO `questions` (`id`, `external_id`, `year`, `exam_day`, `booklet`, `official_number`, `language`, `area`, `topic`, `statement`, `content_json`, `support_text`, `source_label`, `source_url`, `image_key`, `asset_bundle_key`, `difficulty`, `answer_status`, `status`, `review_status`, `taxonomy_version`) VALUES (2025111, 'enem-2025-d2-azul-shared-106', 2025, 2, 'azul', 106, NULL, 'Ciências da Natureza', 'Prova oficial ENEM 2025', 'No início do século XX, as fórmulas das substâncias eram representadas de modo diferente do atual. A figura apresenta uma fotografia bem antiga (1909) que registra uma aula de química ministrada em um colégio em Santos (SP). Um olhar mais atento permite identificar como os compostos químicos eram representados. O nitrogênio era chamado de azoto e representado pelo símbolo Az. Vê-se na lousa a equação representativa da adição do oxigênio atômico (O) ao monóxido de nitrogênio (AzO) com a formação de dióxido de nitrogênio (AzO2). Analogamente, o nitrato de sódio era representado por NaAzO3.Disponível em: www.novomilenio.inf.br. Acesso em: 29 ago. 2014 (adaptado).Em 1909, as representações das substâncias ácido nítrico e cloreto de cálcio, tendo por base essas informações e seguindo a mesma lógica, seriam, respectivamente:', '[{"type":"text","content":"No início do século XX, as fórmulas das substâncias eram representadas de modo diferente do atual. A figura apresenta uma fotografia bem antiga (1909) que registra uma aula de química ministrada em um colégio em Santos (SP). Um olhar mais atento permite identificar como os compostos químicos eram representados."},{"type":"image","content":"/enem/2025/dia2/question-106.png"},{"type":"text","content":"O nitrogênio era chamado de azoto e representado pelo símbolo Az. Vê-se na lousa a equação representativa da adição do oxigênio atômico (O) ao monóxido de nitrogênio (AzO) com a formação de dióxido de nitrogênio (AzO2). Analogamente, o nitrato de sódio era representado por NaAzO3.Disponível em: www.novomilenio.inf.br. Acesso em: 29 ago. 2014 (adaptado).Em 1909, as representações das substâncias ácido nítrico e cloreto de cálcio, tendo por base essas informações e seguindo a mesma lógica, seriam, respectivamente:"}]', NULL, 'INEP · ENEM 2025 · 2º dia · Caderno 7 azul', 'https://download.inep.gov.br/enem/provas_e_gabaritos/2025_PV_impresso_D2_CD7.pdf', '/enem/2025/dia2/question-106.png', 'enem/2025/dia2', 'official', 'valid', 'published', 'imported', 1);
--> statement-breakpoint
INSERT INTO `question_options` (`id`, `question_id`, `label`, `content`, `is_correct`) VALUES (20250551, 2025111, 'A', '[{"type":"text","content":"HAzO3 e CaCl2"}]', 1);
--> statement-breakpoint
INSERT INTO `question_options` (`id`, `question_id`, `label`, `content`, `is_correct`) VALUES (20250552, 2025111, 'B', '[{"type":"text","content":"HAz3O e Ca2Cl"}]', 0);
--> statement-breakpoint
INSERT INTO `question_options` (`id`, `question_id`, `label`, `content`, `is_correct`) VALUES (20250553, 2025111, 'C', '[{"type":"text","content":"H3AzO4 e CaCl"}]', 0);
--> statement-breakpoint
INSERT INTO `question_options` (`id`, `question_id`, `label`, `content`, `is_correct`) VALUES (20250554, 2025111, 'D', '[{"type":"text","content":"HAz3O e KCl2"}]', 0);
--> statement-breakpoint
INSERT INTO `question_options` (`id`, `question_id`, `label`, `content`, `is_correct`) VALUES (20250555, 2025111, 'E', '[{"type":"text","content":"HAzO"}]', 0);
--> statement-breakpoint
INSERT INTO `questions` (`id`, `external_id`, `year`, `exam_day`, `booklet`, `official_number`, `language`, `area`, `topic`, `statement`, `content_json`, `support_text`, `source_label`, `source_url`, `image_key`, `asset_bundle_key`, `difficulty`, `answer_status`, `status`, `review_status`, `taxonomy_version`) VALUES (2025112, 'enem-2025-d2-azul-shared-107', 2025, 2, 'azul', 107, NULL, 'Ciências da Natureza', 'Biologia · Genética · Codominância', 'A figura apresenta a herança genética de uma característica a partir do cruzamento de insetos de uma mesma espécie. Qual alternativa representa a proporção fenotípica da prole resultante do cruzamento entre indivíduos da primeira geração?', '[{"type":"text","content":"A figura apresenta a herança genética de uma característica a partir do cruzamento de insetos de uma mesma espécie."},{"type":"image","content":"/enem/2025/dia2/question-107-figure.png"},{"type":"text","content":"Qual alternativa representa a proporção fenotípica da prole resultante do cruzamento entre indivíduos da primeira geração?"}]', NULL, 'INEP · ENEM 2025 · 2º dia · Caderno 7 azul', 'https://download.inep.gov.br/enem/provas_e_gabaritos/2025_PV_impresso_D2_CD7.pdf', '/enem/2025/dia2/question-107-figure.png', 'enem/2025/dia2', 'official', 'valid', 'published', 'imported', 1);
--> statement-breakpoint
INSERT INTO `question_options` (`id`, `question_id`, `label`, `content`, `is_correct`) VALUES (20250556, 2025112, 'A', '[{"type":"image","content":"/enem/2025/dia2/question-107_1.png"}]', 0);
--> statement-breakpoint
INSERT INTO `question_options` (`id`, `question_id`, `label`, `content`, `is_correct`) VALUES (20250557, 2025112, 'B', '[{"type":"image","content":"/enem/2025/dia2/question-107_2.png"}]', 0);
--> statement-breakpoint
INSERT INTO `question_options` (`id`, `question_id`, `label`, `content`, `is_correct`) VALUES (20250558, 2025112, 'C', '[{"type":"image","content":"/enem/2025/dia2/question-107_3.png"}]', 0);
--> statement-breakpoint
INSERT INTO `question_options` (`id`, `question_id`, `label`, `content`, `is_correct`) VALUES (20250559, 2025112, 'D', '[{"type":"image","content":"/enem/2025/dia2/question-107_4.png"}]', 0);
--> statement-breakpoint
INSERT INTO `question_options` (`id`, `question_id`, `label`, `content`, `is_correct`) VALUES (20250560, 2025112, 'E', '[{"type":"image","content":"/enem/2025/dia2/question-107_5.png"}]', 1);
--> statement-breakpoint
INSERT INTO `questions` (`id`, `external_id`, `year`, `exam_day`, `booklet`, `official_number`, `language`, `area`, `topic`, `statement`, `content_json`, `support_text`, `source_label`, `source_url`, `image_key`, `asset_bundle_key`, `difficulty`, `answer_status`, `status`, `review_status`, `taxonomy_version`) VALUES (2025113, 'enem-2025-d2-azul-shared-108', 2025, 2, 'azul', 108, NULL, 'Ciências da Natureza', 'Física · Mecânica · Força de atrito', 'Para transportar uma caixa do primeiro para o segundo piso de uma construção, um trabalhador precisará arrastá-la sobre um plano inclinado. O trabalhador começa a arrastar a caixa no primeiro piso, exercendo sobre ela uma força de grande intensidade, paralela ao seu deslocamento. Na medida em que a caixa sobe o plano inclinado, ele decide reduzir a força sobre ela, arrastando-a lentamente até chegar ao segundo piso. Considere que a caixa permanece em movimento nos encontros dos pisos com o plano inclinado, e que a rugosidade entre as superfícies permanece a mesma durante todo o percurso. O comportamento da força de atrito entre a caixa e o chão no plano inclinado é representado em:', '[{"type":"text","content":"Para transportar uma caixa do primeiro para o segundo piso de uma construção, um trabalhador precisará arrastá-la sobre um plano inclinado. O trabalhador começa a arrastar a caixa no primeiro piso, exercendo sobre ela uma força de grande intensidade, paralela ao seu deslocamento. Na medida em que a caixa sobe o plano inclinado, ele decide reduzir a força sobre ela, arrastando-a lentamente até chegar ao segundo piso. Considere que a caixa permanece em movimento nos encontros dos pisos com o plano inclinado, e que a rugosidade entre as superfícies permanece a mesma durante todo o percurso. O comportamento da força de atrito entre a caixa e o chão no plano inclinado é representado em:"},{"type":"image","content":"/enem/2025/dia2/question-108-options.png"}]', NULL, 'INEP · ENEM 2025 · 2º dia · Caderno 7 azul', 'https://download.inep.gov.br/enem/provas_e_gabaritos/2025_PV_impresso_D2_CD7.pdf', '/enem/2025/dia2/question-108-options.png', 'enem/2025/dia2', 'official', 'valid', 'published', 'imported', 1);
--> statement-breakpoint
INSERT INTO `question_options` (`id`, `question_id`, `label`, `content`, `is_correct`) VALUES (20250561, 2025113, 'A', '[{"type":"text","content":"Gráfico A"}]', 0);
--> statement-breakpoint
INSERT INTO `question_options` (`id`, `question_id`, `label`, `content`, `is_correct`) VALUES (20250562, 2025113, 'B', '[{"type":"text","content":"Gráfico B"}]', 0);
--> statement-breakpoint
INSERT INTO `question_options` (`id`, `question_id`, `label`, `content`, `is_correct`) VALUES (20250563, 2025113, 'C', '[{"type":"text","content":"Gráfico C"}]', 1);
--> statement-breakpoint
INSERT INTO `question_options` (`id`, `question_id`, `label`, `content`, `is_correct`) VALUES (20250564, 2025113, 'D', '[{"type":"text","content":"Gráfico D"}]', 0);
--> statement-breakpoint
INSERT INTO `question_options` (`id`, `question_id`, `label`, `content`, `is_correct`) VALUES (20250565, 2025113, 'E', '[{"type":"text","content":"Gráfico E"}]', 0);
--> statement-breakpoint
INSERT INTO `questions` (`id`, `external_id`, `year`, `exam_day`, `booklet`, `official_number`, `language`, `area`, `topic`, `statement`, `content_json`, `support_text`, `source_label`, `source_url`, `image_key`, `asset_bundle_key`, `difficulty`, `answer_status`, `status`, `review_status`, `taxonomy_version`) VALUES (2025114, 'enem-2025-d2-azul-shared-109', 2025, 2, 'azul', 109, NULL, 'Ciências da Natureza', 'Prova oficial ENEM 2025', 'O fruto do cajueiro é um aquênio repleto de um líquido escuro, quase preto, cáustico e inflamável. Esse líquido da casca da castanha do caju (LCC) representa aproximadamente 25% da massa da castanha e é um subproduto de agronegócio do caju. Quando submetido a altas temperaturas, o ácido anacárdico presente no LCC é convertido a cardanol, que recebe a denominação de LCC técnico, conforme o esquema: MAZZETTO, S. E.; LOMONACO, D.; MELE, G. Óleo da castanha de caju: oportunidades e desafios no contexto do desenvolvimento e sustentabilidade industrial. Química Nova, n. 3, 2009 (adaptado).O LCC técnico é produzido por meio de uma reação orgânica do tipo', '[{"type":"text","content":"O fruto do cajueiro é um aquênio repleto de um líquido escuro, quase preto, cáustico e inflamável. Esse líquido da casca da castanha do caju (LCC) representa aproximadamente 25% da massa da castanha e é um subproduto de agronegócio do caju. Quando submetido a altas temperaturas, o ácido anacárdico presente no LCC é convertido a cardanol, que recebe a denominação de LCC técnico, conforme o esquema:"},{"type":"image","content":"/enem/2025/dia2/question-109.png"},{"type":"text","content":"MAZZETTO, S. E.; LOMONACO, D.; MELE, G. Óleo da castanha de caju: oportunidades e desafios no contexto do desenvolvimento e sustentabilidade industrial. Química Nova, n. 3, 2009 (adaptado).O LCC técnico é produzido por meio de uma reação orgânica do tipo"}]', NULL, 'INEP · ENEM 2025 · 2º dia · Caderno 7 azul', 'https://download.inep.gov.br/enem/provas_e_gabaritos/2025_PV_impresso_D2_CD7.pdf', '/enem/2025/dia2/question-109.png', 'enem/2025/dia2', 'official', 'valid', 'published', 'imported', 1);
--> statement-breakpoint
INSERT INTO `question_options` (`id`, `question_id`, `label`, `content`, `is_correct`) VALUES (20250566, 2025114, 'A', '[{"type":"text","content":"hidrólise."}]', 0);
--> statement-breakpoint
INSERT INTO `question_options` (`id`, `question_id`, `label`, `content`, `is_correct`) VALUES (20250567, 2025114, 'B', '[{"type":"text","content":"fenilação."}]', 0);
--> statement-breakpoint
INSERT INTO `question_options` (`id`, `question_id`, `label`, `content`, `is_correct`) VALUES (20250568, 2025114, 'C', '[{"type":"text","content":"esterificação."}]', 0);
--> statement-breakpoint
INSERT INTO `question_options` (`id`, `question_id`, `label`, `content`, `is_correct`) VALUES (20250569, 2025114, 'D', '[{"type":"text","content":"hidrogenação."}]', 0);
--> statement-breakpoint
INSERT INTO `question_options` (`id`, `question_id`, `label`, `content`, `is_correct`) VALUES (20250570, 2025114, 'E', '[{"type":"text","content":"descarboxilação."}]', 1);
--> statement-breakpoint
INSERT INTO `questions` (`id`, `external_id`, `year`, `exam_day`, `booklet`, `official_number`, `language`, `area`, `topic`, `statement`, `content_json`, `support_text`, `source_label`, `source_url`, `image_key`, `asset_bundle_key`, `difficulty`, `answer_status`, `status`, `review_status`, `taxonomy_version`) VALUES (2025115, 'enem-2025-d2-azul-shared-110', 2025, 2, 'azul', 110, NULL, 'Ciências da Natureza', 'Prova oficial ENEM 2025', 'A química nuclear é uma importante ferramenta na produção de substâncias utilizadas na área da saúde humana. A radiação emitida pelo cobalto-60 é utilizada na medicina como ferramenta de diagnóstico e no tratamento do câncer. No entanto, esse radioisótopo tem um tempo de armazenamento limitado, pois seu tempo de meia-vida é de 5,3 anos. Considere um frasco com uma amostra contendo 2,00 mg de cobalto-60, armazenado durante um período de 26,5 anos.A massa de cobalto-60, em miligrama, que restará ao final desse tempo é mais próxima de', '[{"type":"text","content":"A química nuclear é uma importante ferramenta na produção de substâncias utilizadas na área da saúde humana. A radiação emitida pelo cobalto-60 é utilizada na medicina como ferramenta de diagnóstico e no tratamento do câncer. No entanto, esse radioisótopo tem um tempo de armazenamento limitado, pois seu tempo de meia-vida é de 5,3 anos. Considere um frasco com uma amostra contendo 2,00 mg de cobalto-60, armazenado durante um período de 26,5 anos.A massa de cobalto-60, em miligrama, que restará ao final desse tempo é mais próxima de"}]', NULL, 'INEP · ENEM 2025 · 2º dia · Caderno 7 azul', 'https://download.inep.gov.br/enem/provas_e_gabaritos/2025_PV_impresso_D2_CD7.pdf', NULL, 'enem/2025/dia2', 'official', 'valid', 'published', 'imported', 1);
--> statement-breakpoint
INSERT INTO `question_options` (`id`, `question_id`, `label`, `content`, `is_correct`) VALUES (20250571, 2025115, 'A', '[{"type":"text","content":"2,00 mg."}]', 0);
--> statement-breakpoint
INSERT INTO `question_options` (`id`, `question_id`, `label`, `content`, `is_correct`) VALUES (20250572, 2025115, 'B', '[{"type":"text","content":"1,00 mg."}]', 0);
--> statement-breakpoint
INSERT INTO `question_options` (`id`, `question_id`, `label`, `content`, `is_correct`) VALUES (20250573, 2025115, 'C', '[{"type":"text","content":"0,40 mg."}]', 0);
--> statement-breakpoint
INSERT INTO `question_options` (`id`, `question_id`, `label`, `content`, `is_correct`) VALUES (20250574, 2025115, 'D', '[{"type":"text","content":"0,13 mg."}]', 0);
--> statement-breakpoint
INSERT INTO `question_options` (`id`, `question_id`, `label`, `content`, `is_correct`) VALUES (20250575, 2025115, 'E', '[{"type":"text","content":"0,06 mg."}]', 1);
--> statement-breakpoint
INSERT INTO `questions` (`id`, `external_id`, `year`, `exam_day`, `booklet`, `official_number`, `language`, `area`, `topic`, `statement`, `content_json`, `support_text`, `source_label`, `source_url`, `image_key`, `asset_bundle_key`, `difficulty`, `answer_status`, `status`, `review_status`, `taxonomy_version`) VALUES (2025116, 'enem-2025-d2-azul-shared-111', 2025, 2, 'azul', 111, NULL, 'Ciências da Natureza', 'Prova oficial ENEM 2025', 'O esquema apresenta as etapas do processo de biodigestão, uma forma de dar um destino sustentável a excrementos animais e restos de comida produzidos em áreas de criação de gado e porcos confinados. Disponível em: www.engquimicasantossp.com.br. Acesso em: 11 fev. 2015 (adaptado). Dar destino sustentável às sobras, conforme apresentado na etapa 4, ajuda a evitar a', '[{"type":"text","content":"O esquema apresenta as etapas do processo de biodigestão, uma forma de dar um destino sustentável a excrementos animais e restos de comida produzidos em áreas de criação de gado e porcos confinados."},{"type":"image","content":"/enem/2025/dia2/question-111.png"},{"type":"text","content":"Disponível em: www.engquimicasantossp.com.br. Acesso em: 11 fev. 2015 (adaptado). Dar destino sustentável às sobras, conforme apresentado na etapa 4, ajuda a evitar a"}]', NULL, 'INEP · ENEM 2025 · 2º dia · Caderno 7 azul', 'https://download.inep.gov.br/enem/provas_e_gabaritos/2025_PV_impresso_D2_CD7.pdf', '/enem/2025/dia2/question-111.png', 'enem/2025/dia2', 'official', 'valid', 'published', 'imported', 1);
--> statement-breakpoint
INSERT INTO `question_options` (`id`, `question_id`, `label`, `content`, `is_correct`) VALUES (20250576, 2025116, 'A', '[{"type":"text","content":"bioacumulação de toxinas em plantas."}]', 0);
--> statement-breakpoint
INSERT INTO `question_options` (`id`, `question_id`, `label`, `content`, `is_correct`) VALUES (20250577, 2025116, 'B', '[{"type":"text","content":"eutrofização dos corpos de água."}]', 1);
--> statement-breakpoint
INSERT INTO `question_options` (`id`, `question_id`, `label`, `content`, `is_correct`) VALUES (20250578, 2025116, 'C', '[{"type":"text","content":"destruição da camada de ozônio."}]', 0);
--> statement-breakpoint
INSERT INTO `question_options` (`id`, `question_id`, `label`, `content`, `is_correct`) VALUES (20250579, 2025116, 'D', '[{"type":"text","content":"ocorrência de inversão térmica."}]', 0);
--> statement-breakpoint
INSERT INTO `question_options` (`id`, `question_id`, `label`, `content`, `is_correct`) VALUES (20250580, 2025116, 'E', '[{"type":"text","content":"produção de chuva ácida."}]', 0);
--> statement-breakpoint
INSERT INTO `questions` (`id`, `external_id`, `year`, `exam_day`, `booklet`, `official_number`, `language`, `area`, `topic`, `statement`, `content_json`, `support_text`, `source_label`, `source_url`, `image_key`, `asset_bundle_key`, `difficulty`, `answer_status`, `status`, `review_status`, `taxonomy_version`) VALUES (2025117, 'enem-2025-d2-azul-shared-112', 2025, 2, 'azul', 112, NULL, 'Ciências da Natureza', 'Prova oficial ENEM 2025', 'Golden Rice, ou arroz dourado, é uma variedade de arroz enriquecida em betacaroteno, precursor da vitamina A. Foi desenvolvida para ajudar a combater a doença decorrente da deficiência dessa vitamina. Para a obtenção dessa variedade de arroz, foram utilizados métodos de engenharia genética.BORÉM, A.; SANTOS, F. R. Entendendo a biotecnologia.Viçosa: UFV, 2008 (adaptado).Esse alimento contribui para diminuir a carência associada a qual doença?', '[{"type":"text","content":"Golden Rice, ou arroz dourado, é uma variedade de arroz enriquecida em betacaroteno, precursor da vitamina A. Foi desenvolvida para ajudar a combater a doença decorrente da deficiência dessa vitamina. Para a obtenção dessa variedade de arroz, foram utilizados métodos de engenharia genética.BORÉM, A.; SANTOS, F. R. Entendendo a biotecnologia.Viçosa: UFV, 2008 (adaptado).Esse alimento contribui para diminuir a carência associada a qual doença?"}]', NULL, 'INEP · ENEM 2025 · 2º dia · Caderno 7 azul', 'https://download.inep.gov.br/enem/provas_e_gabaritos/2025_PV_impresso_D2_CD7.pdf', NULL, 'enem/2025/dia2', 'official', 'valid', 'published', 'imported', 1);
--> statement-breakpoint
INSERT INTO `question_options` (`id`, `question_id`, `label`, `content`, `is_correct`) VALUES (20250581, 2025117, 'A', '[{"type":"text","content":"Hemofilia."}]', 0);
--> statement-breakpoint
INSERT INTO `question_options` (`id`, `question_id`, `label`, `content`, `is_correct`) VALUES (20250582, 2025117, 'B', '[{"type":"text","content":"Escorbuto."}]', 0);
--> statement-breakpoint
INSERT INTO `question_options` (`id`, `question_id`, `label`, `content`, `is_correct`) VALUES (20250583, 2025117, 'C', '[{"type":"text","content":"Raquitismo."}]', 0);
--> statement-breakpoint
INSERT INTO `question_options` (`id`, `question_id`, `label`, `content`, `is_correct`) VALUES (20250584, 2025117, 'D', '[{"type":"text","content":"Cegueira noturna."}]', 1);
--> statement-breakpoint
INSERT INTO `question_options` (`id`, `question_id`, `label`, `content`, `is_correct`) VALUES (20250585, 2025117, 'E', '[{"type":"text","content":"Anemia perniciosa."}]', 0);
--> statement-breakpoint
INSERT INTO `questions` (`id`, `external_id`, `year`, `exam_day`, `booklet`, `official_number`, `language`, `area`, `topic`, `statement`, `content_json`, `support_text`, `source_label`, `source_url`, `image_key`, `asset_bundle_key`, `difficulty`, `answer_status`, `status`, `review_status`, `taxonomy_version`) VALUES (2025118, 'enem-2025-d2-azul-shared-113', 2025, 2, 'azul', 113, NULL, 'Ciências da Natureza', 'Prova oficial ENEM 2025', 'A Figura 1 apresenta o esquema de um tubo de imagem em que um filamento, na posição A, libera elétrons por efeito termiônico. Esses elétrons formam um feixe estreito, que é acelerado por campos elétricos em direção à parte interna da tela. Nesse caminho, o feixe de elétrons passa por outro campo elétrico, na região B, atingindo, em seguida, a parte interna da tela do tubo, a qual é recoberta por um material que emite luz ao receber o impacto dos elétrons. Na Figura 2, a carga negativa representa o feixe de elétrons que é acelerado e, posteriormente, atinge um ponto da tela. O campo elétrico na região B apresenta a seguinte configuração: Figura 2Grupo de Reelaboração do Ensino de Física. Física 3: eletromagnetismo. São Paulo: Edusp, 2000 (adaptado).Nessa situação, qual ponto da tela será atingido pelo feixe de elétrons?', '[{"type":"text","content":"A Figura 1 apresenta o esquema de um tubo de imagem em que um filamento, na posição A, libera elétrons por efeito termiônico. Esses elétrons formam um feixe estreito, que é acelerado por campos elétricos em direção à parte interna da tela. Nesse caminho, o feixe de elétrons passa por outro campo elétrico, na região B, atingindo, em seguida, a parte interna da tela do tubo, a qual é recoberta por um material que emite luz ao receber o impacto dos elétrons."},{"type":"image","content":"/enem/2025/dia2/question-113.png"},{"type":"text","content":"Na Figura 2, a carga negativa representa o feixe de elétrons que é acelerado e, posteriormente, atinge um ponto da tela. O campo elétrico na região B apresenta a seguinte configuração:"},{"type":"image","content":"/enem/2025/dia2/question-113_1.png"},{"type":"text","content":"Figura 2Grupo de Reelaboração do Ensino de Física. Física 3: eletromagnetismo. São Paulo: Edusp, 2000 (adaptado).Nessa situação, qual ponto da tela será atingido pelo feixe de elétrons?"}]', NULL, 'INEP · ENEM 2025 · 2º dia · Caderno 7 azul', 'https://download.inep.gov.br/enem/provas_e_gabaritos/2025_PV_impresso_D2_CD7.pdf', '/enem/2025/dia2/question-113.png', 'enem/2025/dia2', 'official', 'valid', 'published', 'imported', 1);
--> statement-breakpoint
INSERT INTO `question_options` (`id`, `question_id`, `label`, `content`, `is_correct`) VALUES (20250586, 2025118, 'A', '[{"type":"text","content":"1"}]', 0);
--> statement-breakpoint
INSERT INTO `question_options` (`id`, `question_id`, `label`, `content`, `is_correct`) VALUES (20250587, 2025118, 'B', '[{"type":"text","content":"2"}]', 1);
--> statement-breakpoint
INSERT INTO `question_options` (`id`, `question_id`, `label`, `content`, `is_correct`) VALUES (20250588, 2025118, 'C', '[{"type":"text","content":"3"}]', 0);
--> statement-breakpoint
INSERT INTO `question_options` (`id`, `question_id`, `label`, `content`, `is_correct`) VALUES (20250589, 2025118, 'D', '[{"type":"text","content":"4"}]', 0);
--> statement-breakpoint
INSERT INTO `question_options` (`id`, `question_id`, `label`, `content`, `is_correct`) VALUES (20250590, 2025118, 'E', '[{"type":"text","content":"5"}]', 0);
--> statement-breakpoint
INSERT INTO `questions` (`id`, `external_id`, `year`, `exam_day`, `booklet`, `official_number`, `language`, `area`, `topic`, `statement`, `content_json`, `support_text`, `source_label`, `source_url`, `image_key`, `asset_bundle_key`, `difficulty`, `answer_status`, `status`, `review_status`, `taxonomy_version`) VALUES (2025119, 'enem-2025-d2-azul-shared-114', 2025, 2, 'azul', 114, NULL, 'Ciências da Natureza', 'Prova oficial ENEM 2025', 'A tirinha ilustra um processo físico em que uma onda sonora, produzida pela Mônica, causa a quebra das taças de cristal. O fenômeno ondulatório que provoca a quebra das taças só é possível em razão de uma característica da voz produzida pela Mônica naquele momento, que, diferentemente do que sugere a tirinha, não está relacionada à sua intensidade. Disponível em: https://artedafisicapibid.blogspot.com. Acesso em: 23 nov. 2021 (adaptado).Esse fenômeno e a característica associada à voz da Mônica são, respectivamente,', '[{"type":"text","content":"A tirinha ilustra um processo físico em que uma onda sonora, produzida pela Mônica, causa a quebra das taças de cristal. O fenômeno ondulatório que provoca a quebra das taças só é possível em razão de uma característica da voz produzida pela Mônica naquele momento, que, diferentemente do que sugere a tirinha, não está relacionada à sua intensidade."},{"type":"image","content":"/enem/2025/dia2/question-114.png"},{"type":"text","content":"Disponível em: https://artedafisicapibid.blogspot.com. Acesso em: 23 nov. 2021 (adaptado).Esse fenômeno e a característica associada à voz da Mônica são, respectivamente,"}]', NULL, 'INEP · ENEM 2025 · 2º dia · Caderno 7 azul', 'https://download.inep.gov.br/enem/provas_e_gabaritos/2025_PV_impresso_D2_CD7.pdf', '/enem/2025/dia2/question-114.png', 'enem/2025/dia2', 'official', 'valid', 'published', 'imported', 1);
--> statement-breakpoint
INSERT INTO `question_options` (`id`, `question_id`, `label`, `content`, `is_correct`) VALUES (20250591, 2025119, 'A', '[{"type":"text","content":"reflexão e comprimento de onda."}]', 0);
--> statement-breakpoint
INSERT INTO `question_options` (`id`, `question_id`, `label`, `content`, `is_correct`) VALUES (20250592, 2025119, 'B', '[{"type":"text","content":"ressonância e frequência."}]', 1);
--> statement-breakpoint
INSERT INTO `question_options` (`id`, `question_id`, `label`, `content`, `is_correct`) VALUES (20250593, 2025119, 'C', '[{"type":"text","content":"interferência e velocidade."}]', 0);
--> statement-breakpoint
INSERT INTO `question_options` (`id`, `question_id`, `label`, `content`, `is_correct`) VALUES (20250594, 2025119, 'D', '[{"type":"text","content":"ressonância e timbre."}]', 0);
--> statement-breakpoint
INSERT INTO `question_options` (`id`, `question_id`, `label`, `content`, `is_correct`) VALUES (20250595, 2025119, 'E', '[{"type":"text","content":"reflexão e amplitude."}]', 0);
--> statement-breakpoint
INSERT INTO `questions` (`id`, `external_id`, `year`, `exam_day`, `booklet`, `official_number`, `language`, `area`, `topic`, `statement`, `content_json`, `support_text`, `source_label`, `source_url`, `image_key`, `asset_bundle_key`, `difficulty`, `answer_status`, `status`, `review_status`, `taxonomy_version`) VALUES (2025120, 'enem-2025-d2-azul-shared-115', 2025, 2, 'azul', 115, NULL, 'Ciências da Natureza', 'Prova oficial ENEM 2025', 'Em uma aula prática de química orgânica, um professor identificou os frascos de várias substâncias apenas por suas fórmulas moleculares. Em seguida, apresentou a representação tridimensional da molécula do borneol, um álcool secundário, conforme a figura. Ele explicou que, quando oxidado, o borneol dá origem à cânfora, uma cetona usada desde a Antiguidade como incenso e no preparo de medicamentos. Finalmente, o professor solicitou que os alunos identificassem o frasco contendo a substância cânfora. BorneolSANTOS, A. P. B. et al. Oxidação do borneol à cânfora com água sanitária: um experimento simples de baixo custo e limpo. Química Nova, n. 6, 2009 (adaptado).O frasco contendo cânfora apresenta a fórmula molecular:', '[{"type":"text","content":"Em uma aula prática de química orgânica, um professor identificou os frascos de várias substâncias apenas por suas fórmulas moleculares. Em seguida, apresentou a representação tridimensional da molécula do borneol, um álcool secundário, conforme a figura. Ele explicou que, quando oxidado, o borneol dá origem à cânfora, uma cetona usada desde a Antiguidade como incenso e no preparo de medicamentos. Finalmente, o professor solicitou que os alunos identificassem o frasco contendo a substância cânfora."},{"type":"image","content":"/enem/2025/dia2/question-115.png"},{"type":"text","content":"BorneolSANTOS, A. P. B. et al. Oxidação do borneol à cânfora com água sanitária: um experimento simples de baixo custo e limpo. Química Nova, n. 6, 2009 (adaptado).O frasco contendo cânfora apresenta a fórmula molecular:"}]', NULL, 'INEP · ENEM 2025 · 2º dia · Caderno 7 azul', 'https://download.inep.gov.br/enem/provas_e_gabaritos/2025_PV_impresso_D2_CD7.pdf', '/enem/2025/dia2/question-115.png', 'enem/2025/dia2', 'official', 'valid', 'published', 'imported', 1);
--> statement-breakpoint
INSERT INTO `question_options` (`id`, `question_id`, `label`, `content`, `is_correct`) VALUES (20250596, 2025120, 'A', '[{"type":"text","content":"9H16O"}]', 0);
--> statement-breakpoint
INSERT INTO `question_options` (`id`, `question_id`, `label`, `content`, `is_correct`) VALUES (20250597, 2025120, 'B', '[]', 0);
--> statement-breakpoint
INSERT INTO `question_options` (`id`, `question_id`, `label`, `content`, `is_correct`) VALUES (20250598, 2025120, 'C', '[]', 1);
--> statement-breakpoint
INSERT INTO `question_options` (`id`, `question_id`, `label`, `content`, `is_correct`) VALUES (20250599, 2025120, 'D', '[{"type":"text","content":"10H16O2"}]', 0);
--> statement-breakpoint
INSERT INTO `question_options` (`id`, `question_id`, `label`, `content`, `is_correct`) VALUES (20250600, 2025120, 'E', '[{"type":"text","content":"10"}]', 0);
--> statement-breakpoint
INSERT INTO `questions` (`id`, `external_id`, `year`, `exam_day`, `booklet`, `official_number`, `language`, `area`, `topic`, `statement`, `content_json`, `support_text`, `source_label`, `source_url`, `image_key`, `asset_bundle_key`, `difficulty`, `answer_status`, `status`, `review_status`, `taxonomy_version`) VALUES (2025121, 'enem-2025-d2-azul-shared-116', 2025, 2, 'azul', 116, NULL, 'Ciências da Natureza', 'Prova oficial ENEM 2025', 'As cangas são ambientes resultantes da atuação, ao longo de milhões de anos, de chuvas, enxurradas, calor e ventos em rochas ricas em ferro. São compostas por até 90% de óxidos de ferro e contêm solos muito ácidos, rasos, com reduzidos índices de fertilidade e temperaturas que atingem quase 70 °na superfície. Ao contrário do que se imagina, esse tipo de ambiente abriga comunidades de plantas e animais com elevado número de espécies e distribuição restrita.CARMO, F. F. et al. Ilhas de ferro estratégicas para a conservação. Disponível em: http://cienciahoje.org.br. Acesso em: 2 dez. 2018 (adaptado).A seleção adaptativa nesses ambientes favorece a ocorrência de espécies', '[{"type":"text","content":"As cangas são ambientes resultantes da atuação, ao longo de milhões de anos, de chuvas, enxurradas, calor e ventos em rochas ricas em ferro. São compostas por até 90% de óxidos de ferro e contêm solos muito ácidos, rasos, com reduzidos índices de fertilidade e temperaturas que atingem quase 70 °na superfície. Ao contrário do que se imagina, esse tipo de ambiente abriga comunidades de plantas e animais com elevado número de espécies e distribuição restrita.CARMO, F. F. et al. Ilhas de ferro estratégicas para a conservação. Disponível em: http://cienciahoje.org.br. Acesso em: 2 dez. 2018 (adaptado).A seleção adaptativa nesses ambientes favorece a ocorrência de espécies"}]', NULL, 'INEP · ENEM 2025 · 2º dia · Caderno 7 azul', 'https://download.inep.gov.br/enem/provas_e_gabaritos/2025_PV_impresso_D2_CD7.pdf', NULL, 'enem/2025/dia2', 'official', 'valid', 'published', 'imported', 1);
--> statement-breakpoint
INSERT INTO `question_options` (`id`, `question_id`, `label`, `content`, `is_correct`) VALUES (20250601, 2025121, 'A', '[{"type":"text","content":"exóticas."}]', 0);
--> statement-breakpoint
INSERT INTO `question_options` (`id`, `question_id`, `label`, `content`, `is_correct`) VALUES (20250602, 2025121, 'B', '[{"type":"text","content":"migratórias."}]', 0);
--> statement-breakpoint
INSERT INTO `question_options` (`id`, `question_id`, `label`, `content`, `is_correct`) VALUES (20250603, 2025121, 'C', '[{"type":"text","content":"endêmicas."}]', 1);
--> statement-breakpoint
INSERT INTO `question_options` (`id`, `question_id`, `label`, `content`, `is_correct`) VALUES (20250604, 2025121, 'D', '[{"type":"text","content":"dominantes."}]', 0);
--> statement-breakpoint
INSERT INTO `question_options` (`id`, `question_id`, `label`, `content`, `is_correct`) VALUES (20250605, 2025121, 'E', '[{"type":"text","content":"generalistas."}]', 0);
--> statement-breakpoint
INSERT INTO `questions` (`id`, `external_id`, `year`, `exam_day`, `booklet`, `official_number`, `language`, `area`, `topic`, `statement`, `content_json`, `support_text`, `source_label`, `source_url`, `image_key`, `asset_bundle_key`, `difficulty`, `answer_status`, `status`, `review_status`, `taxonomy_version`) VALUES (2025122, 'enem-2025-d2-azul-shared-117', 2025, 2, 'azul', 117, NULL, 'Ciências da Natureza', 'Prova oficial ENEM 2025', 'Para a produção de titânio metálico ou dióxido de titânio puros, é necessário fazer a cloração do minério que contém dióxido de titânio, com o objetivo de separar esse óxido de outras substâncias presentes no minério. A principal reação química de cloração é representada por:TiO2 (s) + 2 Cl2 (g) TiCl4 (g) + O2 (g) ΔH =+175 kJ/molDepois da cloração, o tetracloreto de titânio é condensado e convertido, novamente, a dióxido de titânio.Após o sistema atingir o equilíbrio químico, como a formação do TiCl4 pode ser favorecida?', '[{"type":"text","content":"Para a produção de titânio metálico ou dióxido de titânio puros, é necessário fazer a cloração do minério que contém dióxido de titânio, com o objetivo de separar esse óxido de outras substâncias presentes no minério. A principal reação química de cloração é representada por:TiO2 (s) + 2 Cl2 (g) TiCl4 (g) + O2 (g) ΔH =+175 kJ/molDepois da cloração, o tetracloreto de titânio é condensado e convertido, novamente, a dióxido de titânio.Após o sistema atingir o equilíbrio químico, como a formação do TiCl4 pode ser favorecida?"}]', NULL, 'INEP · ENEM 2025 · 2º dia · Caderno 7 azul', 'https://download.inep.gov.br/enem/provas_e_gabaritos/2025_PV_impresso_D2_CD7.pdf', NULL, 'enem/2025/dia2', 'official', 'valid', 'published', 'imported', 1);
--> statement-breakpoint
INSERT INTO `question_options` (`id`, `question_id`, `label`, `content`, `is_correct`) VALUES (20250606, 2025122, 'A', '[{"type":"text","content":"Aumentando a pressão total do sistema."}]', 0);
--> statement-breakpoint
INSERT INTO `question_options` (`id`, `question_id`, `label`, `content`, `is_correct`) VALUES (20250607, 2025122, 'B', '[{"type":"text","content":"Diminuindo a temperatura do sistema."}]', 0);
--> statement-breakpoint
INSERT INTO `question_options` (`id`, `question_id`, `label`, `content`, `is_correct`) VALUES (20250608, 2025122, 'C', '[{"type":"text","content":"Aumentando a pressão parcial de O2."}]', 0);
--> statement-breakpoint
INSERT INTO `question_options` (`id`, `question_id`, `label`, `content`, `is_correct`) VALUES (20250609, 2025122, 'D', '[{"type":"text","content":"Aumentando a pressão parcial de Cl2."}]', 1);
--> statement-breakpoint
INSERT INTO `question_options` (`id`, `question_id`, `label`, `content`, `is_correct`) VALUES (20250610, 2025122, 'E', '[{"type":"text","content":"Variando a quantidade de TiO"}]', 0);
--> statement-breakpoint
INSERT INTO `questions` (`id`, `external_id`, `year`, `exam_day`, `booklet`, `official_number`, `language`, `area`, `topic`, `statement`, `content_json`, `support_text`, `source_label`, `source_url`, `image_key`, `asset_bundle_key`, `difficulty`, `answer_status`, `status`, `review_status`, `taxonomy_version`) VALUES (2025123, 'enem-2025-d2-azul-shared-118', 2025, 2, 'azul', 118, NULL, 'Ciências da Natureza', 'Prova oficial ENEM 2025', 'A laje de um depósito de bebidas tem 50 m2 de área útil de armazenamento e foi projetada para suportar pressões de até 104 Pa. O gerente do estabelecimento pretende armazenar um produto cuja densidade é 1 250 kg/m3. Considere a aceleração da gravidade igual a 10 m/s2.A altura máxima, em metro, de empilhamento do produto que essa laje é capaz de suportar é', '[{"type":"text","content":"A laje de um depósito de bebidas tem 50 m2 de área útil de armazenamento e foi projetada para suportar pressões de até 104 Pa. O gerente do estabelecimento pretende armazenar um produto cuja densidade é 1 250 kg/m3. Considere a aceleração da gravidade igual a 10 m/s2.A altura máxima, em metro, de empilhamento do produto que essa laje é capaz de suportar é"}]', NULL, 'INEP · ENEM 2025 · 2º dia · Caderno 7 azul', 'https://download.inep.gov.br/enem/provas_e_gabaritos/2025_PV_impresso_D2_CD7.pdf', NULL, 'enem/2025/dia2', 'official', 'valid', 'published', 'imported', 1);
--> statement-breakpoint
INSERT INTO `question_options` (`id`, `question_id`, `label`, `content`, `is_correct`) VALUES (20250611, 2025123, 'A', '[{"type":"text","content":"0,16 m."}]', 0);
--> statement-breakpoint
INSERT INTO `question_options` (`id`, `question_id`, `label`, `content`, `is_correct`) VALUES (20250612, 2025123, 'B', '[{"type":"text","content":"0,50 m."}]', 0);
--> statement-breakpoint
INSERT INTO `question_options` (`id`, `question_id`, `label`, `content`, `is_correct`) VALUES (20250613, 2025123, 'C', '[{"type":"text","content":"0,80 m."}]', 1);
--> statement-breakpoint
INSERT INTO `question_options` (`id`, `question_id`, `label`, `content`, `is_correct`) VALUES (20250614, 2025123, 'D', '[{"type":"text","content":"1,60 m."}]', 0);
--> statement-breakpoint
INSERT INTO `question_options` (`id`, `question_id`, `label`, `content`, `is_correct`) VALUES (20250615, 2025123, 'E', '[{"type":"text","content":"8,00 m."}]', 0);
--> statement-breakpoint
INSERT INTO `questions` (`id`, `external_id`, `year`, `exam_day`, `booklet`, `official_number`, `language`, `area`, `topic`, `statement`, `content_json`, `support_text`, `source_label`, `source_url`, `image_key`, `asset_bundle_key`, `difficulty`, `answer_status`, `status`, `review_status`, `taxonomy_version`) VALUES (2025124, 'enem-2025-d2-azul-shared-119', 2025, 2, 'azul', 119, NULL, 'Ciências da Natureza', 'Prova oficial ENEM 2025', 'Em uma comunidade rural, os moradores utilizam uma bomba-d’água alimentada por 100 V de tensão contínua, podendo variar em até 5 V. Um eletrotécnico pretende instalar placas fotovoltaicas para alimentar essa bomba. As placas são idênticas e cada uma apresenta tensão de operação igual a 34 V com corrente de 7,5 A. Além disso, cada placa apresenta 40 V de tensão elétrica, quando em circuito aberto. Assim, considerando que a placa descrita é um gerador não ideal, em circuito aberto ela pode ser representada conforme a figura: O eletrotécnico construiu um circuito que permite à bomba-d’água operar corretamente com o menor número possível de placas conectadas. Para isso, desenhou um diagrama no qual todas essas placas são representadas como um único gerador não ideal, com a especificação das correspondentes características elétricas.O diagrama que representa o circuito construído pelo eletrotécnico é:', '[{"type":"text","content":"Em uma comunidade rural, os moradores utilizam uma bomba-d’água alimentada por 100 V de tensão contínua, podendo variar em até 5 V. Um eletrotécnico pretende instalar placas fotovoltaicas para alimentar essa bomba. As placas são idênticas e cada uma apresenta tensão de operação igual a 34 V com corrente de 7,5 A. Além disso, cada placa apresenta 40 V de tensão elétrica, quando em circuito aberto. Assim, considerando que a placa descrita é um gerador não ideal, em circuito aberto ela pode ser representada conforme a figura:"},{"type":"image","content":"/enem/2025/dia2/question-119.png"},{"type":"text","content":"O eletrotécnico construiu um circuito que permite à bomba-d’água operar corretamente com o menor número possível de placas conectadas. Para isso, desenhou um diagrama no qual todas essas placas são representadas como um único gerador não ideal, com a especificação das correspondentes características elétricas.O diagrama que representa o circuito construído pelo eletrotécnico é:"},{"type":"image","content":"/enem/2025/dia2/question-119_1.png"},{"type":"image","content":"/enem/2025/dia2/question-119_2.png"},{"type":"image","content":"/enem/2025/dia2/question-119_3.png"},{"type":"image","content":"/enem/2025/dia2/question-119_4.png"},{"type":"image","content":"/enem/2025/dia2/question-119_5.png"}]', NULL, 'INEP · ENEM 2025 · 2º dia · Caderno 7 azul', 'https://download.inep.gov.br/enem/provas_e_gabaritos/2025_PV_impresso_D2_CD7.pdf', '/enem/2025/dia2/question-119.png', 'enem/2025/dia2', 'official', 'valid', 'published', 'imported', 1);
--> statement-breakpoint
INSERT INTO `question_options` (`id`, `question_id`, `label`, `content`, `is_correct`) VALUES (20250616, 2025124, 'A', '[]', 0);
--> statement-breakpoint
INSERT INTO `question_options` (`id`, `question_id`, `label`, `content`, `is_correct`) VALUES (20250617, 2025124, 'B', '[]', 1);
--> statement-breakpoint
INSERT INTO `question_options` (`id`, `question_id`, `label`, `content`, `is_correct`) VALUES (20250618, 2025124, 'C', '[]', 0);
--> statement-breakpoint
INSERT INTO `question_options` (`id`, `question_id`, `label`, `content`, `is_correct`) VALUES (20250619, 2025124, 'D', '[]', 0);
--> statement-breakpoint
INSERT INTO `question_options` (`id`, `question_id`, `label`, `content`, `is_correct`) VALUES (20250620, 2025124, 'E', '[{"type":"text","content":"*020325AZ9*"}]', 0);
--> statement-breakpoint
INSERT INTO `questions` (`id`, `external_id`, `year`, `exam_day`, `booklet`, `official_number`, `language`, `area`, `topic`, `statement`, `content_json`, `support_text`, `source_label`, `source_url`, `image_key`, `asset_bundle_key`, `difficulty`, `answer_status`, `status`, `review_status`, `taxonomy_version`) VALUES (2025125, 'enem-2025-d2-azul-shared-120', 2025, 2, 'azul', 120, NULL, 'Ciências da Natureza', 'Prova oficial ENEM 2025', 'A figura ilustra as informações contidas no manual de um sistema de alarme que utiliza transmissores e receptores de radiação eletromagnética para a detecção de movimento. O receptor é regulado pelo tempo de resposta, que corresponde ao intervalo de tempo necessário para o corpo do invasor atravessar completamente o feixe, de diâmetro d = 15 cm. Considere que a menor porção do corpo de um invasor é a sua posição de perfil, cuja espessura típica é 20 cm. São indicados cinco possíveis movimentos de um invasor e suas velocidades típicas, que devem ser observadas para a escolha do tempo de resposta. Manual de referência e instalação: sensor de barreira ativo. Disponível em: cs.ind.br. Acesso em: 2 dez. 2021 (adaptado).Nesse sistema, o menor tempo de resposta, em milissegundo, que garante a detecção de um possível invasor é mais próximo de', '[{"type":"text","content":"A figura ilustra as informações contidas no manual de um sistema de alarme que utiliza transmissores e receptores de radiação eletromagnética para a detecção de movimento. O receptor é regulado pelo tempo de resposta, que corresponde ao intervalo de tempo necessário para o corpo do invasor atravessar completamente o feixe, de diâmetro d = 15 cm. Considere que a menor porção do corpo de um invasor é a sua posição de perfil, cuja espessura típica é 20 cm. São indicados cinco possíveis movimentos de um invasor e suas velocidades típicas, que devem ser observadas para a escolha do tempo de resposta."},{"type":"image","content":"/enem/2025/dia2/question-120.png"},{"type":"text","content":"Manual de referência e instalação: sensor de barreira ativo. Disponível em: cs.ind.br. Acesso em: 2 dez. 2021 (adaptado).Nesse sistema, o menor tempo de resposta, em milissegundo, que garante a detecção de um possível invasor é mais próximo de"}]', NULL, 'INEP · ENEM 2025 · 2º dia · Caderno 7 azul', 'https://download.inep.gov.br/enem/provas_e_gabaritos/2025_PV_impresso_D2_CD7.pdf', '/enem/2025/dia2/question-120.png', 'enem/2025/dia2', 'official', 'valid', 'published', 'imported', 1);
--> statement-breakpoint
INSERT INTO `question_options` (`id`, `question_id`, `label`, `content`, `is_correct`) VALUES (20250621, 2025125, 'A', '[{"type":"text","content":"30 ms."}]', 0);
--> statement-breakpoint
INSERT INTO `question_options` (`id`, `question_id`, `label`, `content`, `is_correct`) VALUES (20250622, 2025125, 'B', '[{"type":"text","content":"70 ms."}]', 1);
--> statement-breakpoint
INSERT INTO `question_options` (`id`, `question_id`, `label`, `content`, `is_correct`) VALUES (20250623, 2025125, 'C', '[{"type":"text","content":"300 ms."}]', 0);
--> statement-breakpoint
INSERT INTO `question_options` (`id`, `question_id`, `label`, `content`, `is_correct`) VALUES (20250624, 2025125, 'D', '[{"type":"text","content":"400 ms."}]', 0);
--> statement-breakpoint
INSERT INTO `question_options` (`id`, `question_id`, `label`, `content`, `is_correct`) VALUES (20250625, 2025125, 'E', '[{"type":"text","content":"700 ms."}]', 0);
--> statement-breakpoint
INSERT INTO `questions` (`id`, `external_id`, `year`, `exam_day`, `booklet`, `official_number`, `language`, `area`, `topic`, `statement`, `content_json`, `support_text`, `source_label`, `source_url`, `image_key`, `asset_bundle_key`, `difficulty`, `answer_status`, `status`, `review_status`, `taxonomy_version`) VALUES (2025126, 'enem-2025-d2-azul-shared-121', 2025, 2, 'azul', 121, NULL, 'Ciências da Natureza', 'Prova oficial ENEM 2025', 'A dimetilamina é uma substância de elevada toxidez que entra em ebulição a 7 °C. Na madrugada de um dia frio, essa substância se espalhou por uma rodovia após um acidente de trânsito envolvendo um caminhão que transportava esse produto. Para minimizar a agressão ao meio ambiente, bem como evitar a evaporação da dimetilamina com a elevação da temperatura ao longo do dia, um químico considerou o uso de algumas substâncias ou misturas como água, vinagre, óleo de soja, sal de cozinha e bicarbonato de sódio.Dentre as opções apresentadas, o tratamento correto para minimizar esse problema é usar', '[{"type":"text","content":"A dimetilamina é uma substância de elevada toxidez que entra em ebulição a 7 °C. Na madrugada de um dia frio, essa substância se espalhou por uma rodovia após um acidente de trânsito envolvendo um caminhão que transportava esse produto. Para minimizar a agressão ao meio ambiente, bem como evitar a evaporação da dimetilamina com a elevação da temperatura ao longo do dia, um químico considerou o uso de algumas substâncias ou misturas como água, vinagre, óleo de soja, sal de cozinha e bicarbonato de sódio.Dentre as opções apresentadas, o tratamento correto para minimizar esse problema é usar"}]', NULL, 'INEP · ENEM 2025 · 2º dia · Caderno 7 azul', 'https://download.inep.gov.br/enem/provas_e_gabaritos/2025_PV_impresso_D2_CD7.pdf', NULL, 'enem/2025/dia2', 'official', 'valid', 'published', 'imported', 1);
--> statement-breakpoint
INSERT INTO `question_options` (`id`, `question_id`, `label`, `content`, `is_correct`) VALUES (20250626, 2025126, 'A', '[{"type":"text","content":"água."}]', 0);
--> statement-breakpoint
INSERT INTO `question_options` (`id`, `question_id`, `label`, `content`, `is_correct`) VALUES (20250627, 2025126, 'B', '[{"type":"text","content":"vinagre."}]', 1);
--> statement-breakpoint
INSERT INTO `question_options` (`id`, `question_id`, `label`, `content`, `is_correct`) VALUES (20250628, 2025126, 'C', '[{"type":"text","content":"óleo de soja."}]', 0);
--> statement-breakpoint
INSERT INTO `question_options` (`id`, `question_id`, `label`, `content`, `is_correct`) VALUES (20250629, 2025126, 'D', '[{"type":"text","content":"sal de cozinha."}]', 0);
--> statement-breakpoint
INSERT INTO `question_options` (`id`, `question_id`, `label`, `content`, `is_correct`) VALUES (20250630, 2025126, 'E', '[{"type":"text","content":"bicarbonato de sódio."}]', 0);
--> statement-breakpoint
INSERT INTO `questions` (`id`, `external_id`, `year`, `exam_day`, `booklet`, `official_number`, `language`, `area`, `topic`, `statement`, `content_json`, `support_text`, `source_label`, `source_url`, `image_key`, `asset_bundle_key`, `difficulty`, `answer_status`, `status`, `review_status`, `taxonomy_version`) VALUES (2025127, 'enem-2025-d2-azul-shared-122', 2025, 2, 'azul', 122, NULL, 'Ciências da Natureza', 'Prova oficial ENEM 2025', 'O aquecimento em fogões por indução utiliza bobinas para produzir um campo magnético variável. Essa bobina se localiza abaixo do vidro cerâmico sobre o qual a panela se apoia. O mecanismo aquece apenas a panela que se encontra na zona de cozimento, o que é uma das principais vantagens em relação ao uso do fogão a gás ou de resistência elétrica. PEREIRA, A. B. et al. Fogões de indução: montagem e testes de um circuito disponível. Disponível em: https://publicacoes.fatecsertaozinho.edu.br. Acesso em: 21 maio 2025 (adaptado).O uso do campo magnético variável tem a finalidade de', '[{"type":"text","content":"O aquecimento em fogões por indução utiliza bobinas para produzir um campo magnético variável. Essa bobina se localiza abaixo do vidro cerâmico sobre o qual a panela se apoia. O mecanismo aquece apenas a panela que se encontra na zona de cozimento, o que é uma das principais vantagens em relação ao uso do fogão a gás ou de resistência elétrica."},{"type":"image","content":"/enem/2025/dia2/question-122.png"},{"type":"text","content":"PEREIRA, A. B. et al. Fogões de indução: montagem e testes de um circuito disponível. Disponível em: https://publicacoes.fatecsertaozinho.edu.br. Acesso em: 21 maio 2025 (adaptado).O uso do campo magnético variável tem a finalidade de"}]', NULL, 'INEP · ENEM 2025 · 2º dia · Caderno 7 azul', 'https://download.inep.gov.br/enem/provas_e_gabaritos/2025_PV_impresso_D2_CD7.pdf', '/enem/2025/dia2/question-122.png', 'enem/2025/dia2', 'official', 'valid', 'published', 'imported', 1);
--> statement-breakpoint
INSERT INTO `question_options` (`id`, `question_id`, `label`, `content`, `is_correct`) VALUES (20250631, 2025127, 'A', '[{"type":"text","content":"imantar o material da panela por indução."}]', 0);
--> statement-breakpoint
INSERT INTO `question_options` (`id`, `question_id`, `label`, `content`, `is_correct`) VALUES (20250632, 2025127, 'B', '[{"type":"text","content":"movimentar os átomos de ferro concentrados no fundo da panela."}]', 0);
--> statement-breakpoint
INSERT INTO `question_options` (`id`, `question_id`, `label`, `content`, `is_correct`) VALUES (20250633, 2025127, 'C', '[{"type":"text","content":"emitir radiação eletromagnética, aquecendo a panela através do vidro cerâmico."}]', 0);
--> statement-breakpoint
INSERT INTO `question_options` (`id`, `question_id`, `label`, `content`, `is_correct`) VALUES (20250634, 2025127, 'D', '[{"type":"text","content":"induzir corrente elétrica na parte inferior da panela, aquecendo-a por efeito Joule."}]', 1);
--> statement-breakpoint
INSERT INTO `question_options` (`id`, `question_id`, `label`, `content`, `is_correct`) VALUES (20250635, 2025127, 'E', '[{"type":"text","content":"gerar um fluxo de corrente de convecção no ar contido entre"}]', 0);
--> statement-breakpoint
INSERT INTO `questions` (`id`, `external_id`, `year`, `exam_day`, `booklet`, `official_number`, `language`, `area`, `topic`, `statement`, `content_json`, `support_text`, `source_label`, `source_url`, `image_key`, `asset_bundle_key`, `difficulty`, `answer_status`, `status`, `review_status`, `taxonomy_version`) VALUES (2025128, 'enem-2025-d2-azul-shared-123', 2025, 2, 'azul', 123, NULL, 'Ciências da Natureza', 'Prova oficial ENEM 2025', 'Plantas e algas realizam fotossíntese oxigênica para síntese de matéria orgânica e, para isso, utilizam trifosfato de adenosina (ATP) e nicotinamida adenina dinucleotídeo fosfato reduzido (NADPH). Já algumas bactérias fotossintetizantes não apresentam cloroplasto e clorofila, mas um pigmento denominado bacterioclorofila. Esses procariotos realizam a fotossíntese anoxigênica, um processo de síntese de matéria orgânica utilizando o gás carbônico (CO2) e o gás sulfídrico (H2S).Na fotossíntese oxigênica, qual composto desempenha função análoga à do H2S?', '[{"type":"text","content":"Plantas e algas realizam fotossíntese oxigênica para síntese de matéria orgânica e, para isso, utilizam trifosfato de adenosina (ATP) e nicotinamida adenina dinucleotídeo fosfato reduzido (NADPH). Já algumas bactérias fotossintetizantes não apresentam cloroplasto e clorofila, mas um pigmento denominado bacterioclorofila. Esses procariotos realizam a fotossíntese anoxigênica, um processo de síntese de matéria orgânica utilizando o gás carbônico (CO2) e o gás sulfídrico (H2S).Na fotossíntese oxigênica, qual composto desempenha função análoga à do H2S?"}]', NULL, 'INEP · ENEM 2025 · 2º dia · Caderno 7 azul', 'https://download.inep.gov.br/enem/provas_e_gabaritos/2025_PV_impresso_D2_CD7.pdf', NULL, 'enem/2025/dia2', 'official', 'annulled', 'published', 'imported', 1);
--> statement-breakpoint
INSERT INTO `question_options` (`id`, `question_id`, `label`, `content`, `is_correct`) VALUES (20250636, 2025128, 'A', '[{"type":"text","content":"ATP."}]', 0);
--> statement-breakpoint
INSERT INTO `question_options` (`id`, `question_id`, `label`, `content`, `is_correct`) VALUES (20250637, 2025128, 'B', '[{"type":"text","content":"NADPH."}]', 0);
--> statement-breakpoint
INSERT INTO `question_options` (`id`, `question_id`, `label`, `content`, `is_correct`) VALUES (20250638, 2025128, 'C', '[{"type":"text","content":"Oxigênio."}]', 0);
--> statement-breakpoint
INSERT INTO `question_options` (`id`, `question_id`, `label`, `content`, `is_correct`) VALUES (20250639, 2025128, 'D', '[{"type":"text","content":"Clorofila."}]', 0);
--> statement-breakpoint
INSERT INTO `question_options` (`id`, `question_id`, `label`, `content`, `is_correct`) VALUES (20250640, 2025128, 'E', '[{"type":"text","content":"Água."}]', 0);
--> statement-breakpoint
INSERT INTO `questions` (`id`, `external_id`, `year`, `exam_day`, `booklet`, `official_number`, `language`, `area`, `topic`, `statement`, `content_json`, `support_text`, `source_label`, `source_url`, `image_key`, `asset_bundle_key`, `difficulty`, `answer_status`, `status`, `review_status`, `taxonomy_version`) VALUES (2025129, 'enem-2025-d2-azul-shared-124', 2025, 2, 'azul', 124, NULL, 'Ciências da Natureza', 'Prova oficial ENEM 2025', 'Objetos de prata escurecem em contato com compostos contendo enxofre por causa da formação de uma fina camada de sulfeto de prata. Um método simples para clarear o objeto consiste em forrar um recipiente com papel alumínio, adicionar ao recipiente uma solução aquosa de cloreto de sódio e, enfim, mergulhar o objeto de prata enegrecido. Em cerca de três minutos, a prata volta à coloração original. As seguintes semirreações e os respectivos potenciais-padrão de redução são úteis para a compreensão dos fenômenos ocorridos.Ag2S (s) + 2 e−→ 2 Ag (s) + S2− (aq)O2 (g) + 4 H+ (aq) + 4 e−→ 2 H2O (l)Al3+ (aq) + 3 e−→ Al (s)−0,69 V+1,23 V−1,68 VSARTORI, E. R.; BATISTA, E. F.; FATIBELLO-FILHO, O. Escurecimento e limpeza de objetos de prata: um experimento simples e de fácil execução envolvendo reações de oxidação-redução. Química Nova na Escola, n. 30, 2008 (adaptado).Os valores das diferenças de potencial-padrão das reações que representam o escurecimento e o clareamento do objeto de prata são, respectivamente:', '[{"type":"text","content":"Objetos de prata escurecem em contato com compostos contendo enxofre por causa da formação de uma fina camada de sulfeto de prata. Um método simples para clarear o objeto consiste em forrar um recipiente com papel alumínio, adicionar ao recipiente uma solução aquosa de cloreto de sódio e, enfim, mergulhar o objeto de prata enegrecido. Em cerca de três minutos, a prata volta à coloração original. As seguintes semirreações e os respectivos potenciais-padrão de redução são úteis para a compreensão dos fenômenos ocorridos.Ag2S (s) + 2 e−→ 2 Ag (s) + S2− (aq)O2 (g) + 4 H+ (aq) + 4 e−→ 2 H2O (l)Al3+ (aq) + 3 e−→ Al (s)−0,69 V+1,23 V−1,68 VSARTORI, E. R.; BATISTA, E. F.; FATIBELLO-FILHO, O. Escurecimento e limpeza de objetos de prata: um experimento simples e de fácil execução envolvendo reações de oxidação-redução. Química Nova na Escola, n. 30, 2008 (adaptado).Os valores das diferenças de potencial-padrão das reações que representam o escurecimento e o clareamento do objeto de prata são, respectivamente:"}]', NULL, 'INEP · ENEM 2025 · 2º dia · Caderno 7 azul', 'https://download.inep.gov.br/enem/provas_e_gabaritos/2025_PV_impresso_D2_CD7.pdf', NULL, 'enem/2025/dia2', 'official', 'valid', 'published', 'imported', 1);
--> statement-breakpoint
INSERT INTO `question_options` (`id`, `question_id`, `label`, `content`, `is_correct`) VALUES (20250641, 2025129, 'A', '[{"type":"text","content":"+0,54 V e +2,37 V."}]', 0);
--> statement-breakpoint
INSERT INTO `question_options` (`id`, `question_id`, `label`, `content`, `is_correct`) VALUES (20250642, 2025129, 'B', '[{"type":"text","content":"+1,92 V e +0,99 V."}]', 1);
--> statement-breakpoint
INSERT INTO `question_options` (`id`, `question_id`, `label`, `content`, `is_correct`) VALUES (20250643, 2025129, 'C', '[{"type":"text","content":"−0,15 V e +5,43 V."}]', 0);
--> statement-breakpoint
INSERT INTO `question_options` (`id`, `question_id`, `label`, `content`, `is_correct`) VALUES (20250644, 2025129, 'D', '[{"type":"text","content":"+2,61 V e +1,29 V."}]', 0);
--> statement-breakpoint
INSERT INTO `question_options` (`id`, `question_id`, `label`, `content`, `is_correct`) VALUES (20250645, 2025129, 'E', '[{"type":"text","content":"+"}]', 0);
--> statement-breakpoint
INSERT INTO `questions` (`id`, `external_id`, `year`, `exam_day`, `booklet`, `official_number`, `language`, `area`, `topic`, `statement`, `content_json`, `support_text`, `source_label`, `source_url`, `image_key`, `asset_bundle_key`, `difficulty`, `answer_status`, `status`, `review_status`, `taxonomy_version`) VALUES (2025130, 'enem-2025-d2-azul-shared-125', 2025, 2, 'azul', 125, NULL, 'Ciências da Natureza', 'Prova oficial ENEM 2025', 'Apaixonada por culinária e química, uma chefe de cozinha calculou que, para promover o crescimento adequado da massa durante o cozimento de um bolo a 180 °C (453 K) e 1,00 atm, ela precisaria utilizar uma quantidade de fermento químico suficiente para produzir um volume de gás igual a 4,00 L. Com esse objetivo, ela escolheu utilizar o bicarbonato de amônio, um composto que, sob aquecimento, degrada-se em três gases distintos, que são os responsáveis pelo crescimento da massa. A decomposição do bicarbonato de amônio ocorre conforme a equação química apresentada e, nas condições do cozimento, seu rendimento é de 80%.NH4HCO3 (s) → NH3 (g) + CO2 (g) + H2O (g)Considere que a mistura dos gases se comporta como gás ideal nas condições de cozimento utilizadas pela chefe.Dados: Massa molar do NH4HCO3 = 79 g ⋅ mol−1 e R = 0,082 atm ⋅ L ⋅ mol−1⋅ K−1.A massa, em grama, de bicarbonato de amônio que ela deve utilizar é mais próxima de', '[{"type":"text","content":"Apaixonada por culinária e química, uma chefe de cozinha calculou que, para promover o crescimento adequado da massa durante o cozimento de um bolo a 180 °C (453 K) e 1,00 atm, ela precisaria utilizar uma quantidade de fermento químico suficiente para produzir um volume de gás igual a 4,00 L. Com esse objetivo, ela escolheu utilizar o bicarbonato de amônio, um composto que, sob aquecimento, degrada-se em três gases distintos, que são os responsáveis pelo crescimento da massa. A decomposição do bicarbonato de amônio ocorre conforme a equação química apresentada e, nas condições do cozimento, seu rendimento é de 80%.NH4HCO3 (s) → NH3 (g) + CO2 (g) + H2O (g)Considere que a mistura dos gases se comporta como gás ideal nas condições de cozimento utilizadas pela chefe.Dados: Massa molar do NH4HCO3 = 79 g ⋅ mol−1 e R = 0,082 atm ⋅ L ⋅ mol−1⋅ K−1.A massa, em grama, de bicarbonato de amônio que ela deve utilizar é mais próxima de"}]', NULL, 'INEP · ENEM 2025 · 2º dia · Caderno 7 azul', 'https://download.inep.gov.br/enem/provas_e_gabaritos/2025_PV_impresso_D2_CD7.pdf', NULL, 'enem/2025/dia2', 'official', 'valid', 'published', 'imported', 1);
--> statement-breakpoint
INSERT INTO `question_options` (`id`, `question_id`, `label`, `content`, `is_correct`) VALUES (20250646, 2025130, 'A', '[{"type":"text","content":"2,3 g."}]', 0);
--> statement-breakpoint
INSERT INTO `question_options` (`id`, `question_id`, `label`, `content`, `is_correct`) VALUES (20250647, 2025130, 'B', '[{"type":"text","content":"3,5 g."}]', 1);
--> statement-breakpoint
INSERT INTO `question_options` (`id`, `question_id`, `label`, `content`, `is_correct`) VALUES (20250648, 2025130, 'C', '[{"type":"text","content":"5,9 g."}]', 0);
--> statement-breakpoint
INSERT INTO `question_options` (`id`, `question_id`, `label`, `content`, `is_correct`) VALUES (20250649, 2025130, 'D', '[{"type":"text","content":"6,8 g."}]', 0);
--> statement-breakpoint
INSERT INTO `question_options` (`id`, `question_id`, `label`, `content`, `is_correct`) VALUES (20250650, 2025130, 'E', '[{"type":"text","content":"8,9 g."}]', 0);
--> statement-breakpoint
INSERT INTO `questions` (`id`, `external_id`, `year`, `exam_day`, `booklet`, `official_number`, `language`, `area`, `topic`, `statement`, `content_json`, `support_text`, `source_label`, `source_url`, `image_key`, `asset_bundle_key`, `difficulty`, `answer_status`, `status`, `review_status`, `taxonomy_version`) VALUES (2025131, 'enem-2025-d2-azul-shared-126', 2025, 2, 'azul', 126, NULL, 'Ciências da Natureza', 'Prova oficial ENEM 2025', 'Segundo o princípio da independência dos movimentos, de Galileu, sempre que a velocidade resultante de um corpo puder ser decomposta em duas ou mais componentes perpendiculares entre si, cada um desses movimentos poderá ser analisado separadamente como se os outros não existissem. Esse princípio é muito útil para a simplificação de alguns problemas reais, em três dimensões.Considere um avião que, ao decolar, é instruído pela torre a atingir, em 6 minutos, uma posição de 20 km a Leste, 20 km a Norte e 1 km de altitude em relação ao ponto de decolagem, conforme a figura (fora de escala). No entanto, no instante da decolagem, começa a soprar um vento cujo vetor velocidade tem componentes 30 km/h para Leste, 20 km/h para Sul e 1 km/h de cima para baixo. Durante a ação do vento, a velocidade v que o piloto deve estabelecer em relação ao ar para que o avião chegue à posição esperada no tempo indicado tem as componentes', '[{"type":"text","content":"Segundo o princípio da independência dos movimentos, de Galileu, sempre que a velocidade resultante de um corpo puder ser decomposta em duas ou mais componentes perpendiculares entre si, cada um desses movimentos poderá ser analisado separadamente como se os outros não existissem. Esse princípio é muito útil para a simplificação de alguns problemas reais, em três dimensões.Considere um avião que, ao decolar, é instruído pela torre a atingir, em 6 minutos, uma posição de 20 km a Leste, 20 km a Norte e 1 km de altitude em relação ao ponto de decolagem, conforme a figura (fora de escala). No entanto, no instante da decolagem, começa a soprar um vento cujo vetor velocidade tem componentes 30 km/h para Leste, 20 km/h para Sul e 1 km/h de cima para baixo."},{"type":"image","content":"/enem/2025/dia2/question-126.png"},{"type":"text","content":"Durante a ação do vento, a velocidade v que o piloto deve estabelecer em relação ao ar para que o avião chegue à posição esperada no tempo indicado tem as componentes"}]', NULL, 'INEP · ENEM 2025 · 2º dia · Caderno 7 azul', 'https://download.inep.gov.br/enem/provas_e_gabaritos/2025_PV_impresso_D2_CD7.pdf', '/enem/2025/dia2/question-126.png', 'enem/2025/dia2', 'official', 'valid', 'published', 'imported', 1);
--> statement-breakpoint
INSERT INTO `question_options` (`id`, `question_id`, `label`, `content`, `is_correct`) VALUES (20250651, 2025131, 'A', '[{"type":"text","content":"230 km/h para Leste, 180 km/h para Sul e 9 km/h para baixo."}]', 0);
--> statement-breakpoint
INSERT INTO `question_options` (`id`, `question_id`, `label`, `content`, `is_correct`) VALUES (20250652, 2025131, 'B', '[{"type":"text","content":"230 km/h para Leste, 180 km/h para Norte e 9 km/h para cima."}]', 0);
--> statement-breakpoint
INSERT INTO `question_options` (`id`, `question_id`, `label`, `content`, `is_correct`) VALUES (20250653, 2025131, 'C', '[{"type":"text","content":"200 km/h para Oeste, 200 km/h para Norte e 10 km/h para cima."}]', 0);
--> statement-breakpoint
INSERT INTO `question_options` (`id`, `question_id`, `label`, `content`, `is_correct`) VALUES (20250654, 2025131, 'D', '[{"type":"text","content":"170 km/h para Leste, 220 km/h para Norte e 11 km/h para cima."}]', 1);
--> statement-breakpoint
INSERT INTO `question_options` (`id`, `question_id`, `label`, `content`, `is_correct`) VALUES (20250655, 2025131, 'E', '[{"type":"text","content":"170 km/h para Leste, 180 km/h para Norte e 11 km/h para cima."}]', 0);
--> statement-breakpoint
INSERT INTO `questions` (`id`, `external_id`, `year`, `exam_day`, `booklet`, `official_number`, `language`, `area`, `topic`, `statement`, `content_json`, `support_text`, `source_label`, `source_url`, `image_key`, `asset_bundle_key`, `difficulty`, `answer_status`, `status`, `review_status`, `taxonomy_version`) VALUES (2025132, 'enem-2025-d2-azul-shared-127', 2025, 2, 'azul', 127, NULL, 'Ciências da Natureza', 'Prova oficial ENEM 2025', 'Nos processos de transformação e reciclagem de recursos naturais, as velocidades das reações químicas são estudadas pela cinética química. Uma reação A → B é realizada na presença e na ausência de uma enzima, com todas as demais condições permanecendo inalteradas. Considere que, no gráfico da variação de energia ao longo dessa reação, a linha contínua representa o avanço da reação na ausência da enzima, e a linha pontilhada, na presença da enzima.O gráfico que representa a situação descrita é:', '[{"type":"text","content":"Nos processos de transformação e reciclagem de recursos naturais, as velocidades das reações químicas são estudadas pela cinética química. Uma reação A → B é realizada na presença e na ausência de uma enzima, com todas as demais condições permanecendo inalteradas. Considere que, no gráfico da variação de energia ao longo dessa reação, a linha contínua representa o avanço da reação na ausência da enzima, e a linha pontilhada, na presença da enzima.O gráfico que representa a situação descrita é:"},{"type":"image","content":"/enem/2025/dia2/question-127.png"},{"type":"image","content":"/enem/2025/dia2/question-127_1.png"},{"type":"image","content":"/enem/2025/dia2/question-127_2.png"},{"type":"image","content":"/enem/2025/dia2/question-127_3.png"},{"type":"image","content":"/enem/2025/dia2/question-127_4.png"}]', NULL, 'INEP · ENEM 2025 · 2º dia · Caderno 7 azul', 'https://download.inep.gov.br/enem/provas_e_gabaritos/2025_PV_impresso_D2_CD7.pdf', '/enem/2025/dia2/question-127.png', 'enem/2025/dia2', 'official', 'valid', 'published', 'imported', 1);
--> statement-breakpoint
INSERT INTO `question_options` (`id`, `question_id`, `label`, `content`, `is_correct`) VALUES (20250656, 2025132, 'A', '[]', 0);
--> statement-breakpoint
INSERT INTO `question_options` (`id`, `question_id`, `label`, `content`, `is_correct`) VALUES (20250657, 2025132, 'B', '[]', 0);
--> statement-breakpoint
INSERT INTO `question_options` (`id`, `question_id`, `label`, `content`, `is_correct`) VALUES (20250658, 2025132, 'C', '[]', 1);
--> statement-breakpoint
INSERT INTO `question_options` (`id`, `question_id`, `label`, `content`, `is_correct`) VALUES (20250659, 2025132, 'D', '[]', 0);
--> statement-breakpoint
INSERT INTO `question_options` (`id`, `question_id`, `label`, `content`, `is_correct`) VALUES (20250660, 2025132, 'E', '[{"type":"text","content":"￼"}]', 0);
--> statement-breakpoint
INSERT INTO `questions` (`id`, `external_id`, `year`, `exam_day`, `booklet`, `official_number`, `language`, `area`, `topic`, `statement`, `content_json`, `support_text`, `source_label`, `source_url`, `image_key`, `asset_bundle_key`, `difficulty`, `answer_status`, `status`, `review_status`, `taxonomy_version`) VALUES (2025133, 'enem-2025-d2-azul-shared-128', 2025, 2, 'azul', 128, NULL, 'Ciências da Natureza', 'Prova oficial ENEM 2025', 'A resistência de um fio de platina pode ser usada para medir temperaturas entre 0 °C e 100°C e já foi utilizada como referência para a escala internacional de temperatura. Para um sensor feito de platina, a relação entre a resistência e a temperatura pode ser descrita por uma equação do tipo R(T) = A +T, em que T é a temperatura e A e B são constantes. O gráfico apresenta a dependência da resistência em função da temperatura para cinco diferentes sensores. Os sensores que apresentam maior sensibilidade são', '[{"type":"text","content":"A resistência de um fio de platina pode ser usada para medir temperaturas entre 0 °C e 100°C e já foi utilizada como referência para a escala internacional de temperatura. Para um sensor feito de platina, a relação entre a resistência e a temperatura pode ser descrita por uma equação do tipo R(T) = A +T, em que T é a temperatura e A e B são constantes. O gráfico apresenta a dependência da resistência em função da temperatura para cinco diferentes sensores."},{"type":"image","content":"/enem/2025/dia2/question-128.png"},{"type":"text","content":"Os sensores que apresentam maior sensibilidade são"}]', NULL, 'INEP · ENEM 2025 · 2º dia · Caderno 7 azul', 'https://download.inep.gov.br/enem/provas_e_gabaritos/2025_PV_impresso_D2_CD7.pdf', '/enem/2025/dia2/question-128.png', 'enem/2025/dia2', 'official', 'valid', 'published', 'imported', 1);
--> statement-breakpoint
INSERT INTO `question_options` (`id`, `question_id`, `label`, `content`, `is_correct`) VALUES (20250661, 2025133, 'A', '[{"type":"text","content":"1 e 2."}]', 0);
--> statement-breakpoint
INSERT INTO `question_options` (`id`, `question_id`, `label`, `content`, `is_correct`) VALUES (20250662, 2025133, 'B', '[{"type":"text","content":"1 e 3."}]', 0);
--> statement-breakpoint
INSERT INTO `question_options` (`id`, `question_id`, `label`, `content`, `is_correct`) VALUES (20250663, 2025133, 'C', '[{"type":"text","content":"2 e 3."}]', 0);
--> statement-breakpoint
INSERT INTO `question_options` (`id`, `question_id`, `label`, `content`, `is_correct`) VALUES (20250664, 2025133, 'D', '[{"type":"text","content":"2 e 4."}]', 0);
--> statement-breakpoint
INSERT INTO `question_options` (`id`, `question_id`, `label`, `content`, `is_correct`) VALUES (20250665, 2025133, 'E', '[{"type":"text","content":"2 e 5."}]', 1);
--> statement-breakpoint
INSERT INTO `questions` (`id`, `external_id`, `year`, `exam_day`, `booklet`, `official_number`, `language`, `area`, `topic`, `statement`, `content_json`, `support_text`, `source_label`, `source_url`, `image_key`, `asset_bundle_key`, `difficulty`, `answer_status`, `status`, `review_status`, `taxonomy_version`) VALUES (2025134, 'enem-2025-d2-azul-shared-129', 2025, 2, 'azul', 129, NULL, 'Ciências da Natureza', 'Prova oficial ENEM 2025', 'O ácido úsnico é retirado de liquens e foi testado contra diversas espécies, conforme o quadro.TesteResultadoAedes aegypti (larvas)Baixa eficiênciaBacilo de KochMédia eficiênciaMoluscos aquáticos (adultos)Alta eficiênciaPernilongo (larvas)Média eficiênciaVermes platelmintosIneficienteO ácido úsnico mostrou-se mais indicado para o controle da', '[{"type":"text","content":"O ácido úsnico é retirado de liquens e foi testado contra diversas espécies, conforme o quadro.TesteResultadoAedes aegypti (larvas)Baixa eficiênciaBacilo de KochMédia eficiênciaMoluscos aquáticos (adultos)Alta eficiênciaPernilongo (larvas)Média eficiênciaVermes platelmintosIneficienteO ácido úsnico mostrou-se mais indicado para o controle da"}]', NULL, 'INEP · ENEM 2025 · 2º dia · Caderno 7 azul', 'https://download.inep.gov.br/enem/provas_e_gabaritos/2025_PV_impresso_D2_CD7.pdf', NULL, 'enem/2025/dia2', 'official', 'valid', 'published', 'imported', 1);
--> statement-breakpoint
INSERT INTO `question_options` (`id`, `question_id`, `label`, `content`, `is_correct`) VALUES (20250666, 2025134, 'A', '[{"type":"text","content":"esquistossomose."}]', 1);
--> statement-breakpoint
INSERT INTO `question_options` (`id`, `question_id`, `label`, `content`, `is_correct`) VALUES (20250667, 2025134, 'B', '[{"type":"text","content":"febre amarela."}]', 0);
--> statement-breakpoint
INSERT INTO `question_options` (`id`, `question_id`, `label`, `content`, `is_correct`) VALUES (20250668, 2025134, 'C', '[{"type":"text","content":"coqueluche."}]', 0);
--> statement-breakpoint
INSERT INTO `question_options` (`id`, `question_id`, `label`, `content`, `is_correct`) VALUES (20250669, 2025134, 'D', '[{"type":"text","content":"tuberculose."}]', 0);
--> statement-breakpoint
INSERT INTO `question_options` (`id`, `question_id`, `label`, `content`, `is_correct`) VALUES (20250670, 2025134, 'E', '[{"type":"text","content":"dengue."}]', 0);
--> statement-breakpoint
INSERT INTO `questions` (`id`, `external_id`, `year`, `exam_day`, `booklet`, `official_number`, `language`, `area`, `topic`, `statement`, `content_json`, `support_text`, `source_label`, `source_url`, `image_key`, `asset_bundle_key`, `difficulty`, `answer_status`, `status`, `review_status`, `taxonomy_version`) VALUES (2025135, 'enem-2025-d2-azul-shared-130', 2025, 2, 'azul', 130, NULL, 'Ciências da Natureza', 'Física · Eletricidade · Associação de resistores', 'Em sua maioria, os equipamentos eletrônicos domésticos demandam baixa potência elétrica em corrente contínua. Para alimentá-los, uma fonte externa ou embutida transforma a corrente alternada em corrente contínua de baixa tensão. Entretanto, cada equipamento tem suas especificidades, e muitas vezes não é possível simplesmente trocar essas fontes sem levar em conta a tensão, a corrente ou a potência elétrica de saída. Considere um equipamento de resistência elétrica Rc que funciona corretamente apenas em um dado valor de tensão. Porém, a única fonte de alimentação disponível fornece uma tensão 20% superior à tensão recomendada. Para adaptar essa fonte ao aparelho, a associação de um resistor de proteção Rp, de potência adequada, se faz necessária. A configuração adequada do circuito e o valor do resistor de proteção, em relação ao valor da resistência do equipamento, são:', '[{"type":"text","content":"Em sua maioria, os equipamentos eletrônicos domésticos demandam baixa potência elétrica em corrente contínua. Para alimentá-los, uma fonte externa ou embutida transforma a corrente alternada em corrente contínua de baixa tensão. Entretanto, cada equipamento tem suas especificidades, e muitas vezes não é possível simplesmente trocar essas fontes sem levar em conta a tensão, a corrente ou a potência elétrica de saída. Considere um equipamento de resistência elétrica Rc que funciona corretamente apenas em um dado valor de tensão. Porém, a única fonte de alimentação disponível fornece uma tensão 20% superior à tensão recomendada. Para adaptar essa fonte ao aparelho, a associação de um resistor de proteção Rp, de potência adequada, se faz necessária. A configuração adequada do circuito e o valor do resistor de proteção, em relação ao valor da resistência do equipamento, são:"}]', NULL, 'INEP · ENEM 2025 · 2º dia · Caderno 7 azul', 'https://download.inep.gov.br/enem/provas_e_gabaritos/2025_PV_impresso_D2_CD7.pdf', NULL, 'enem/2025/dia2', 'official', 'valid', 'published', 'imported', 1);
--> statement-breakpoint
INSERT INTO `question_options` (`id`, `question_id`, `label`, `content`, `is_correct`) VALUES (20250671, 2025135, 'A', '[{"type":"image","content":"/enem/2025/dia2/question-130.png"}]', 0);
--> statement-breakpoint
INSERT INTO `question_options` (`id`, `question_id`, `label`, `content`, `is_correct`) VALUES (20250672, 2025135, 'B', '[{"type":"image","content":"/enem/2025/dia2/question-130_1.png"}]', 0);
--> statement-breakpoint
INSERT INTO `question_options` (`id`, `question_id`, `label`, `content`, `is_correct`) VALUES (20250673, 2025135, 'C', '[{"type":"image","content":"/enem/2025/dia2/question-130_2.png"}]', 0);
--> statement-breakpoint
INSERT INTO `question_options` (`id`, `question_id`, `label`, `content`, `is_correct`) VALUES (20250674, 2025135, 'D', '[{"type":"image","content":"/enem/2025/dia2/question-130_3.png"}]', 0);
--> statement-breakpoint
INSERT INTO `question_options` (`id`, `question_id`, `label`, `content`, `is_correct`) VALUES (20250675, 2025135, 'E', '[{"type":"image","content":"/enem/2025/dia2/question-130_4.png"}]', 1);
--> statement-breakpoint
INSERT INTO `questions` (`id`, `external_id`, `year`, `exam_day`, `booklet`, `official_number`, `language`, `area`, `topic`, `statement`, `content_json`, `support_text`, `source_label`, `source_url`, `image_key`, `asset_bundle_key`, `difficulty`, `answer_status`, `status`, `review_status`, `taxonomy_version`) VALUES (2025136, 'enem-2025-d2-azul-shared-131', 2025, 2, 'azul', 131, NULL, 'Ciências da Natureza', 'Química · Estequiometria · Rendimento e excesso', 'O Brasil é o maior produtor mundial de nióbio (massa molar = 93 g mol⁻¹), metal utilizado na fabricação de vários tipos de aço: automotivos, estruturais e inoxidáveis. O processo utilizado na produção do nióbio é a redução aluminotérmica de Nb₂O₅ com excesso de 10% de Al (massa molar = 27 g mol⁻¹), em relação à quantidade estequiométrica da reação, representada pela equação química: 3 Nb₂O₅ (s) + 10 Al (s) → 6 Nb (s) + 5 Al₂O₃ (s). Uma engenheira metalúrgica estimou a massa de alumínio necessária para produzir 9,3 kg de nióbio, nas condições descritas, para a produção de um lote de peças de aço encomendado por uma indústria, considerando um rendimento de 100%. A massa de alumínio, em quilograma, estimada pela engenheira é mais próxima de:', '[{"type":"text","content":"O Brasil é o maior produtor mundial de nióbio (massa molar = 93 g mol⁻¹), metal utilizado na fabricação de vários tipos de aço: automotivos, estruturais e inoxidáveis. O processo utilizado na produção do nióbio é a redução aluminotérmica de Nb₂O₅ com excesso de 10% de Al (massa molar = 27 g mol⁻¹), em relação à quantidade estequiométrica da reação, representada pela equação química: 3 Nb₂O₅ (s) + 10 Al (s) → 6 Nb (s) + 5 Al₂O₃ (s). Uma engenheira metalúrgica estimou a massa de alumínio necessária para produzir 9,3 kg de nióbio, nas condições descritas, para a produção de um lote de peças de aço encomendado por uma indústria, considerando um rendimento de 100%. A massa de alumínio, em quilograma, estimada pela engenheira é mais próxima de:"}]', NULL, 'INEP · ENEM 2025 · 2º dia · Caderno 7 azul', 'https://download.inep.gov.br/enem/provas_e_gabaritos/2025_PV_impresso_D2_CD7.pdf', NULL, 'enem/2025/dia2', 'official', 'valid', 'published', 'imported', 1);
--> statement-breakpoint
INSERT INTO `question_options` (`id`, `question_id`, `label`, `content`, `is_correct`) VALUES (20250676, 2025136, 'A', '[{"type":"text","content":"2,7 kg."}]', 0);
--> statement-breakpoint
INSERT INTO `question_options` (`id`, `question_id`, `label`, `content`, `is_correct`) VALUES (20250677, 2025136, 'B', '[{"type":"text","content":"3,0 kg."}]', 0);
--> statement-breakpoint
INSERT INTO `question_options` (`id`, `question_id`, `label`, `content`, `is_correct`) VALUES (20250678, 2025136, 'C', '[{"type":"text","content":"4,1 kg."}]', 0);
--> statement-breakpoint
INSERT INTO `question_options` (`id`, `question_id`, `label`, `content`, `is_correct`) VALUES (20250679, 2025136, 'D', '[{"type":"text","content":"4,5 kg."}]', 0);
--> statement-breakpoint
INSERT INTO `question_options` (`id`, `question_id`, `label`, `content`, `is_correct`) VALUES (20250680, 2025136, 'E', '[{"type":"text","content":"5,0 kg."}]', 1);
--> statement-breakpoint
INSERT INTO `questions` (`id`, `external_id`, `year`, `exam_day`, `booklet`, `official_number`, `language`, `area`, `topic`, `statement`, `content_json`, `support_text`, `source_label`, `source_url`, `image_key`, `asset_bundle_key`, `difficulty`, `answer_status`, `status`, `review_status`, `taxonomy_version`) VALUES (2025137, 'enem-2025-d2-azul-shared-132', 2025, 2, 'azul', 132, NULL, 'Ciências da Natureza', 'Prova oficial ENEM 2025', 'O nível sonoro, em decibel (dB), é calculado pela expressão:nII10100 logUma conversa normal entre duas pessoas gera sons de níveis sonoros entre 50 e 60 dB, enquanto pessoas gritando podem gerar sons de níveis superiores a 100 dB. Supondo que, no centro de um estádio de futebol, foram realizadas medidas para avaliar o ruído médio de uma pessoa gritando a palavra “gol” em diferentes posições das arquibancadas. O valor médio obtido, considerando um grande número de medidas, foi de 100 dB. Com esse dado, estimou-se o ruído sonoro produzido por 10 000 pessoas, distribuídas aleatoriamente nas arquibancadas, enquanto gritavam, simultaneamente, a palavra “gol”.O valor médio estimado para o ruído produzido por essas pessoas, na posição central desse estádio hipotético, foi de', '[{"type":"text","content":"O nível sonoro, em decibel (dB), é calculado pela expressão:nII10100 logUma conversa normal entre duas pessoas gera sons de níveis sonoros entre 50 e 60 dB, enquanto pessoas gritando podem gerar sons de níveis superiores a 100 dB. Supondo que, no centro de um estádio de futebol, foram realizadas medidas para avaliar o ruído médio de uma pessoa gritando a palavra “gol” em diferentes posições das arquibancadas. O valor médio obtido, considerando um grande número de medidas, foi de 100 dB. Com esse dado, estimou-se o ruído sonoro produzido por 10 000 pessoas, distribuídas aleatoriamente nas arquibancadas, enquanto gritavam, simultaneamente, a palavra “gol”.O valor médio estimado para o ruído produzido por essas pessoas, na posição central desse estádio hipotético, foi de"}]', NULL, 'INEP · ENEM 2025 · 2º dia · Caderno 7 azul', 'https://download.inep.gov.br/enem/provas_e_gabaritos/2025_PV_impresso_D2_CD7.pdf', NULL, 'enem/2025/dia2', 'official', 'annulled', 'published', 'imported', 1);
--> statement-breakpoint
INSERT INTO `question_options` (`id`, `question_id`, `label`, `content`, `is_correct`) VALUES (20250681, 2025137, 'A', '[{"type":"text","content":"60 dB."}]', 0);
--> statement-breakpoint
INSERT INTO `question_options` (`id`, `question_id`, `label`, `content`, `is_correct`) VALUES (20250682, 2025137, 'B', '[{"type":"text","content":"104 dB."}]', 0);
--> statement-breakpoint
INSERT INTO `question_options` (`id`, `question_id`, `label`, `content`, `is_correct`) VALUES (20250683, 2025137, 'C', '[{"type":"text","content":"140 dB."}]', 0);
--> statement-breakpoint
INSERT INTO `question_options` (`id`, `question_id`, `label`, `content`, `is_correct`) VALUES (20250684, 2025137, 'D', '[{"type":"text","content":"400 dB."}]', 0);
--> statement-breakpoint
INSERT INTO `question_options` (`id`, `question_id`, `label`, `content`, `is_correct`) VALUES (20250685, 2025137, 'E', '[{"type":"text","content":"800 dB."}]', 0);
--> statement-breakpoint
INSERT INTO `questions` (`id`, `external_id`, `year`, `exam_day`, `booklet`, `official_number`, `language`, `area`, `topic`, `statement`, `content_json`, `support_text`, `source_label`, `source_url`, `image_key`, `asset_bundle_key`, `difficulty`, `answer_status`, `status`, `review_status`, `taxonomy_version`) VALUES (2025138, 'enem-2025-d2-azul-shared-133', 2025, 2, 'azul', 133, NULL, 'Ciências da Natureza', 'Prova oficial ENEM 2025', 'O despejo acidental de óleo nos oceanos tem ocasionado incontáveis prejuízos à vida marinha e à economia de regiões costeiras. Métodos tradicionais de tratamento do despejo geram resíduos de difícil descarte e nem sempre são eficazes. Por isso, pesquisadores desenvolveram um filtro capaz de separar óleo e água. O dispositivo é montado sobre uma malha de aço com uma sequência de camadas. A primeira camada é formada por um polímero de carga positiva, a segunda é composta por nanopartículas de sílica (SiO2), a terceira é formada pelo mesmo polímero e a última é um surfactante, conforme apresentado na figura.Representação esquemática do dispositivo BROWN, P. S.; BHUSHAN, B. Mechanically durable, superoleophobic coatings prepared by layer-by-layer technique for anti-smudge and oil-water separation. Scientific Reports, v. 5, mar. 2015 (adaptado).Na utilização desse dispositivo, a retenção do óleo ocorre', '[{"type":"text","content":"O despejo acidental de óleo nos oceanos tem ocasionado incontáveis prejuízos à vida marinha e à economia de regiões costeiras. Métodos tradicionais de tratamento do despejo geram resíduos de difícil descarte e nem sempre são eficazes. Por isso, pesquisadores desenvolveram um filtro capaz de separar óleo e água. O dispositivo é montado sobre uma malha de aço com uma sequência de camadas. A primeira camada é formada por um polímero de carga positiva, a segunda é composta por nanopartículas de sílica (SiO2), a terceira é formada pelo mesmo polímero e a última é um surfactante, conforme apresentado na figura.Representação esquemática do dispositivo"},{"type":"image","content":"/enem/2025/dia2/question-133.png"},{"type":"text","content":"BROWN, P. S.; BHUSHAN, B. Mechanically durable, superoleophobic coatings prepared by layer-by-layer technique for anti-smudge and oil-water separation. Scientific Reports, v. 5, mar. 2015 (adaptado).Na utilização desse dispositivo, a retenção do óleo ocorre"}]', NULL, 'INEP · ENEM 2025 · 2º dia · Caderno 7 azul', 'https://download.inep.gov.br/enem/provas_e_gabaritos/2025_PV_impresso_D2_CD7.pdf', '/enem/2025/dia2/question-133.png', 'enem/2025/dia2', 'official', 'valid', 'published', 'imported', 1);
--> statement-breakpoint
INSERT INTO `question_options` (`id`, `question_id`, `label`, `content`, `is_correct`) VALUES (20250686, 2025138, 'A', '[{"type":"text","content":"no surfactante."}]', 1);
--> statement-breakpoint
INSERT INTO `question_options` (`id`, `question_id`, `label`, `content`, `is_correct`) VALUES (20250687, 2025138, 'B', '[{"type":"text","content":"na camada superior de polímero."}]', 0);
--> statement-breakpoint
INSERT INTO `question_options` (`id`, `question_id`, `label`, `content`, `is_correct`) VALUES (20250688, 2025138, 'C', '[{"type":"text","content":"nas nanopartículas de sílica."}]', 0);
--> statement-breakpoint
INSERT INTO `question_options` (`id`, `question_id`, `label`, `content`, `is_correct`) VALUES (20250689, 2025138, 'D', '[{"type":"text","content":"na camada inferior de polímero."}]', 0);
--> statement-breakpoint
INSERT INTO `question_options` (`id`, `question_id`, `label`, `content`, `is_correct`) VALUES (20250690, 2025138, 'E', '[{"type":"text","content":"na malha de aço."}]', 0);
--> statement-breakpoint
INSERT INTO `questions` (`id`, `external_id`, `year`, `exam_day`, `booklet`, `official_number`, `language`, `area`, `topic`, `statement`, `content_json`, `support_text`, `source_label`, `source_url`, `image_key`, `asset_bundle_key`, `difficulty`, `answer_status`, `status`, `review_status`, `taxonomy_version`) VALUES (2025139, 'enem-2025-d2-azul-shared-134', 2025, 2, 'azul', 134, NULL, 'Ciências da Natureza', 'Prova oficial ENEM 2025', 'Alguns hormônios sexuais têm ganhado notável atenção nos últimos anos por suas concentrações cada vez maiores no solo e na água em todo o mundo. O motivo da preocupação é porque, em níveis poluentes, eles têm sido associados ao câncer de mama e ao câncer de próstata, além de perturbarem a fisiologia dos peixes, podendo, ainda, afetarem o desenvolvimento reprodutivo de animais domésticos e selvagens. Assim, o descarte inadequado desses hormônios representa uma séria ameaça ao solo, plantas, recursos hídricos e humanos. De baixa polaridade, eles apresentam uma solubilidade pequena e variável em água, dependendo dos grupos presentes em suas estruturas, representando um grande risco para os ambientes aquáticos. As figuras a seguir apresentam as estruturas de alguns desses hormônios. MUHAMMAD, A. et al. Environmental Impact of Estrogens on Human, Animal and Plant Life: a Critical Review.Environment International, n. 99, 2017 (adaptado).Do ponto de vista das interações químicas, qual desses hormônios apresenta maior solubilidade em ambientes aquáticos?', '[{"type":"text","content":"Alguns hormônios sexuais têm ganhado notável atenção nos últimos anos por suas concentrações cada vez maiores no solo e na água em todo o mundo. O motivo da preocupação é porque, em níveis poluentes, eles têm sido associados ao câncer de mama e ao câncer de próstata, além de perturbarem a fisiologia dos peixes, podendo, ainda, afetarem o desenvolvimento reprodutivo de animais domésticos e selvagens. Assim, o descarte inadequado desses hormônios representa uma séria ameaça ao solo, plantas, recursos hídricos e humanos. De baixa polaridade, eles apresentam uma solubilidade pequena e variável em água, dependendo dos grupos presentes em suas estruturas, representando um grande risco para os ambientes aquáticos. As figuras a seguir apresentam as estruturas de alguns desses hormônios."},{"type":"image","content":"/enem/2025/dia2/question-134.png"},{"type":"text","content":"MUHAMMAD, A. et al. Environmental Impact of Estrogens on Human, Animal and Plant Life: a Critical Review.Environment International, n. 99, 2017 (adaptado).Do ponto de vista das interações químicas, qual desses hormônios apresenta maior solubilidade em ambientes aquáticos?"}]', NULL, 'INEP · ENEM 2025 · 2º dia · Caderno 7 azul', 'https://download.inep.gov.br/enem/provas_e_gabaritos/2025_PV_impresso_D2_CD7.pdf', '/enem/2025/dia2/question-134.png', 'enem/2025/dia2', 'official', 'valid', 'published', 'imported', 1);
--> statement-breakpoint
INSERT INTO `question_options` (`id`, `question_id`, `label`, `content`, `is_correct`) VALUES (20250691, 2025139, 'A', '[{"type":"text","content":"Estradiol."}]', 0);
--> statement-breakpoint
INSERT INTO `question_options` (`id`, `question_id`, `label`, `content`, `is_correct`) VALUES (20250692, 2025139, 'B', '[{"type":"text","content":"Estriol."}]', 1);
--> statement-breakpoint
INSERT INTO `question_options` (`id`, `question_id`, `label`, `content`, `is_correct`) VALUES (20250693, 2025139, 'C', '[{"type":"text","content":"Estrona."}]', 0);
--> statement-breakpoint
INSERT INTO `question_options` (`id`, `question_id`, `label`, `content`, `is_correct`) VALUES (20250694, 2025139, 'D', '[{"type":"text","content":"Novestrol."}]', 0);
--> statement-breakpoint
INSERT INTO `question_options` (`id`, `question_id`, `label`, `content`, `is_correct`) VALUES (20250695, 2025139, 'E', '[{"type":"text","content":"Noretindrona."}]', 0);
--> statement-breakpoint
INSERT INTO `questions` (`id`, `external_id`, `year`, `exam_day`, `booklet`, `official_number`, `language`, `area`, `topic`, `statement`, `content_json`, `support_text`, `source_label`, `source_url`, `image_key`, `asset_bundle_key`, `difficulty`, `answer_status`, `status`, `review_status`, `taxonomy_version`) VALUES (2025140, 'enem-2025-d2-azul-shared-135', 2025, 2, 'azul', 135, NULL, 'Ciências da Natureza', 'Prova oficial ENEM 2025', 'A icterícia é uma doença que acomete recém-nascidos e pode ser tratada com um método de fototerapia conhecido como banho de luz, que consiste na exposição do recém-nascido a uma fonte luminosa equipada com LEDs azuis. Para o monitoramento da dosagem dessa radiação, é utilizada a resposta óptica de um sensor constituído de materiais orgânicos que luminescem quando expostos à luz azul. Com o passar do tempo, essa radiação oxida os materiais do sensor, alterando sua coloração de vermelho-laranja para verde, o que indica o final do tratamento.O gráfico apresenta o espectro de fotoluminescência do sensor em função do comprimento de onda da luz emitida no início do tratamento, quando o sensor, colado na fralda do bebê (Figura 1), luminesce na região do vermelho-laranja (∼600 nm). A Figura 2 apresenta a evolução da coloração do sensor, mostrando que a frequência da luz emitida por ele aumenta em função do tempo de exposição à luz azul. SILVA, M. M. et al. Fabricação de sensor orgânico flexível para aplicação em terapia com luz azul. Tecnol. Metal. Mater. Miner., n. 3, jul.-set. 2011 (adaptado).Os espectros de fotoluminescência do sensor no início e no final do tratamento estão esboçados no gráfico:', '[{"type":"text","content":"A icterícia é uma doença que acomete recém-nascidos e pode ser tratada com um método de fototerapia conhecido como banho de luz, que consiste na exposição do recém-nascido a uma fonte luminosa equipada com LEDs azuis. Para o monitoramento da dosagem dessa radiação, é utilizada a resposta óptica de um sensor constituído de materiais orgânicos que luminescem quando expostos à luz azul. Com o passar do tempo, essa radiação oxida os materiais do sensor, alterando sua coloração de vermelho-laranja para verde, o que indica o final do tratamento.O gráfico apresenta o espectro de fotoluminescência do sensor em função do comprimento de onda da luz emitida no início do tratamento, quando o sensor, colado na fralda do bebê (Figura 1), luminesce na região do vermelho-laranja (∼600 nm). A Figura 2 apresenta a evolução da coloração do sensor, mostrando que a frequência da luz emitida por ele aumenta em função do tempo de exposição à luz azul."},{"type":"image","content":"/enem/2025/dia2/question-135.png"},{"type":"text","content":"SILVA, M. M. et al. Fabricação de sensor orgânico flexível para aplicação em terapia com luz azul. Tecnol. Metal. Mater. Miner., n. 3, jul.-set. 2011 (adaptado).Os espectros de fotoluminescência do sensor no início e no final do tratamento estão esboçados no gráfico:"},{"type":"image","content":"/enem/2025/dia2/question-135_1.png"},{"type":"image","content":"/enem/2025/dia2/question-135_2.png"},{"type":"image","content":"/enem/2025/dia2/question-135_3.png"},{"type":"image","content":"/enem/2025/dia2/question-135_4.png"},{"type":"image","content":"/enem/2025/dia2/question-135_5.png"}]', NULL, 'INEP · ENEM 2025 · 2º dia · Caderno 7 azul', 'https://download.inep.gov.br/enem/provas_e_gabaritos/2025_PV_impresso_D2_CD7.pdf', '/enem/2025/dia2/question-135.png', 'enem/2025/dia2', 'official', 'valid', 'published', 'imported', 1);
--> statement-breakpoint
INSERT INTO `question_options` (`id`, `question_id`, `label`, `content`, `is_correct`) VALUES (20250696, 2025140, 'A', '[]', 1);
--> statement-breakpoint
INSERT INTO `question_options` (`id`, `question_id`, `label`, `content`, `is_correct`) VALUES (20250697, 2025140, 'B', '[]', 0);
--> statement-breakpoint
INSERT INTO `question_options` (`id`, `question_id`, `label`, `content`, `is_correct`) VALUES (20250698, 2025140, 'C', '[]', 0);
--> statement-breakpoint
INSERT INTO `question_options` (`id`, `question_id`, `label`, `content`, `is_correct`) VALUES (20250699, 2025140, 'D', '[]', 0);
--> statement-breakpoint
INSERT INTO `question_options` (`id`, `question_id`, `label`, `content`, `is_correct`) VALUES (20250700, 2025140, 'E', '[{"type":"text","content":"*020325AZ15*"}]', 0);
--> statement-breakpoint
INSERT INTO `questions` (`id`, `external_id`, `year`, `exam_day`, `booklet`, `official_number`, `language`, `area`, `topic`, `statement`, `content_json`, `support_text`, `source_label`, `source_url`, `image_key`, `asset_bundle_key`, `difficulty`, `answer_status`, `status`, `review_status`, `taxonomy_version`) VALUES (2025141, 'enem-2025-d2-azul-shared-136', 2025, 2, 'azul', 136, NULL, 'Matemática', 'Prova oficial ENEM 2025', 'Uma pessoa pretende instalar um kit de gás natural veicular (GNV) em seu carro. Na loja que escolheu para realizar a compra e instalação desse kit, havia cinco modelos de cilindro para armazenamento do gás, cujas capacidades, em metro cúbico, eram, respectivamente: 10, 14, 17, 21 e 25. O preço do cilindro é proporcional à sua capacidade. Esse carro rodará 30 km diariamente, 7 dias por semana, e o consumo do GNV é de 1 m3 a cada 13 km rodados. A pessoa escolherá o modelo de cilindro de menor preço e que garanta apenas um abastecimento semanal.Nessas condições, qual será a capacidade, em metro cúbico, do cilindro escolhido por essa pessoa?', '[{"type":"text","content":"Uma pessoa pretende instalar um kit de gás natural veicular (GNV) em seu carro. Na loja que escolheu para realizar a compra e instalação desse kit, havia cinco modelos de cilindro para armazenamento do gás, cujas capacidades, em metro cúbico, eram, respectivamente: 10, 14, 17, 21 e 25. O preço do cilindro é proporcional à sua capacidade. Esse carro rodará 30 km diariamente, 7 dias por semana, e o consumo do GNV é de 1 m3 a cada 13 km rodados. A pessoa escolherá o modelo de cilindro de menor preço e que garanta apenas um abastecimento semanal.Nessas condições, qual será a capacidade, em metro cúbico, do cilindro escolhido por essa pessoa?"}]', NULL, 'INEP · ENEM 2025 · 2º dia · Caderno 7 azul', 'https://download.inep.gov.br/enem/provas_e_gabaritos/2025_PV_impresso_D2_CD7.pdf', NULL, 'enem/2025/dia2', 'official', 'valid', 'published', 'imported', 1);
--> statement-breakpoint
INSERT INTO `question_options` (`id`, `question_id`, `label`, `content`, `is_correct`) VALUES (20250701, 2025141, 'A', '[{"type":"text","content":"10"}]', 0);
--> statement-breakpoint
INSERT INTO `question_options` (`id`, `question_id`, `label`, `content`, `is_correct`) VALUES (20250702, 2025141, 'B', '[{"type":"text","content":"14"}]', 0);
--> statement-breakpoint
INSERT INTO `question_options` (`id`, `question_id`, `label`, `content`, `is_correct`) VALUES (20250703, 2025141, 'C', '[{"type":"text","content":"17"}]', 1);
--> statement-breakpoint
INSERT INTO `question_options` (`id`, `question_id`, `label`, `content`, `is_correct`) VALUES (20250704, 2025141, 'D', '[{"type":"text","content":"21"}]', 0);
--> statement-breakpoint
INSERT INTO `question_options` (`id`, `question_id`, `label`, `content`, `is_correct`) VALUES (20250705, 2025141, 'E', '[{"type":"text","content":"25"}]', 0);
--> statement-breakpoint
INSERT INTO `questions` (`id`, `external_id`, `year`, `exam_day`, `booklet`, `official_number`, `language`, `area`, `topic`, `statement`, `content_json`, `support_text`, `source_label`, `source_url`, `image_key`, `asset_bundle_key`, `difficulty`, `answer_status`, `status`, `review_status`, `taxonomy_version`) VALUES (2025142, 'enem-2025-d2-azul-shared-137', 2025, 2, 'azul', 137, NULL, 'Matemática', 'Prova oficial ENEM 2025', 'A reportagem de uma revista abordou o uso de redes sociais pelos internautas brasileiros. Alguns dos dados apurados pela reportagem estão apresentados no infográfico.Perfil dos brasileiros nas redes sociais Disponível em: http://revistagalileu.globo.com. Acesso em: 22 out. 2015 (adaptado).Segundo os dados do infográfico, ao se escolher aleatoriamente um internauta brasileiro no período ao qual se refere a reportagem, a probabilidade de ele ser um homem que acessa alguma rede social é', '[{"type":"text","content":"A reportagem de uma revista abordou o uso de redes sociais pelos internautas brasileiros. Alguns dos dados apurados pela reportagem estão apresentados no infográfico.Perfil dos brasileiros nas redes sociais"},{"type":"image","content":"/enem/2025/dia2/question-137.png"},{"type":"text","content":"Disponível em: http://revistagalileu.globo.com. Acesso em: 22 out. 2015 (adaptado).Segundo os dados do infográfico, ao se escolher aleatoriamente um internauta brasileiro no período ao qual se refere a reportagem, a probabilidade de ele ser um homem que acessa alguma rede social é"}]', NULL, 'INEP · ENEM 2025 · 2º dia · Caderno 7 azul', 'https://download.inep.gov.br/enem/provas_e_gabaritos/2025_PV_impresso_D2_CD7.pdf', '/enem/2025/dia2/question-137.png', 'enem/2025/dia2', 'official', 'valid', 'published', 'imported', 1);
--> statement-breakpoint
INSERT INTO `question_options` (`id`, `question_id`, `label`, `content`, `is_correct`) VALUES (20250706, 2025142, 'A', '[{"type":"text","content":"3090"}]', 0);
--> statement-breakpoint
INSERT INTO `question_options` (`id`, `question_id`, `label`, `content`, `is_correct`) VALUES (20250707, 2025142, 'B', '[{"type":"text","content":"36100"}]', 1);
--> statement-breakpoint
INSERT INTO `question_options` (`id`, `question_id`, `label`, `content`, `is_correct`) VALUES (20250708, 2025142, 'C', '[{"type":"text","content":"40100"}]', 0);
--> statement-breakpoint
INSERT INTO `question_options` (`id`, `question_id`, `label`, `content`, `is_correct`) VALUES (20250709, 2025142, 'D', '[{"type":"text","content":"4090"}]', 0);
--> statement-breakpoint
INSERT INTO `question_options` (`id`, `question_id`, `label`, `content`, `is_correct`) VALUES (20250710, 2025142, 'E', '[{"type":"text","content":"46"}]', 0);
--> statement-breakpoint
INSERT INTO `questions` (`id`, `external_id`, `year`, `exam_day`, `booklet`, `official_number`, `language`, `area`, `topic`, `statement`, `content_json`, `support_text`, `source_label`, `source_url`, `image_key`, `asset_bundle_key`, `difficulty`, `answer_status`, `status`, `review_status`, `taxonomy_version`) VALUES (2025143, 'enem-2025-d2-azul-shared-138', 2025, 2, 'azul', 138, NULL, 'Matemática', 'Prova oficial ENEM 2025', 'Em um jogo de computador, um cubo se encontra inicialmente posicionado conforme indicado na figura. Cada deslocamento efetuado por esse cubo se dá sempre em uma das direções definidas pelos três eixos coordenados. Ao se movimentar a partir da posição inicial, esse cubo se aproximou 3 unidades do plano yz, se afastou 5 unidades do plano xze se aproximou 4 unidades do plano xy.A figura que apresenta as projeções ortogonais desse cubo sobre os três planos coordenados, após efetuar as movimentações descritas, é', '[{"type":"text","content":"Em um jogo de computador, um cubo se encontra inicialmente posicionado conforme indicado na figura."},{"type":"image","content":"/enem/2025/dia2/question-138.png"},{"type":"text","content":"Cada deslocamento efetuado por esse cubo se dá sempre em uma das direções definidas pelos três eixos coordenados. Ao se movimentar a partir da posição inicial, esse cubo se aproximou 3 unidades do plano yz, se afastou 5 unidades do plano xze se aproximou 4 unidades do plano xy.A figura que apresenta as projeções ortogonais desse cubo sobre os três planos coordenados, após efetuar as movimentações descritas, é"},{"type":"image","content":"/enem/2025/dia2/question-138_1.png"},{"type":"image","content":"/enem/2025/dia2/question-138_2.png"},{"type":"image","content":"/enem/2025/dia2/question-138_3.png"},{"type":"image","content":"/enem/2025/dia2/question-138_4.png"},{"type":"image","content":"/enem/2025/dia2/question-138_5.png"}]', NULL, 'INEP · ENEM 2025 · 2º dia · Caderno 7 azul', 'https://download.inep.gov.br/enem/provas_e_gabaritos/2025_PV_impresso_D2_CD7.pdf', '/enem/2025/dia2/question-138.png', 'enem/2025/dia2', 'official', 'valid', 'published', 'imported', 1);
--> statement-breakpoint
INSERT INTO `question_options` (`id`, `question_id`, `label`, `content`, `is_correct`) VALUES (20250711, 2025143, 'A', '[]', 0);
--> statement-breakpoint
INSERT INTO `question_options` (`id`, `question_id`, `label`, `content`, `is_correct`) VALUES (20250712, 2025143, 'B', '[]', 0);
--> statement-breakpoint
INSERT INTO `question_options` (`id`, `question_id`, `label`, `content`, `is_correct`) VALUES (20250713, 2025143, 'C', '[]', 0);
--> statement-breakpoint
INSERT INTO `question_options` (`id`, `question_id`, `label`, `content`, `is_correct`) VALUES (20250714, 2025143, 'D', '[]', 0);
--> statement-breakpoint
INSERT INTO `question_options` (`id`, `question_id`, `label`, `content`, `is_correct`) VALUES (20250715, 2025143, 'E', '[{"type":"text","content":"*020325AZ17*"}]', 1);
--> statement-breakpoint
INSERT INTO `questions` (`id`, `external_id`, `year`, `exam_day`, `booklet`, `official_number`, `language`, `area`, `topic`, `statement`, `content_json`, `support_text`, `source_label`, `source_url`, `image_key`, `asset_bundle_key`, `difficulty`, `answer_status`, `status`, `review_status`, `taxonomy_version`) VALUES (2025144, 'enem-2025-d2-azul-shared-139', 2025, 2, 'azul', 139, NULL, 'Matemática', 'Prova oficial ENEM 2025', 'No entorno de uma lagoa circular, cujo raio mede 1 km, há um uma ciclovia. Devido aos frequentes roubos de bicicleta, a prefeitura planeja alocar policiais em posições estratégicas para patrulhar essa ciclovia, de forma a torná-la totalmente protegida. Um ponto da ciclovia é considerado protegido se houver pelo menos um policial a, no máximo, 200 m de distância daquele ponto, posicionado sobre a ciclovia. A figura ilustra um ponto P sobre a ciclovia, que estará protegido se houver pelo menos um policial posicionado sobre a região de cor cinza escuro.Desconsidere a largura da pista da ciclovia e utilize 3 como aproximação para p. Nessas condições, a quantidade mínima necessária de policiais a serem alocados ao longo dessa ciclovia para torná-la protegida é', '[{"type":"text","content":"No entorno de uma lagoa circular, cujo raio mede 1 km, há um uma ciclovia. Devido aos frequentes roubos de bicicleta, a prefeitura planeja alocar policiais em posições estratégicas para patrulhar essa ciclovia, de forma a torná-la totalmente protegida. Um ponto da ciclovia é considerado protegido se houver pelo menos um policial a, no máximo, 200 m de distância daquele ponto, posicionado sobre a ciclovia. A figura ilustra um ponto P sobre a ciclovia, que estará protegido se houver pelo menos um policial posicionado sobre a região de cor cinza escuro.Desconsidere a largura da pista da ciclovia e utilize 3 como aproximação para p."},{"type":"image","content":"/enem/2025/dia2/question-139.png"},{"type":"text","content":"Nessas condições, a quantidade mínima necessária de policiais a serem alocados ao longo dessa ciclovia para torná-la protegida é"}]', NULL, 'INEP · ENEM 2025 · 2º dia · Caderno 7 azul', 'https://download.inep.gov.br/enem/provas_e_gabaritos/2025_PV_impresso_D2_CD7.pdf', '/enem/2025/dia2/question-139.png', 'enem/2025/dia2', 'official', 'valid', 'published', 'imported', 1);
--> statement-breakpoint
INSERT INTO `question_options` (`id`, `question_id`, `label`, `content`, `is_correct`) VALUES (20250716, 2025144, 'A', '[{"type":"text","content":"4."}]', 0);
--> statement-breakpoint
INSERT INTO `question_options` (`id`, `question_id`, `label`, `content`, `is_correct`) VALUES (20250717, 2025144, 'B', '[{"type":"text","content":"8."}]', 0);
--> statement-breakpoint
INSERT INTO `question_options` (`id`, `question_id`, `label`, `content`, `is_correct`) VALUES (20250718, 2025144, 'C', '[{"type":"text","content":"15."}]', 1);
--> statement-breakpoint
INSERT INTO `question_options` (`id`, `question_id`, `label`, `content`, `is_correct`) VALUES (20250719, 2025144, 'D', '[{"type":"text","content":"30."}]', 0);
--> statement-breakpoint
INSERT INTO `question_options` (`id`, `question_id`, `label`, `content`, `is_correct`) VALUES (20250720, 2025144, 'E', '[{"type":"text","content":"60."}]', 0);
--> statement-breakpoint
INSERT INTO `questions` (`id`, `external_id`, `year`, `exam_day`, `booklet`, `official_number`, `language`, `area`, `topic`, `statement`, `content_json`, `support_text`, `source_label`, `source_url`, `image_key`, `asset_bundle_key`, `difficulty`, `answer_status`, `status`, `review_status`, `taxonomy_version`) VALUES (2025145, 'enem-2025-d2-azul-shared-140', 2025, 2, 'azul', 140, NULL, 'Matemática', 'Prova oficial ENEM 2025', 'Em um laboratório, um recipiente contém 10 litros de uma solução composta apenas pelas substâncias S1 e S2. Dessa solução, 99,95% é de S1. Uma quantidade de S1 será retirada dessa solução, mantendo a quantidade inicial de S2, de modo que 99,90% da nova solução seja de S1.Qual é a quantidade de S1, em litro, que será retirada?', '[{"type":"text","content":"Em um laboratório, um recipiente contém 10 litros de uma solução composta apenas pelas substâncias S1 e S2. Dessa solução, 99,95% é de S1. Uma quantidade de S1 será retirada dessa solução, mantendo a quantidade inicial de S2, de modo que 99,90% da nova solução seja de S1.Qual é a quantidade de S1, em litro, que será retirada?"}]', NULL, 'INEP · ENEM 2025 · 2º dia · Caderno 7 azul', 'https://download.inep.gov.br/enem/provas_e_gabaritos/2025_PV_impresso_D2_CD7.pdf', NULL, 'enem/2025/dia2', 'official', 'valid', 'published', 'imported', 1);
--> statement-breakpoint
INSERT INTO `question_options` (`id`, `question_id`, `label`, `content`, `is_correct`) VALUES (20250721, 2025145, 'A', '[{"type":"text","content":"0,0050"}]', 0);
--> statement-breakpoint
INSERT INTO `question_options` (`id`, `question_id`, `label`, `content`, `is_correct`) VALUES (20250722, 2025145, 'B', '[{"type":"text","content":"0,0100"}]', 0);
--> statement-breakpoint
INSERT INTO `question_options` (`id`, `question_id`, `label`, `content`, `is_correct`) VALUES (20250723, 2025145, 'C', '[{"type":"text","content":"0,5000"}]', 0);
--> statement-breakpoint
INSERT INTO `question_options` (`id`, `question_id`, `label`, `content`, `is_correct`) VALUES (20250724, 2025145, 'D', '[{"type":"text","content":"4,9775"}]', 0);
--> statement-breakpoint
INSERT INTO `question_options` (`id`, `question_id`, `label`, `content`, `is_correct`) VALUES (20250725, 2025145, 'E', '[{"type":"text","content":"5,0000"}]', 1);
--> statement-breakpoint
INSERT INTO `questions` (`id`, `external_id`, `year`, `exam_day`, `booklet`, `official_number`, `language`, `area`, `topic`, `statement`, `content_json`, `support_text`, `source_label`, `source_url`, `image_key`, `asset_bundle_key`, `difficulty`, `answer_status`, `status`, `review_status`, `taxonomy_version`) VALUES (2025146, 'enem-2025-d2-azul-shared-141', 2025, 2, 'azul', 141, NULL, 'Matemática', 'Prova oficial ENEM 2025', 'Uma distribuidora de combustível possui caminhões-tanque com capacidade de 30 000 litros cada. Em qualquer transporte realizado por esses caminhões, um mesmo volume de combustível é descartado, pois fica com muitas impurezas. Esse volume descartado independe da quantidade transportada.Um posto de combustível encomendou 10 000 litros de gasolina dessa distribuidora, que enviou 10 200 litros, considerando o volume descartado no transporte. Mesmo assim, a quantidade de gasolina entregue ao posto foi de 9 900 litros.Em um novo pedido, esse posto solicitou que fosse entregue exatamente o dobro do volume de gasolina encomendado no pedido anterior.Utilizando o mesmo caminhão da entrega anterior, qual é o volume mínimo de gasolina, em litro, que a distribuidora deverá enviar para garantir a entrega da quantidade encomendada nesse novo pedido?', '[{"type":"text","content":"Uma distribuidora de combustível possui caminhões-tanque com capacidade de 30 000 litros cada. Em qualquer transporte realizado por esses caminhões, um mesmo volume de combustível é descartado, pois fica com muitas impurezas. Esse volume descartado independe da quantidade transportada.Um posto de combustível encomendou 10 000 litros de gasolina dessa distribuidora, que enviou 10 200 litros, considerando o volume descartado no transporte. Mesmo assim, a quantidade de gasolina entregue ao posto foi de 9 900 litros.Em um novo pedido, esse posto solicitou que fosse entregue exatamente o dobro do volume de gasolina encomendado no pedido anterior.Utilizando o mesmo caminhão da entrega anterior, qual é o volume mínimo de gasolina, em litro, que a distribuidora deverá enviar para garantir a entrega da quantidade encomendada nesse novo pedido?"}]', NULL, 'INEP · ENEM 2025 · 2º dia · Caderno 7 azul', 'https://download.inep.gov.br/enem/provas_e_gabaritos/2025_PV_impresso_D2_CD7.pdf', NULL, 'enem/2025/dia2', 'official', 'valid', 'published', 'imported', 1);
--> statement-breakpoint
INSERT INTO `question_options` (`id`, `question_id`, `label`, `content`, `is_correct`) VALUES (20250726, 2025146, 'A', '[{"type":"text","content":"20 100"}]', 0);
--> statement-breakpoint
INSERT INTO `question_options` (`id`, `question_id`, `label`, `content`, `is_correct`) VALUES (20250727, 2025146, 'B', '[{"type":"text","content":"20 200"}]', 0);
--> statement-breakpoint
INSERT INTO `question_options` (`id`, `question_id`, `label`, `content`, `is_correct`) VALUES (20250728, 2025146, 'C', '[{"type":"text","content":"20 300"}]', 1);
--> statement-breakpoint
INSERT INTO `question_options` (`id`, `question_id`, `label`, `content`, `is_correct`) VALUES (20250729, 2025146, 'D', '[{"type":"text","content":"20 400"}]', 0);
--> statement-breakpoint
INSERT INTO `question_options` (`id`, `question_id`, `label`, `content`, `is_correct`) VALUES (20250730, 2025146, 'E', '[{"type":"text","content":"20 600"}]', 0);
--> statement-breakpoint
INSERT INTO `questions` (`id`, `external_id`, `year`, `exam_day`, `booklet`, `official_number`, `language`, `area`, `topic`, `statement`, `content_json`, `support_text`, `source_label`, `source_url`, `image_key`, `asset_bundle_key`, `difficulty`, `answer_status`, `status`, `review_status`, `taxonomy_version`) VALUES (2025147, 'enem-2025-d2-azul-shared-142', 2025, 2, 'azul', 142, NULL, 'Matemática', 'Prova oficial ENEM 2025', 'Uma empresa de tecnologia vai padronizar a velocidade de conexão de internet que oferece a seus clientes em dez cidades. A direção da empresa decide que seu novo padrão de velocidade de referência será a mediana dos valores das velocidades de referência de conexões nessas dez cidades. Esses valores, em megabyte por segundo (MB/s), são apresentados no quadro.CidadesVelocidade de referência (MB/s)C1390C2380C3320C4390C5340C6380C7390C8400C9350C10360A velocidade de referência, em megabyte por segundo, a ser adotada por essa empresa é', '[{"type":"text","content":"Uma empresa de tecnologia vai padronizar a velocidade de conexão de internet que oferece a seus clientes em dez cidades. A direção da empresa decide que seu novo padrão de velocidade de referência será a mediana dos valores das velocidades de referência de conexões nessas dez cidades. Esses valores, em megabyte por segundo (MB/s), são apresentados no quadro.CidadesVelocidade de referência (MB/s)C1390C2380C3320C4390C5340C6380C7390C8400C9350C10360A velocidade de referência, em megabyte por segundo, a ser adotada por essa empresa é"}]', NULL, 'INEP · ENEM 2025 · 2º dia · Caderno 7 azul', 'https://download.inep.gov.br/enem/provas_e_gabaritos/2025_PV_impresso_D2_CD7.pdf', NULL, 'enem/2025/dia2', 'official', 'valid', 'published', 'imported', 1);
--> statement-breakpoint
INSERT INTO `question_options` (`id`, `question_id`, `label`, `content`, `is_correct`) VALUES (20250731, 2025147, 'A', '[{"type":"text","content":"360."}]', 0);
--> statement-breakpoint
INSERT INTO `question_options` (`id`, `question_id`, `label`, `content`, `is_correct`) VALUES (20250732, 2025147, 'B', '[{"type":"text","content":"370."}]', 0);
--> statement-breakpoint
INSERT INTO `question_options` (`id`, `question_id`, `label`, `content`, `is_correct`) VALUES (20250733, 2025147, 'C', '[{"type":"text","content":"380."}]', 1);
--> statement-breakpoint
INSERT INTO `question_options` (`id`, `question_id`, `label`, `content`, `is_correct`) VALUES (20250734, 2025147, 'D', '[{"type":"text","content":"390."}]', 0);
--> statement-breakpoint
INSERT INTO `question_options` (`id`, `question_id`, `label`, `content`, `is_correct`) VALUES (20250735, 2025147, 'E', '[{"type":"text","content":"400."}]', 0);
--> statement-breakpoint
INSERT INTO `questions` (`id`, `external_id`, `year`, `exam_day`, `booklet`, `official_number`, `language`, `area`, `topic`, `statement`, `content_json`, `support_text`, `source_label`, `source_url`, `image_key`, `asset_bundle_key`, `difficulty`, `answer_status`, `status`, `review_status`, `taxonomy_version`) VALUES (2025148, 'enem-2025-d2-azul-shared-143', 2025, 2, 'azul', 143, NULL, 'Matemática', 'Prova oficial ENEM 2025', 'Na cantina de uma escola, há cinco alimentos vendidos em pacotes com diferentes quantidades de porções.As informações nutricionais contidas nos rótulos desses produtos estão indicadas nas imagens. Uma estudante opta sempre pelo alimento com a menor quantidade total de sódio por pacote.Qual desses produtos deve ser o escolhido pela estudante?', '[{"type":"text","content":"Na cantina de uma escola, há cinco alimentos vendidos em pacotes com diferentes quantidades de porções.As informações nutricionais contidas nos rótulos desses produtos estão indicadas nas imagens."},{"type":"image","content":"/enem/2025/dia2/question-143.png"},{"type":"text","content":"Uma estudante opta sempre pelo alimento com a menor quantidade total de sódio por pacote.Qual desses produtos deve ser o escolhido pela estudante?"}]', NULL, 'INEP · ENEM 2025 · 2º dia · Caderno 7 azul', 'https://download.inep.gov.br/enem/provas_e_gabaritos/2025_PV_impresso_D2_CD7.pdf', '/enem/2025/dia2/question-143.png', 'enem/2025/dia2', 'official', 'valid', 'published', 'imported', 1);
--> statement-breakpoint
INSERT INTO `question_options` (`id`, `question_id`, `label`, `content`, `is_correct`) VALUES (20250736, 2025148, 'A', '[{"type":"text","content":"Batata chips."}]', 1);
--> statement-breakpoint
INSERT INTO `question_options` (`id`, `question_id`, `label`, `content`, `is_correct`) VALUES (20250737, 2025148, 'B', '[{"type":"text","content":"Palitos salgados."}]', 0);
--> statement-breakpoint
INSERT INTO `question_options` (`id`, `question_id`, `label`, `content`, `is_correct`) VALUES (20250738, 2025148, 'C', '[{"type":"text","content":"Biscoito multigrãos."}]', 0);
--> statement-breakpoint
INSERT INTO `question_options` (`id`, `question_id`, `label`, `content`, `is_correct`) VALUES (20250739, 2025148, 'D', '[{"type":"text","content":"Biscoito de polvilho."}]', 0);
--> statement-breakpoint
INSERT INTO `question_options` (`id`, `question_id`, `label`, `content`, `is_correct`) VALUES (20250740, 2025148, 'E', '[{"type":"text","content":"Biscoito de água e sal."}]', 0);
--> statement-breakpoint
INSERT INTO `questions` (`id`, `external_id`, `year`, `exam_day`, `booklet`, `official_number`, `language`, `area`, `topic`, `statement`, `content_json`, `support_text`, `source_label`, `source_url`, `image_key`, `asset_bundle_key`, `difficulty`, `answer_status`, `status`, `review_status`, `taxonomy_version`) VALUES (2025149, 'enem-2025-d2-azul-shared-144', 2025, 2, 'azul', 144, NULL, 'Matemática', 'Prova oficial ENEM 2025', 'Uma fábrica utilizou uma impressora 3D para produzir o protótipo de uma peça. O protótipo tem forma de um poliedro convexo, obtido pela justaposição de dois sólidos distintos, um com a forma de um prisma hexagonal regular reto e o outro com a forma de um tronco de pirâmide hexagonal reta. A base maior do tronco de pirâmide coincide com uma das bases do prisma.Após a impressão do protótipo, ele foi encaminhado ao setor de customização para realização da pintura de sua superfície. O critério definido para realização da pintura considera que faces congruentes entre si devem ser pintadas com uma mesma cor, e faces não congruentes entre si devem apresentar cores distintas.Qual é a quantidade de cores utilizadas para pintar o protótipo?', '[{"type":"text","content":"Uma fábrica utilizou uma impressora 3D para produzir o protótipo de uma peça. O protótipo tem forma de um poliedro convexo, obtido pela justaposição de dois sólidos distintos, um com a forma de um prisma hexagonal regular reto e o outro com a forma de um tronco de pirâmide hexagonal reta. A base maior do tronco de pirâmide coincide com uma das bases do prisma.Após a impressão do protótipo, ele foi encaminhado ao setor de customização para realização da pintura de sua superfície. O critério definido para realização da pintura considera que faces congruentes entre si devem ser pintadas com uma mesma cor, e faces não congruentes entre si devem apresentar cores distintas.Qual é a quantidade de cores utilizadas para pintar o protótipo?"}]', NULL, 'INEP · ENEM 2025 · 2º dia · Caderno 7 azul', 'https://download.inep.gov.br/enem/provas_e_gabaritos/2025_PV_impresso_D2_CD7.pdf', NULL, 'enem/2025/dia2', 'official', 'valid', 'published', 'imported', 1);
--> statement-breakpoint
INSERT INTO `question_options` (`id`, `question_id`, `label`, `content`, `is_correct`) VALUES (20250741, 2025149, 'A', '[{"type":"text","content":"9"}]', 0);
--> statement-breakpoint
INSERT INTO `question_options` (`id`, `question_id`, `label`, `content`, `is_correct`) VALUES (20250742, 2025149, 'B', '[{"type":"text","content":"8"}]', 0);
--> statement-breakpoint
INSERT INTO `question_options` (`id`, `question_id`, `label`, `content`, `is_correct`) VALUES (20250743, 2025149, 'C', '[{"type":"text","content":"6"}]', 0);
--> statement-breakpoint
INSERT INTO `question_options` (`id`, `question_id`, `label`, `content`, `is_correct`) VALUES (20250744, 2025149, 'D', '[{"type":"text","content":"4"}]', 1);
--> statement-breakpoint
INSERT INTO `question_options` (`id`, `question_id`, `label`, `content`, `is_correct`) VALUES (20250745, 2025149, 'E', '[{"type":"text","content":"3"}]', 0);
--> statement-breakpoint
INSERT INTO `questions` (`id`, `external_id`, `year`, `exam_day`, `booklet`, `official_number`, `language`, `area`, `topic`, `statement`, `content_json`, `support_text`, `source_label`, `source_url`, `image_key`, `asset_bundle_key`, `difficulty`, `answer_status`, `status`, `review_status`, `taxonomy_version`) VALUES (2025150, 'enem-2025-d2-azul-shared-145', 2025, 2, 'azul', 145, NULL, 'Matemática', 'Prova oficial ENEM 2025', 'Pesquisas na área de neurobiologia confirmam que a prática meditativa é responsável por diminuir consideravelmente a frequência respiratória para praticantes avançados, que, após iniciarem a meditação, têm suas frequências respiratórias reduzidas até se estabilizarem em um nível mais baixo. O gráfico apresenta a relação da frequência respiratória, em incursões de respirações por minuto (rpm), em relação ao tempo, em minuto, de um praticante avançado, em que (f1) representa a frequência no instante t1, no qual se inicia a prática meditativa; e (f2), a frequência no instante t2, a partir do qual esta se estabiliza durante a meditação. Disponível em: www.redepsi.com.br. Acesso em: 3 dez. 2018 (adaptado).A partir do instante t1, em que se inicia a prática meditativa, o comportamento da frequência respiratória, em relação ao tempo,', '[{"type":"text","content":"Pesquisas na área de neurobiologia confirmam que a prática meditativa é responsável por diminuir consideravelmente a frequência respiratória para praticantes avançados, que, após iniciarem a meditação, têm suas frequências respiratórias reduzidas até se estabilizarem em um nível mais baixo. O gráfico apresenta a relação da frequência respiratória, em incursões de respirações por minuto (rpm), em relação ao tempo, em minuto, de um praticante avançado, em que (f1) representa a frequência no instante t1, no qual se inicia a prática meditativa; e (f2), a frequência no instante t2, a partir do qual esta se estabiliza durante a meditação."},{"type":"image","content":"/enem/2025/dia2/question-145.png"},{"type":"text","content":"Disponível em: www.redepsi.com.br. Acesso em: 3 dez. 2018 (adaptado).A partir do instante t1, em que se inicia a prática meditativa, o comportamento da frequência respiratória, em relação ao tempo,"}]', NULL, 'INEP · ENEM 2025 · 2º dia · Caderno 7 azul', 'https://download.inep.gov.br/enem/provas_e_gabaritos/2025_PV_impresso_D2_CD7.pdf', '/enem/2025/dia2/question-145.png', 'enem/2025/dia2', 'official', 'valid', 'published', 'imported', 1);
--> statement-breakpoint
INSERT INTO `question_options` (`id`, `question_id`, `label`, `content`, `is_correct`) VALUES (20250746, 2025150, 'A', '[{"type":"text","content":"mantém-se constante."}]', 0);
--> statement-breakpoint
INSERT INTO `question_options` (`id`, `question_id`, `label`, `content`, `is_correct`) VALUES (20250747, 2025150, 'B', '[{"type":"text","content":"é diretamente proporcional ao tempo."}]', 0);
--> statement-breakpoint
INSERT INTO `question_options` (`id`, `question_id`, `label`, `content`, `is_correct`) VALUES (20250748, 2025150, 'C', '[{"type":"text","content":"é inversamente proporcional ao tempo."}]', 0);
--> statement-breakpoint
INSERT INTO `question_options` (`id`, `question_id`, `label`, `content`, `is_correct`) VALUES (20250749, 2025150, 'D', '[{"type":"text","content":"diminui até o instante t2, apartir do qual se torna constante."}]', 1);
--> statement-breakpoint
INSERT INTO `question_options` (`id`, `question_id`, `label`, `content`, `is_correct`) VALUES (20250750, 2025150, 'E', '[{"type":"text","content":"diminui de forma proporcional ao tempo, tanto entre t"}]', 0);
--> statement-breakpoint
INSERT INTO `questions` (`id`, `external_id`, `year`, `exam_day`, `booklet`, `official_number`, `language`, `area`, `topic`, `statement`, `content_json`, `support_text`, `source_label`, `source_url`, `image_key`, `asset_bundle_key`, `difficulty`, `answer_status`, `status`, `review_status`, `taxonomy_version`) VALUES (2025151, 'enem-2025-d2-azul-shared-146', 2025, 2, 'azul', 146, NULL, 'Matemática', 'Prova oficial ENEM 2025', 'No atletismo, um grande desafio da prova de 100 metros rasos é a sua conclusão num tempo abaixo da marca de referência dos 10,00 segundos. Vários atletas já alcançaram esse feito. Em 2009, o jamaicano Usain Bolt estabeleceu o recorde mundial masculino dessa prova, com o tempo de 9,58 segundos.Qual é a diferença, em segundo, entre a marca de referência e a marca estabelecida por Usain Bolt em 2009?', '[{"type":"text","content":"No atletismo, um grande desafio da prova de 100 metros rasos é a sua conclusão num tempo abaixo da marca de referência dos 10,00 segundos. Vários atletas já alcançaram esse feito. Em 2009, o jamaicano Usain Bolt estabeleceu o recorde mundial masculino dessa prova, com o tempo de 9,58 segundos.Qual é a diferença, em segundo, entre a marca de referência e a marca estabelecida por Usain Bolt em 2009?"}]', NULL, 'INEP · ENEM 2025 · 2º dia · Caderno 7 azul', 'https://download.inep.gov.br/enem/provas_e_gabaritos/2025_PV_impresso_D2_CD7.pdf', NULL, 'enem/2025/dia2', 'official', 'valid', 'published', 'imported', 1);
--> statement-breakpoint
INSERT INTO `question_options` (`id`, `question_id`, `label`, `content`, `is_correct`) VALUES (20250751, 2025151, 'A', '[{"type":"text","content":"0,02"}]', 0);
--> statement-breakpoint
INSERT INTO `question_options` (`id`, `question_id`, `label`, `content`, `is_correct`) VALUES (20250752, 2025151, 'B', '[{"type":"text","content":"0,42"}]', 1);
--> statement-breakpoint
INSERT INTO `question_options` (`id`, `question_id`, `label`, `content`, `is_correct`) VALUES (20250753, 2025151, 'C', '[{"type":"text","content":"0,52"}]', 0);
--> statement-breakpoint
INSERT INTO `question_options` (`id`, `question_id`, `label`, `content`, `is_correct`) VALUES (20250754, 2025151, 'D', '[{"type":"text","content":"1,02"}]', 0);
--> statement-breakpoint
INSERT INTO `question_options` (`id`, `question_id`, `label`, `content`, `is_correct`) VALUES (20250755, 2025151, 'E', '[{"type":"text","content":"1,42"}]', 0);
--> statement-breakpoint
INSERT INTO `questions` (`id`, `external_id`, `year`, `exam_day`, `booklet`, `official_number`, `language`, `area`, `topic`, `statement`, `content_json`, `support_text`, `source_label`, `source_url`, `image_key`, `asset_bundle_key`, `difficulty`, `answer_status`, `status`, `review_status`, `taxonomy_version`) VALUES (2025152, 'enem-2025-d2-azul-shared-147', 2025, 2, 'azul', 147, NULL, 'Matemática', 'Prova oficial ENEM 2025', 'Uma escola de idiomas oferece cursos de inglês, espanhol, francês e alemão. Os gráficos apresentam a distribuição percentual das matrículas, por idioma, em 2023, e a distribuição da quantidade de matrículas, por idioma, em 2024. Para planejar as atividades de 2025, o gerente da escola estimou que o total de matrículas será o mesmo de 2024, e a distribuição percentual das matrículas, por idioma, será igual à registrada em 2023.Segundo essa estimativa, o número de matrículas no curso de francês para o ano de 2025 será', '[{"type":"text","content":"Uma escola de idiomas oferece cursos de inglês, espanhol, francês e alemão. Os gráficos apresentam a distribuição percentual das matrículas, por idioma, em 2023, e a distribuição da quantidade de matrículas, por idioma, em 2024."},{"type":"image","content":"/enem/2025/dia2/question-147.png"},{"type":"text","content":"Para planejar as atividades de 2025, o gerente da escola estimou que o total de matrículas será o mesmo de 2024, e a distribuição percentual das matrículas, por idioma, será igual à registrada em 2023.Segundo essa estimativa, o número de matrículas no curso de francês para o ano de 2025 será"}]', NULL, 'INEP · ENEM 2025 · 2º dia · Caderno 7 azul', 'https://download.inep.gov.br/enem/provas_e_gabaritos/2025_PV_impresso_D2_CD7.pdf', '/enem/2025/dia2/question-147.png', 'enem/2025/dia2', 'official', 'valid', 'published', 'imported', 1);
--> statement-breakpoint
INSERT INTO `question_options` (`id`, `question_id`, `label`, `content`, `is_correct`) VALUES (20250756, 2025152, 'A', '[{"type":"text","content":"2."}]', 0);
--> statement-breakpoint
INSERT INTO `question_options` (`id`, `question_id`, `label`, `content`, `is_correct`) VALUES (20250757, 2025152, 'B', '[{"type":"text","content":"12."}]', 0);
--> statement-breakpoint
INSERT INTO `question_options` (`id`, `question_id`, `label`, `content`, `is_correct`) VALUES (20250758, 2025152, 'C', '[{"type":"text","content":"20."}]', 0);
--> statement-breakpoint
INSERT INTO `question_options` (`id`, `question_id`, `label`, `content`, `is_correct`) VALUES (20250759, 2025152, 'D', '[{"type":"text","content":"22."}]', 0);
--> statement-breakpoint
INSERT INTO `question_options` (`id`, `question_id`, `label`, `content`, `is_correct`) VALUES (20250760, 2025152, 'E', '[{"type":"text","content":"40."}]', 1);
--> statement-breakpoint
INSERT INTO `questions` (`id`, `external_id`, `year`, `exam_day`, `booklet`, `official_number`, `language`, `area`, `topic`, `statement`, `content_json`, `support_text`, `source_label`, `source_url`, `image_key`, `asset_bundle_key`, `difficulty`, `answer_status`, `status`, `review_status`, `taxonomy_version`) VALUES (2025153, 'enem-2025-d2-azul-shared-148', 2025, 2, 'azul', 148, NULL, 'Matemática', 'Prova oficial ENEM 2025', 'O controle remoto de um carrinho de brinquedo vem equipado com uma tela que ajusta automaticamente a escala empregada na exibição de cada deslocamento. A tela apresenta a imagem do deslocamento, a escala utilizada na geração dessa imagem e o comprimento desse deslocamento, em centímetro, em conformidade com a escala empregada. As figuras representam a tela do controle remoto exibindo os dados de cinco deslocamentos realizados por esse carrinho. A opção que indica o deslocamento de maior comprimento realizado pelo carrinho de brinquedo é', '[{"type":"text","content":"O controle remoto de um carrinho de brinquedo vem equipado com uma tela que ajusta automaticamente a escala empregada na exibição de cada deslocamento. A tela apresenta a imagem do deslocamento, a escala utilizada na geração dessa imagem e o comprimento desse deslocamento, em centímetro, em conformidade com a escala empregada. As figuras representam a tela do controle remoto exibindo os dados de cinco deslocamentos realizados por esse carrinho."},{"type":"image","content":"/enem/2025/dia2/question-148.png"},{"type":"text","content":"A opção que indica o deslocamento de maior comprimento realizado pelo carrinho de brinquedo é"}]', NULL, 'INEP · ENEM 2025 · 2º dia · Caderno 7 azul', 'https://download.inep.gov.br/enem/provas_e_gabaritos/2025_PV_impresso_D2_CD7.pdf', '/enem/2025/dia2/question-148.png', 'enem/2025/dia2', 'official', 'valid', 'published', 'imported', 1);
--> statement-breakpoint
INSERT INTO `question_options` (`id`, `question_id`, `label`, `content`, `is_correct`) VALUES (20250761, 2025153, 'A', '[{"type":"text","content":"I."}]', 0);
--> statement-breakpoint
INSERT INTO `question_options` (`id`, `question_id`, `label`, `content`, `is_correct`) VALUES (20250762, 2025153, 'B', '[{"type":"text","content":"II."}]', 0);
--> statement-breakpoint
INSERT INTO `question_options` (`id`, `question_id`, `label`, `content`, `is_correct`) VALUES (20250763, 2025153, 'C', '[{"type":"text","content":"III."}]', 1);
--> statement-breakpoint
INSERT INTO `question_options` (`id`, `question_id`, `label`, `content`, `is_correct`) VALUES (20250764, 2025153, 'D', '[{"type":"text","content":"IV."}]', 0);
--> statement-breakpoint
INSERT INTO `question_options` (`id`, `question_id`, `label`, `content`, `is_correct`) VALUES (20250765, 2025153, 'E', '[{"type":"text","content":"V."}]', 0);
--> statement-breakpoint
INSERT INTO `questions` (`id`, `external_id`, `year`, `exam_day`, `booklet`, `official_number`, `language`, `area`, `topic`, `statement`, `content_json`, `support_text`, `source_label`, `source_url`, `image_key`, `asset_bundle_key`, `difficulty`, `answer_status`, `status`, `review_status`, `taxonomy_version`) VALUES (2025154, 'enem-2025-d2-azul-shared-149', 2025, 2, 'azul', 149, NULL, 'Matemática', 'Prova oficial ENEM 2025', 'A cúpula pentagonal giralongada é um poliedro de Johnson, cujas faces são polígonos regulares, mas que não é um poliedro de Platão, de Arquimedes, prisma ou antiprisma.As figuras apresentam esse poliedro em duas posições e uma de suas planificações. Quantos vértices tem esse poliedro?', '[{"type":"text","content":"A cúpula pentagonal giralongada é um poliedro de Johnson, cujas faces são polígonos regulares, mas que não é um poliedro de Platão, de Arquimedes, prisma ou antiprisma.As figuras apresentam esse poliedro em duas posições e uma de suas planificações."},{"type":"image","content":"/enem/2025/dia2/question-149.png"},{"type":"image","content":"/enem/2025/dia2/question-149_1.png"},{"type":"text","content":"Quantos vértices tem esse poliedro?"}]', NULL, 'INEP · ENEM 2025 · 2º dia · Caderno 7 azul', 'https://download.inep.gov.br/enem/provas_e_gabaritos/2025_PV_impresso_D2_CD7.pdf', '/enem/2025/dia2/question-149.png', 'enem/2025/dia2', 'official', 'valid', 'published', 'imported', 1);
--> statement-breakpoint
INSERT INTO `question_options` (`id`, `question_id`, `label`, `content`, `is_correct`) VALUES (20250766, 2025154, 'A', '[{"type":"text","content":"21"}]', 0);
--> statement-breakpoint
INSERT INTO `question_options` (`id`, `question_id`, `label`, `content`, `is_correct`) VALUES (20250767, 2025154, 'B', '[{"type":"text","content":"25"}]', 1);
--> statement-breakpoint
INSERT INTO `question_options` (`id`, `question_id`, `label`, `content`, `is_correct`) VALUES (20250768, 2025154, 'C', '[{"type":"text","content":"55"}]', 0);
--> statement-breakpoint
INSERT INTO `question_options` (`id`, `question_id`, `label`, `content`, `is_correct`) VALUES (20250769, 2025154, 'D', '[{"type":"text","content":"80"}]', 0);
--> statement-breakpoint
INSERT INTO `question_options` (`id`, `question_id`, `label`, `content`, `is_correct`) VALUES (20250770, 2025154, 'E', '[{"type":"text","content":"110"}]', 0);
--> statement-breakpoint
INSERT INTO `questions` (`id`, `external_id`, `year`, `exam_day`, `booklet`, `official_number`, `language`, `area`, `topic`, `statement`, `content_json`, `support_text`, `source_label`, `source_url`, `image_key`, `asset_bundle_key`, `difficulty`, `answer_status`, `status`, `review_status`, `taxonomy_version`) VALUES (2025155, 'enem-2025-d2-azul-shared-150', 2025, 2, 'azul', 150, NULL, 'Matemática', 'Prova oficial ENEM 2025', 'Uma fábrica de tijolos ecológicos com 3 funcionários, cada um trabalhando 6 horas diárias, produz 720 unidades por dia. Para atender ao crescimento da demanda por esse tipo de tijolo, essa fábrica passou a ter 5 funcionários, cada um trabalhando 9 horas por dia, aumentando, assim, sua capacidade de produção. Todos os funcionários produzem igual quantidade de tijolos a cada hora, independentemente de trabalharem 6 ou 9 horas diárias.O número de tijolos fabricados diariamente após o aumento da capacidade de produção é', '[{"type":"text","content":"Uma fábrica de tijolos ecológicos com 3 funcionários, cada um trabalhando 6 horas diárias, produz 720 unidades por dia. Para atender ao crescimento da demanda por esse tipo de tijolo, essa fábrica passou a ter 5 funcionários, cada um trabalhando 9 horas por dia, aumentando, assim, sua capacidade de produção. Todos os funcionários produzem igual quantidade de tijolos a cada hora, independentemente de trabalharem 6 ou 9 horas diárias.O número de tijolos fabricados diariamente após o aumento da capacidade de produção é"}]', NULL, 'INEP · ENEM 2025 · 2º dia · Caderno 7 azul', 'https://download.inep.gov.br/enem/provas_e_gabaritos/2025_PV_impresso_D2_CD7.pdf', NULL, 'enem/2025/dia2', 'official', 'valid', 'published', 'imported', 1);
--> statement-breakpoint
INSERT INTO `question_options` (`id`, `question_id`, `label`, `content`, `is_correct`) VALUES (20250771, 2025155, 'A', '[{"type":"text","content":"800."}]', 0);
--> statement-breakpoint
INSERT INTO `question_options` (`id`, `question_id`, `label`, `content`, `is_correct`) VALUES (20250772, 2025155, 'B', '[{"type":"text","content":"1 080."}]', 0);
--> statement-breakpoint
INSERT INTO `question_options` (`id`, `question_id`, `label`, `content`, `is_correct`) VALUES (20250773, 2025155, 'C', '[{"type":"text","content":"1 200."}]', 0);
--> statement-breakpoint
INSERT INTO `question_options` (`id`, `question_id`, `label`, `content`, `is_correct`) VALUES (20250774, 2025155, 'D', '[{"type":"text","content":"1 800."}]', 1);
--> statement-breakpoint
INSERT INTO `question_options` (`id`, `question_id`, `label`, `content`, `is_correct`) VALUES (20250775, 2025155, 'E', '[{"type":"text","content":"2 520."}]', 0);
--> statement-breakpoint
INSERT INTO `questions` (`id`, `external_id`, `year`, `exam_day`, `booklet`, `official_number`, `language`, `area`, `topic`, `statement`, `content_json`, `support_text`, `source_label`, `source_url`, `image_key`, `asset_bundle_key`, `difficulty`, `answer_status`, `status`, `review_status`, `taxonomy_version`) VALUES (2025156, 'enem-2025-d2-azul-shared-151', 2025, 2, 'azul', 151, NULL, 'Matemática', 'Prova oficial ENEM 2025', 'Para acompanhar o fluxo de visitantes em seu prédio, uma empresa estabeleceu um código de identificação para a visitação. De acordo com a regra estabelecida, cada visitante será identificado com um código sequencial numérico com 7 dígitos, determinado, da esquerda para a direita, da seguinte forma:• o primeiro dígito indica o andar ao qual o visitante se dirige, que é um número de 1 a 4;• os dois próximos dígitos correspondem ao número do setor da empresa ao qual o visitante se destina. Esse número varia de 01 a 20;• os três dígitos seguintes correspondem ao número do funcionário da empresa com quem o visitante irá se reunir. Esse número varia de 001 a 135;• o último dígito indica se o visitante chegou à empresa pela manhã, dígito 0, ou à tarde, dígito 1.Um visitante chegou à empresa às 10 horas da manhã para se reunir com o funcionário identificado pelo número 109, que trabalha no setor 08 da empresa, localizado no 2º andar.O código de identificação desse visitante é', '[{"type":"text","content":"Para acompanhar o fluxo de visitantes em seu prédio, uma empresa estabeleceu um código de identificação para a visitação. De acordo com a regra estabelecida, cada visitante será identificado com um código sequencial numérico com 7 dígitos, determinado, da esquerda para a direita, da seguinte forma:• o primeiro dígito indica o andar ao qual o visitante se dirige, que é um número de 1 a 4;• os dois próximos dígitos correspondem ao número do setor da empresa ao qual o visitante se destina. Esse número varia de 01 a 20;• os três dígitos seguintes correspondem ao número do funcionário da empresa com quem o visitante irá se reunir. Esse número varia de 001 a 135;• o último dígito indica se o visitante chegou à empresa pela manhã, dígito 0, ou à tarde, dígito 1.Um visitante chegou à empresa às 10 horas da manhã para se reunir com o funcionário identificado pelo número 109, que trabalha no setor 08 da empresa, localizado no 2º andar.O código de identificação desse visitante é"}]', NULL, 'INEP · ENEM 2025 · 2º dia · Caderno 7 azul', 'https://download.inep.gov.br/enem/provas_e_gabaritos/2025_PV_impresso_D2_CD7.pdf', NULL, 'enem/2025/dia2', 'official', 'valid', 'published', 'imported', 1);
--> statement-breakpoint
INSERT INTO `question_options` (`id`, `question_id`, `label`, `content`, `is_correct`) VALUES (20250776, 2025156, 'A', '[{"type":"text","content":"0109082."}]', 0);
--> statement-breakpoint
INSERT INTO `question_options` (`id`, `question_id`, `label`, `content`, `is_correct`) VALUES (20250777, 2025156, 'B', '[{"type":"text","content":"0281090."}]', 0);
--> statement-breakpoint
INSERT INTO `question_options` (`id`, `question_id`, `label`, `content`, `is_correct`) VALUES (20250778, 2025156, 'C', '[{"type":"text","content":"1010982."}]', 0);
--> statement-breakpoint
INSERT INTO `question_options` (`id`, `question_id`, `label`, `content`, `is_correct`) VALUES (20250779, 2025156, 'D', '[{"type":"text","content":"2081090."}]', 1);
--> statement-breakpoint
INSERT INTO `question_options` (`id`, `question_id`, `label`, `content`, `is_correct`) VALUES (20250780, 2025156, 'E', '[{"type":"text","content":"2810910."}]', 0);
--> statement-breakpoint
INSERT INTO `questions` (`id`, `external_id`, `year`, `exam_day`, `booklet`, `official_number`, `language`, `area`, `topic`, `statement`, `content_json`, `support_text`, `source_label`, `source_url`, `image_key`, `asset_bundle_key`, `difficulty`, `answer_status`, `status`, `review_status`, `taxonomy_version`) VALUES (2025157, 'enem-2025-d2-azul-shared-152', 2025, 2, 'azul', 152, NULL, 'Matemática', 'Prova oficial ENEM 2025', 'Quatro candidatos se apresentaram para realizar a prova de um concurso. Antes de iniciar a prova, os celulares dos quatro candidatos foram recolhidos pelo aplicador, que os guardou, cada um, dentro de um envelope preto. Ao término da prova, o aplicador devolveu os quatro envelopes com os celulares aos quatro candidatos, de maneira aleatória, já que não havia feito a identificação dos envelopes.A probabilidade de que todos os candidatos tenham recebido de volta os envelopes com os seus respectivos celulares é', '[{"type":"text","content":"Quatro candidatos se apresentaram para realizar a prova de um concurso. Antes de iniciar a prova, os celulares dos quatro candidatos foram recolhidos pelo aplicador, que os guardou, cada um, dentro de um envelope preto. Ao término da prova, o aplicador devolveu os quatro envelopes com os celulares aos quatro candidatos, de maneira aleatória, já que não havia feito a identificação dos envelopes.A probabilidade de que todos os candidatos tenham recebido de volta os envelopes com os seus respectivos celulares é"}]', NULL, 'INEP · ENEM 2025 · 2º dia · Caderno 7 azul', 'https://download.inep.gov.br/enem/provas_e_gabaritos/2025_PV_impresso_D2_CD7.pdf', NULL, 'enem/2025/dia2', 'official', 'valid', 'published', 'imported', 1);
--> statement-breakpoint
INSERT INTO `question_options` (`id`, `question_id`, `label`, `content`, `is_correct`) VALUES (20250781, 2025157, 'A', '[{"type":"text","content":"12"}]', 0);
--> statement-breakpoint
INSERT INTO `question_options` (`id`, `question_id`, `label`, `content`, `is_correct`) VALUES (20250782, 2025157, 'B', '[{"type":"text","content":"110"}]', 0);
--> statement-breakpoint
INSERT INTO `question_options` (`id`, `question_id`, `label`, `content`, `is_correct`) VALUES (20250783, 2025157, 'C', '[{"type":"text","content":"116"}]', 0);
--> statement-breakpoint
INSERT INTO `question_options` (`id`, `question_id`, `label`, `content`, `is_correct`) VALUES (20250784, 2025157, 'D', '[{"type":"text","content":"124"}]', 1);
--> statement-breakpoint
INSERT INTO `question_options` (`id`, `question_id`, `label`, `content`, `is_correct`) VALUES (20250785, 2025157, 'E', '[{"type":"text","content":"1"}]', 0);
--> statement-breakpoint
INSERT INTO `questions` (`id`, `external_id`, `year`, `exam_day`, `booklet`, `official_number`, `language`, `area`, `topic`, `statement`, `content_json`, `support_text`, `source_label`, `source_url`, `image_key`, `asset_bundle_key`, `difficulty`, `answer_status`, `status`, `review_status`, `taxonomy_version`) VALUES (2025158, 'enem-2025-d2-azul-shared-153', 2025, 2, 'azul', 153, NULL, 'Matemática', 'Prova oficial ENEM 2025', 'Em um jogo digital, há três personagens: um herói e dois vilões. A programação é feita de tal forma que o herói sempre será atacado pelo vilão que estiver mais próximo dele. Uma das maneiras de “confundir” os vilões é movimentar o herói por trajetórias que o mantenha equidistante dos vilões, gerando indefinição entre eles e, com isso, não sendo atacado.Para a programação de uma das etapas desse jogo, o programador considerou, no plano cartesiano, o quadrado STUV como a região de movimentação dos personagens, onde V e T representam as posições fixas dos vilões, e S, a posição inicial do herói, como apresentado na figura. Qual é a equação da trajetória em que o herói poderá se movimentar sem ser atacado?', '[{"type":"text","content":"Em um jogo digital, há três personagens: um herói e dois vilões. A programação é feita de tal forma que o herói sempre será atacado pelo vilão que estiver mais próximo dele. Uma das maneiras de “confundir” os vilões é movimentar o herói por trajetórias que o mantenha equidistante dos vilões, gerando indefinição entre eles e, com isso, não sendo atacado.Para a programação de uma das etapas desse jogo, o programador considerou, no plano cartesiano, o quadrado STUV como a região de movimentação dos personagens, onde V e T representam as posições fixas dos vilões, e S, a posição inicial do herói, como apresentado na figura."},{"type":"image","content":"/enem/2025/dia2/question-153.png"},{"type":"text","content":"Qual é a equação da trajetória em que o herói poderá se movimentar sem ser atacado?"}]', NULL, 'INEP · ENEM 2025 · 2º dia · Caderno 7 azul', 'https://download.inep.gov.br/enem/provas_e_gabaritos/2025_PV_impresso_D2_CD7.pdf', '/enem/2025/dia2/question-153.png', 'enem/2025/dia2', 'official', 'valid', 'published', 'imported', 1);
--> statement-breakpoint
INSERT INTO `question_options` (`id`, `question_id`, `label`, `content`, `is_correct`) VALUES (20250786, 2025158, 'A', '[{"type":"text","content":"y=−3x+ 20"}]', 1);
--> statement-breakpoint
INSERT INTO `question_options` (`id`, `question_id`, `label`, `content`, `is_correct`) VALUES (20250787, 2025158, 'B', '[{"type":"text","content":"y=−3x+ 16"}]', 0);
--> statement-breakpoint
INSERT INTO `question_options` (`id`, `question_id`, `label`, `content`, `is_correct`) VALUES (20250788, 2025158, 'C', '[{"type":"text","content":"y=−3x− 20"}]', 0);
--> statement-breakpoint
INSERT INTO `question_options` (`id`, `question_id`, `label`, `content`, `is_correct`) VALUES (20250789, 2025158, 'D', '[{"type":"text","content":"y= 3x+ 16"}]', 0);
--> statement-breakpoint
INSERT INTO `question_options` (`id`, `question_id`, `label`, `content`, `is_correct`) VALUES (20250790, 2025158, 'E', '[{"type":"text","content":"y"}]', 0);
--> statement-breakpoint
INSERT INTO `questions` (`id`, `external_id`, `year`, `exam_day`, `booklet`, `official_number`, `language`, `area`, `topic`, `statement`, `content_json`, `support_text`, `source_label`, `source_url`, `image_key`, `asset_bundle_key`, `difficulty`, `answer_status`, `status`, `review_status`, `taxonomy_version`) VALUES (2025159, 'enem-2025-d2-azul-shared-154', 2025, 2, 'azul', 154, NULL, 'Matemática', 'Prova oficial ENEM 2025', 'Uma livraria comercializa livros dos seguintes gêneros literários: ficção científica, autoajuda, romance e biografia. O gráfico apresenta o estoque dos livros que essa livraria tem, por gênero literário e por nacionalidade do autor, bem como a demanda por gênero literário, obtida por meio de uma enquete feita com seus clientes habituais.Estoque e demanda por livros O gerente da livraria fará a encomenda de novos exemplares somente do gênero cuja quantidade em estoque seja insuficiente para atender a demanda constatada pela enquete.O gênero de livro do qual o gerente deverá encomendar mais exemplares é', '[{"type":"text","content":"Uma livraria comercializa livros dos seguintes gêneros literários: ficção científica, autoajuda, romance e biografia. O gráfico apresenta o estoque dos livros que essa livraria tem, por gênero literário e por nacionalidade do autor, bem como a demanda por gênero literário, obtida por meio de uma enquete feita com seus clientes habituais.Estoque e demanda por livros"},{"type":"image","content":"/enem/2025/dia2/question-154.png"},{"type":"text","content":"O gerente da livraria fará a encomenda de novos exemplares somente do gênero cuja quantidade em estoque seja insuficiente para atender a demanda constatada pela enquete.O gênero de livro do qual o gerente deverá encomendar mais exemplares é"}]', NULL, 'INEP · ENEM 2025 · 2º dia · Caderno 7 azul', 'https://download.inep.gov.br/enem/provas_e_gabaritos/2025_PV_impresso_D2_CD7.pdf', '/enem/2025/dia2/question-154.png', 'enem/2025/dia2', 'official', 'valid', 'published', 'imported', 1);
--> statement-breakpoint
INSERT INTO `question_options` (`id`, `question_id`, `label`, `content`, `is_correct`) VALUES (20250791, 2025159, 'A', '[{"type":"text","content":"ficção, pois é o que apresenta maior demanda."}]', 0);
--> statement-breakpoint
INSERT INTO `question_options` (`id`, `question_id`, `label`, `content`, `is_correct`) VALUES (20250792, 2025159, 'B', '[{"type":"text","content":"biografia, pois é o gênero que tem a menor demanda."}]', 0);
--> statement-breakpoint
INSERT INTO `question_options` (`id`, `question_id`, `label`, `content`, `is_correct`) VALUES (20250793, 2025159, 'C', '[{"type":"text","content":"autoajuda, pois a quantidade em estoque é inferior à demanda."}]', 1);
--> statement-breakpoint
INSERT INTO `question_options` (`id`, `question_id`, `label`, `content`, `is_correct`) VALUES (20250794, 2025159, 'D', '[{"type":"text","content":"biografia, pois é o gênero que tem a menor quantidade de livros em estoque."}]', 0);
--> statement-breakpoint
INSERT INTO `question_options` (`id`, `question_id`, `label`, `content`, `is_correct`) VALUES (20250795, 2025159, 'E', '[{"type":"text","content":"romance, pois é o que apresenta o menor estoque de livros"}]', 0);
--> statement-breakpoint
INSERT INTO `questions` (`id`, `external_id`, `year`, `exam_day`, `booklet`, `official_number`, `language`, `area`, `topic`, `statement`, `content_json`, `support_text`, `source_label`, `source_url`, `image_key`, `asset_bundle_key`, `difficulty`, `answer_status`, `status`, `review_status`, `taxonomy_version`) VALUES (2025160, 'enem-2025-d2-azul-shared-155', 2025, 2, 'azul', 155, NULL, 'Matemática', 'Prova oficial ENEM 2025', 'Dez casais fundaram um grupo de dança e decidiram constituir uma diretoria com três cargos: presidente, secretário e tesoureiro. Para maior representatividade, decidiu-se que no máximo uma pessoa por casal poderá ocupar um cargo nessa diretoria.Quantas diretorias diferentes podem ser constituídas por esses 10 casais?', '[{"type":"text","content":"Dez casais fundaram um grupo de dança e decidiram constituir uma diretoria com três cargos: presidente, secretário e tesoureiro. Para maior representatividade, decidiu-se que no máximo uma pessoa por casal poderá ocupar um cargo nessa diretoria.Quantas diretorias diferentes podem ser constituídas por esses 10 casais?"}]', NULL, 'INEP · ENEM 2025 · 2º dia · Caderno 7 azul', 'https://download.inep.gov.br/enem/provas_e_gabaritos/2025_PV_impresso_D2_CD7.pdf', NULL, 'enem/2025/dia2', 'official', 'valid', 'published', 'imported', 1);
--> statement-breakpoint
INSERT INTO `question_options` (`id`, `question_id`, `label`, `content`, `is_correct`) VALUES (20250796, 2025160, 'A', '[{"type":"text","content":"10 × 9 × 8"}]', 0);
--> statement-breakpoint
INSERT INTO `question_options` (`id`, `question_id`, `label`, `content`, `is_correct`) VALUES (20250797, 2025160, 'B', '[{"type":"text","content":"20 × 18 × 16"}]', 1);
--> statement-breakpoint
INSERT INTO `question_options` (`id`, `question_id`, `label`, `content`, `is_correct`) VALUES (20250798, 2025160, 'C', '[{"type":"text","content":"20 × 19 × 18"}]', 0);
--> statement-breakpoint
INSERT INTO `question_options` (`id`, `question_id`, `label`, `content`, `is_correct`) VALUES (20250799, 2025160, 'D', '[{"type":"text","content":"10 × 9 × 8 × 2"}]', 0);
--> statement-breakpoint
INSERT INTO `question_options` (`id`, `question_id`, `label`, `content`, `is_correct`) VALUES (20250800, 2025160, 'E', '[{"type":"text","content":"20"}]', 0);
--> statement-breakpoint
INSERT INTO `questions` (`id`, `external_id`, `year`, `exam_day`, `booklet`, `official_number`, `language`, `area`, `topic`, `statement`, `content_json`, `support_text`, `source_label`, `source_url`, `image_key`, `asset_bundle_key`, `difficulty`, `answer_status`, `status`, `review_status`, `taxonomy_version`) VALUES (2025161, 'enem-2025-d2-azul-shared-156', 2025, 2, 'azul', 156, NULL, 'Matemática', 'Prova oficial ENEM 2025', 'Um artista, que costuma fazer desenhos com areia na praia, pediu a um banhista que fizesse um pequeno desenho, que serviria de esboço para uma grande obra de arte a ser feita na areia. Esse desenho está representado na figura. Após a conclusão, a obra de arte obtida manteve as mesmas proporções do desenho feito pelo banhista, sendo que as medidas indicadas na figura foram ampliadas para 30 m.Em qual escala esse desenho representa a obra de arte?', '[{"type":"text","content":"Um artista, que costuma fazer desenhos com areia na praia, pediu a um banhista que fizesse um pequeno desenho, que serviria de esboço para uma grande obra de arte a ser feita na areia. Esse desenho está representado na figura."},{"type":"image","content":"/enem/2025/dia2/question-156.png"},{"type":"text","content":"Após a conclusão, a obra de arte obtida manteve as mesmas proporções do desenho feito pelo banhista, sendo que as medidas indicadas na figura foram ampliadas para 30 m.Em qual escala esse desenho representa a obra de arte?"}]', NULL, 'INEP · ENEM 2025 · 2º dia · Caderno 7 azul', 'https://download.inep.gov.br/enem/provas_e_gabaritos/2025_PV_impresso_D2_CD7.pdf', '/enem/2025/dia2/question-156.png', 'enem/2025/dia2', 'official', 'valid', 'published', 'imported', 1);
--> statement-breakpoint
INSERT INTO `question_options` (`id`, `question_id`, `label`, `content`, `is_correct`) VALUES (20250801, 2025161, 'A', '[{"type":"text","content":"1 : 1,5"}]', 0);
--> statement-breakpoint
INSERT INTO `question_options` (`id`, `question_id`, `label`, `content`, `is_correct`) VALUES (20250802, 2025161, 'B', '[{"type":"text","content":"1 : 2,25"}]', 0);
--> statement-breakpoint
INSERT INTO `question_options` (`id`, `question_id`, `label`, `content`, `is_correct`) VALUES (20250803, 2025161, 'C', '[{"type":"text","content":"1 : 10"}]', 0);
--> statement-breakpoint
INSERT INTO `question_options` (`id`, `question_id`, `label`, `content`, `is_correct`) VALUES (20250804, 2025161, 'D', '[{"type":"text","content":"1 : 100"}]', 0);
--> statement-breakpoint
INSERT INTO `question_options` (`id`, `question_id`, `label`, `content`, `is_correct`) VALUES (20250805, 2025161, 'E', '[{"type":"text","content":"1 : 150"}]', 1);
--> statement-breakpoint
INSERT INTO `questions` (`id`, `external_id`, `year`, `exam_day`, `booklet`, `official_number`, `language`, `area`, `topic`, `statement`, `content_json`, `support_text`, `source_label`, `source_url`, `image_key`, `asset_bundle_key`, `difficulty`, `answer_status`, `status`, `review_status`, `taxonomy_version`) VALUES (2025162, 'enem-2025-d2-azul-shared-157', 2025, 2, 'azul', 157, NULL, 'Matemática', 'Prova oficial ENEM 2025', 'O cortisol é um hormônio produzido pelas glândulas adrenais e pode ser considerado um importante marcador do estresse fisiológico. Em um estudo desenvolvido com enfermeiros, foi verificado que a concentração de cortisol salivar em um dia de trabalho, denotada por T, era, em média, 1,59 vezes a concentração de cortisol salivar em um dia de folga, denotada por F.ROCHA, M. C. P. et al. Estresse em enfermeiros: o uso do cortisol salivar no dia de trabalho e de folga. Rev. Esc. Enferm. USP, n. 5, 2013 (adaptado).Nesse estudo, a relação obtida entre T e F foi', '[{"type":"text","content":"O cortisol é um hormônio produzido pelas glândulas adrenais e pode ser considerado um importante marcador do estresse fisiológico. Em um estudo desenvolvido com enfermeiros, foi verificado que a concentração de cortisol salivar em um dia de trabalho, denotada por T, era, em média, 1,59 vezes a concentração de cortisol salivar em um dia de folga, denotada por F.ROCHA, M. C. P. et al. Estresse em enfermeiros: o uso do cortisol salivar no dia de trabalho e de folga. Rev. Esc. Enferm. USP, n. 5, 2013 (adaptado).Nesse estudo, a relação obtida entre T e F foi"}]', NULL, 'INEP · ENEM 2025 · 2º dia · Caderno 7 azul', 'https://download.inep.gov.br/enem/provas_e_gabaritos/2025_PV_impresso_D2_CD7.pdf', NULL, 'enem/2025/dia2', 'official', 'valid', 'published', 'imported', 1);
--> statement-breakpoint
INSERT INTO `question_options` (`id`, `question_id`, `label`, `content`, `is_correct`) VALUES (20250806, 2025162, 'A', '[{"type":"text","content":"T= 1,59 +F"}]', 0);
--> statement-breakpoint
INSERT INTO `question_options` (`id`, `question_id`, `label`, `content`, `is_correct`) VALUES (20250807, 2025162, 'B', '[{"type":"text","content":"F= 1,59 +T"}]', 0);
--> statement-breakpoint
INSERT INTO `question_options` (`id`, `question_id`, `label`, `content`, `is_correct`) VALUES (20250808, 2025162, 'C', '[{"type":"text","content":"TF= 1 59,"}]', 1);
--> statement-breakpoint
INSERT INTO `question_options` (`id`, `question_id`, `label`, `content`, `is_correct`) VALUES (20250809, 2025162, 'D', '[{"type":"text","content":"FT= 1 59,"}]', 0);
--> statement-breakpoint
INSERT INTO `question_options` (`id`, `question_id`, `label`, `content`, `is_correct`) VALUES (20250810, 2025162, 'E', '[{"type":"text","content":"F"}]', 0);
--> statement-breakpoint
INSERT INTO `questions` (`id`, `external_id`, `year`, `exam_day`, `booklet`, `official_number`, `language`, `area`, `topic`, `statement`, `content_json`, `support_text`, `source_label`, `source_url`, `image_key`, `asset_bundle_key`, `difficulty`, `answer_status`, `status`, `review_status`, `taxonomy_version`) VALUES (2025163, 'enem-2025-d2-azul-shared-158', 2025, 2, 'azul', 158, NULL, 'Matemática', 'Prova oficial ENEM 2025', 'Um estacionamento possui 120 vagas para veículos, e todas essas vagas estão ocupadas. Cada cliente paga uma mensalidade para utilizar uma vaga, que é calculada com base nas despesas mensais do estacionamento e no lucro pretendido. As despesas mensais do estacionamento são: R$ 14 240,00 com manutenção mais R$ 36,00 de seguro por veículo. O lucro do estacionamento é determinado pela diferença do valor arrecadado com as mensalidades pelas despesas efetuadas. A partir do mês seguinte, o valor do seguro por veículo aumentará em 20%, e as despesas com manutenção permanecerão sem alterações. Com isso, o dono do estacionamento reajustará as mensalidades para obter um lucro mensal de R$ 10 000,00. Apesar desse reajuste, todas as vagas continuarão ocupadas.O valor, em real, da mensalidade reajustada será', '[{"type":"text","content":"Um estacionamento possui 120 vagas para veículos, e todas essas vagas estão ocupadas. Cada cliente paga uma mensalidade para utilizar uma vaga, que é calculada com base nas despesas mensais do estacionamento e no lucro pretendido. As despesas mensais do estacionamento são: R$ 14 240,00 com manutenção mais R$ 36,00 de seguro por veículo. O lucro do estacionamento é determinado pela diferença do valor arrecadado com as mensalidades pelas despesas efetuadas. A partir do mês seguinte, o valor do seguro por veículo aumentará em 20%, e as despesas com manutenção permanecerão sem alterações. Com isso, o dono do estacionamento reajustará as mensalidades para obter um lucro mensal de R$ 10 000,00. Apesar desse reajuste, todas as vagas continuarão ocupadas.O valor, em real, da mensalidade reajustada será"}]', NULL, 'INEP · ENEM 2025 · 2º dia · Caderno 7 azul', 'https://download.inep.gov.br/enem/provas_e_gabaritos/2025_PV_impresso_D2_CD7.pdf', NULL, 'enem/2025/dia2', 'official', 'valid', 'published', 'imported', 1);
--> statement-breakpoint
INSERT INTO `question_options` (`id`, `question_id`, `label`, `content`, `is_correct`) VALUES (20250811, 2025163, 'A', '[{"type":"text","content":"185,60."}]', 0);
--> statement-breakpoint
INSERT INTO `question_options` (`id`, `question_id`, `label`, `content`, `is_correct`) VALUES (20250812, 2025163, 'B', '[{"type":"text","content":"226,09."}]', 0);
--> statement-breakpoint
INSERT INTO `question_options` (`id`, `question_id`, `label`, `content`, `is_correct`) VALUES (20250813, 2025163, 'C', '[{"type":"text","content":"245,20."}]', 1);
--> statement-breakpoint
INSERT INTO `question_options` (`id`, `question_id`, `label`, `content`, `is_correct`) VALUES (20250814, 2025163, 'D', '[{"type":"text","content":"268,93."}]', 0);
--> statement-breakpoint
INSERT INTO `question_options` (`id`, `question_id`, `label`, `content`, `is_correct`) VALUES (20250815, 2025163, 'E', '[{"type":"text","content":"285,60."}]', 0);
--> statement-breakpoint
INSERT INTO `questions` (`id`, `external_id`, `year`, `exam_day`, `booklet`, `official_number`, `language`, `area`, `topic`, `statement`, `content_json`, `support_text`, `source_label`, `source_url`, `image_key`, `asset_bundle_key`, `difficulty`, `answer_status`, `status`, `review_status`, `taxonomy_version`) VALUES (2025164, 'enem-2025-d2-azul-shared-159', 2025, 2, 'azul', 159, NULL, 'Matemática', 'Prova oficial ENEM 2025', 'O dono de uma sorveteria armazena sorvete em potes de 20 000 cm3. Ele serve o sorvete em taças, em porções de 250 mL.A quantidade de taças que ele consegue servir a partir de um pote cheio de sorvete é', '[{"type":"text","content":"O dono de uma sorveteria armazena sorvete em potes de 20 000 cm3. Ele serve o sorvete em taças, em porções de 250 mL.A quantidade de taças que ele consegue servir a partir de um pote cheio de sorvete é"}]', NULL, 'INEP · ENEM 2025 · 2º dia · Caderno 7 azul', 'https://download.inep.gov.br/enem/provas_e_gabaritos/2025_PV_impresso_D2_CD7.pdf', NULL, 'enem/2025/dia2', 'official', 'valid', 'published', 'imported', 1);
--> statement-breakpoint
INSERT INTO `question_options` (`id`, `question_id`, `label`, `content`, `is_correct`) VALUES (20250816, 2025164, 'A', '[{"type":"text","content":"5."}]', 0);
--> statement-breakpoint
INSERT INTO `question_options` (`id`, `question_id`, `label`, `content`, `is_correct`) VALUES (20250817, 2025164, 'B', '[{"type":"text","content":"8."}]', 0);
--> statement-breakpoint
INSERT INTO `question_options` (`id`, `question_id`, `label`, `content`, `is_correct`) VALUES (20250818, 2025164, 'C', '[{"type":"text","content":"50."}]', 0);
--> statement-breakpoint
INSERT INTO `question_options` (`id`, `question_id`, `label`, `content`, `is_correct`) VALUES (20250819, 2025164, 'D', '[{"type":"text","content":"80."}]', 1);
--> statement-breakpoint
INSERT INTO `question_options` (`id`, `question_id`, `label`, `content`, `is_correct`) VALUES (20250820, 2025164, 'E', '[{"type":"text","content":"800."}]', 0);
--> statement-breakpoint
INSERT INTO `questions` (`id`, `external_id`, `year`, `exam_day`, `booklet`, `official_number`, `language`, `area`, `topic`, `statement`, `content_json`, `support_text`, `source_label`, `source_url`, `image_key`, `asset_bundle_key`, `difficulty`, `answer_status`, `status`, `review_status`, `taxonomy_version`) VALUES (2025165, 'enem-2025-d2-azul-shared-160', 2025, 2, 'azul', 160, NULL, 'Matemática', 'Prova oficial ENEM 2025', 'Um recipiente tem um formato que faz com que, ao ser enchido de água com uma vazão constante, a distância da lâmina de água ao tampo da mesa, em centímetro, aumente em relação ao tempo T, em minuto, de acordo com uma função do tipo=k+ tg[p(T+m)],sendo os parâmetros k, p e m números reais, para T variando entre 0 e 4 minutos, conforme ilustrado na figura, na qual estão apresentadas assíntotas verticais da função tangente utilizada na definição de . A expressão algébrica que representa a relação entre e T é', '[{"type":"text","content":"Um recipiente tem um formato que faz com que, ao ser enchido de água com uma vazão constante, a distância da lâmina de água ao tampo da mesa, em centímetro, aumente em relação ao tempo T, em minuto, de acordo com uma função do tipo=k+ tg[p(T+m)],sendo os parâmetros k, p e m números reais, para T variando entre 0 e 4 minutos, conforme ilustrado na figura, na qual estão apresentadas assíntotas verticais da função tangente utilizada na definição de ."},{"type":"image","content":"/enem/2025/dia2/question-160.png"},{"type":"text","content":"A expressão algébrica que representa a relação entre e T é"}]', NULL, 'INEP · ENEM 2025 · 2º dia · Caderno 7 azul', 'https://download.inep.gov.br/enem/provas_e_gabaritos/2025_PV_impresso_D2_CD7.pdf', '/enem/2025/dia2/question-160.png', 'enem/2025/dia2', 'official', 'valid', 'published', 'imported', 1);
--> statement-breakpoint
INSERT INTO `question_options` (`id`, `question_id`, `label`, `content`, `is_correct`) VALUES (20250821, 2025165, 'A', '[{"type":"text","content":"T2530522,tg"}]', 0);
--> statement-breakpoint
INSERT INTO `question_options` (`id`, `question_id`, `label`, `content`, `is_correct`) VALUES (20250822, 2025165, 'B', '[{"type":"text","content":"T43052tg"}]', 0);
--> statement-breakpoint
INSERT INTO `question_options` (`id`, `question_id`, `label`, `content`, `is_correct`) VALUES (20250823, 2025165, 'C', '[]', 0);
--> statement-breakpoint
INSERT INTO `question_options` (`id`, `question_id`, `label`, `content`, `is_correct`) VALUES (20250824, 2025165, 'D', '[]', 0);
--> statement-breakpoint
INSERT INTO `question_options` (`id`, `question_id`, `label`, `content`, `is_correct`) VALUES (20250825, 2025165, 'E', '[{"type":"text","content":"T"}]', 1);
--> statement-breakpoint
INSERT INTO `questions` (`id`, `external_id`, `year`, `exam_day`, `booklet`, `official_number`, `language`, `area`, `topic`, `statement`, `content_json`, `support_text`, `source_label`, `source_url`, `image_key`, `asset_bundle_key`, `difficulty`, `answer_status`, `status`, `review_status`, `taxonomy_version`) VALUES (2025166, 'enem-2025-d2-azul-shared-161', 2025, 2, 'azul', 161, NULL, 'Matemática', 'Prova oficial ENEM 2025', 'Os quadrados em cinza na figura representam os quarteirões de uma parte do bairro onde moram João e seu amigo. O quadrado pequeno (A), pintado em preto e localizado no canto superior esquerdo de um quadrado maior, indica a casa do amigo de João. João também mora em uma casa de esquina, mas na extremidade nordeste de um quarteirão. Para chegar à casa de seu amigo, ao sair de casa, João deve caminhar pelo quarteirão onde mora na direção oeste, dobrar à direita, caminhar por três quarteirões na direção norte e dobrar à esquerda. A casa de seu amigo fica no segundo quarteirão a oeste. O quarteirão onde se encontra a casa de João é representado pelo quadrado com a letra', '[{"type":"text","content":"Os quadrados em cinza na figura representam os quarteirões de uma parte do bairro onde moram João e seu amigo. O quadrado pequeno (A), pintado em preto e localizado no canto superior esquerdo de um quadrado maior, indica a casa do amigo de João. João também mora em uma casa de esquina, mas na extremidade nordeste de um quarteirão. Para chegar à casa de seu amigo, ao sair de casa, João deve caminhar pelo quarteirão onde mora na direção oeste, dobrar à direita, caminhar por três quarteirões na direção norte e dobrar à esquerda. A casa de seu amigo fica no segundo quarteirão a oeste."},{"type":"image","content":"/enem/2025/dia2/question-161.png"},{"type":"text","content":"O quarteirão onde se encontra a casa de João é representado pelo quadrado com a letra"}]', NULL, 'INEP · ENEM 2025 · 2º dia · Caderno 7 azul', 'https://download.inep.gov.br/enem/provas_e_gabaritos/2025_PV_impresso_D2_CD7.pdf', '/enem/2025/dia2/question-161.png', 'enem/2025/dia2', 'official', 'valid', 'published', 'imported', 1);
--> statement-breakpoint
INSERT INTO `question_options` (`id`, `question_id`, `label`, `content`, `is_correct`) VALUES (20250826, 2025166, 'A', '[{"type":"text","content":"P."}]', 1);
--> statement-breakpoint
INSERT INTO `question_options` (`id`, `question_id`, `label`, `content`, `is_correct`) VALUES (20250827, 2025166, 'B', '[{"type":"text","content":"Q."}]', 0);
--> statement-breakpoint
INSERT INTO `question_options` (`id`, `question_id`, `label`, `content`, `is_correct`) VALUES (20250828, 2025166, 'C', '[{"type":"text","content":"R."}]', 0);
--> statement-breakpoint
INSERT INTO `question_options` (`id`, `question_id`, `label`, `content`, `is_correct`) VALUES (20250829, 2025166, 'D', '[{"type":"text","content":"S."}]', 0);
--> statement-breakpoint
INSERT INTO `question_options` (`id`, `question_id`, `label`, `content`, `is_correct`) VALUES (20250830, 2025166, 'E', '[{"type":"text","content":"T."}]', 0);
--> statement-breakpoint
INSERT INTO `questions` (`id`, `external_id`, `year`, `exam_day`, `booklet`, `official_number`, `language`, `area`, `topic`, `statement`, `content_json`, `support_text`, `source_label`, `source_url`, `image_key`, `asset_bundle_key`, `difficulty`, `answer_status`, `status`, `review_status`, `taxonomy_version`) VALUES (2025167, 'enem-2025-d2-azul-shared-162', 2025, 2, 'azul', 162, NULL, 'Matemática', 'Prova oficial ENEM 2025', 'Uma empresa produziu, em um determinado mês, 110 toneladas de plástico a partir de derivados de petróleo e 80 toneladas a partir de plásticos reciclados. O custo para reciclar uma tonelada de plástico é de R$ 500,00, que equivale a 5% do custo para produzir a mesma quantidade de plástico a partir de derivados de petróleo. Para o mês seguinte, a meta dessa empresa é produzir a mesma quantidade de plástico que foi produzida nesse mês, mas com redução de, pelo menos, 50% no custo de produção.Para que no mês seguinte a empresa atinja a meta, a quantidade mínima de toneladas de plástico que devem ser produzidas a partir de reciclagem deverá ser', '[{"type":"text","content":"Uma empresa produziu, em um determinado mês, 110 toneladas de plástico a partir de derivados de petróleo e 80 toneladas a partir de plásticos reciclados. O custo para reciclar uma tonelada de plástico é de R$ 500,00, que equivale a 5% do custo para produzir a mesma quantidade de plástico a partir de derivados de petróleo. Para o mês seguinte, a meta dessa empresa é produzir a mesma quantidade de plástico que foi produzida nesse mês, mas com redução de, pelo menos, 50% no custo de produção.Para que no mês seguinte a empresa atinja a meta, a quantidade mínima de toneladas de plástico que devem ser produzidas a partir de reciclagem deverá ser"}]', NULL, 'INEP · ENEM 2025 · 2º dia · Caderno 7 azul', 'https://download.inep.gov.br/enem/provas_e_gabaritos/2025_PV_impresso_D2_CD7.pdf', NULL, 'enem/2025/dia2', 'official', 'valid', 'published', 'imported', 1);
--> statement-breakpoint
INSERT INTO `question_options` (`id`, `question_id`, `label`, `content`, `is_correct`) VALUES (20250831, 2025167, 'A', '[{"type":"text","content":"135."}]', 0);
--> statement-breakpoint
INSERT INTO `question_options` (`id`, `question_id`, `label`, `content`, `is_correct`) VALUES (20250832, 2025167, 'B', '[{"type":"text","content":"140."}]', 1);
--> statement-breakpoint
INSERT INTO `question_options` (`id`, `question_id`, `label`, `content`, `is_correct`) VALUES (20250833, 2025167, 'C', '[{"type":"text","content":"155."}]', 0);
--> statement-breakpoint
INSERT INTO `question_options` (`id`, `question_id`, `label`, `content`, `is_correct`) VALUES (20250834, 2025167, 'D', '[{"type":"text","content":"160."}]', 0);
--> statement-breakpoint
INSERT INTO `question_options` (`id`, `question_id`, `label`, `content`, `is_correct`) VALUES (20250835, 2025167, 'E', '[{"type":"text","content":"175."}]', 0);
--> statement-breakpoint
INSERT INTO `questions` (`id`, `external_id`, `year`, `exam_day`, `booklet`, `official_number`, `language`, `area`, `topic`, `statement`, `content_json`, `support_text`, `source_label`, `source_url`, `image_key`, `asset_bundle_key`, `difficulty`, `answer_status`, `status`, `review_status`, `taxonomy_version`) VALUES (2025168, 'enem-2025-d2-azul-shared-163', 2025, 2, 'azul', 163, NULL, 'Matemática', 'Prova oficial ENEM 2025', 'Em uma escola, todos os estudantes do ensino médio praticam uma das três modalidades esportivas oferecidas como atividade física, e cada um deles pratica somente uma dessas atividades. Os gráficos trazem alguns dados relativos aos quantitativos de estudantes que praticam essas modalidades esportivas nessa escola, apesar de algumas quantidades não terem sido informadas. Qual é a quantidade de estudantes no ensino médio dessa escola?', '[{"type":"text","content":"Em uma escola, todos os estudantes do ensino médio praticam uma das três modalidades esportivas oferecidas como atividade física, e cada um deles pratica somente uma dessas atividades. Os gráficos trazem alguns dados relativos aos quantitativos de estudantes que praticam essas modalidades esportivas nessa escola, apesar de algumas quantidades não terem sido informadas."},{"type":"image","content":"/enem/2025/dia2/question-163.png"},{"type":"text","content":"Qual é a quantidade de estudantes no ensino médio dessa escola?"}]', NULL, 'INEP · ENEM 2025 · 2º dia · Caderno 7 azul', 'https://download.inep.gov.br/enem/provas_e_gabaritos/2025_PV_impresso_D2_CD7.pdf', '/enem/2025/dia2/question-163.png', 'enem/2025/dia2', 'official', 'valid', 'published', 'imported', 1);
--> statement-breakpoint
INSERT INTO `question_options` (`id`, `question_id`, `label`, `content`, `is_correct`) VALUES (20250836, 2025168, 'A', '[{"type":"text","content":"720"}]', 0);
--> statement-breakpoint
INSERT INTO `question_options` (`id`, `question_id`, `label`, `content`, `is_correct`) VALUES (20250837, 2025168, 'B', '[{"type":"text","content":"360"}]', 1);
--> statement-breakpoint
INSERT INTO `question_options` (`id`, `question_id`, `label`, `content`, `is_correct`) VALUES (20250838, 2025168, 'C', '[{"type":"text","content":"320"}]', 0);
--> statement-breakpoint
INSERT INTO `question_options` (`id`, `question_id`, `label`, `content`, `is_correct`) VALUES (20250839, 2025168, 'D', '[{"type":"text","content":"288"}]', 0);
--> statement-breakpoint
INSERT INTO `question_options` (`id`, `question_id`, `label`, `content`, `is_correct`) VALUES (20250840, 2025168, 'E', '[{"type":"text","content":"240"}]', 0);
--> statement-breakpoint
INSERT INTO `questions` (`id`, `external_id`, `year`, `exam_day`, `booklet`, `official_number`, `language`, `area`, `topic`, `statement`, `content_json`, `support_text`, `source_label`, `source_url`, `image_key`, `asset_bundle_key`, `difficulty`, `answer_status`, `status`, `review_status`, `taxonomy_version`) VALUES (2025169, 'enem-2025-d2-azul-shared-164', 2025, 2, 'azul', 164, NULL, 'Matemática', 'Prova oficial ENEM 2025', 'O dono de uma embarcação deve partir do ponto P e chegar ao ponto R por meio de dois deslocamentos lineares e navegando a uma velocidade constante. Essa viagem será feita durante a noite, e como ele dispõe somente de uma bússola e de um relógio, planejou sua rota da seguinte forma:1º – partir do ponto P na direção 110 e navegar por 4 horas, alcançando um ponto Q;2º – partir do ponto Q na direção 90 e navegar por 2 horas, alcançando o ponto de destino R.No entanto, ao direcionar o barco para o primeiro deslocamento, o fez na direção 340, em vez de 110. Com isso, realizou os seguintes deslocamentos:1º – partiu do ponto P na direção 340 e navegou por 4 horas, alcançando um ponto S;2º – partiu do ponto S na direção 90 e navegou por 2 horas, alcançando o ponto T.A figura apresenta a bússola, a rota planejada e a rota executada. O dono da embarcação só percebeu o equívoco ao chegar ao ponto T. Com isso, agora ele precisa definir a direção e o tempo de navegação que lhe permita, partindo do ponto T, chegar ao ponto de destino R por meio de uma rota retilínea.Considere 0,64 como aproximação para cos 50°.A direção e o tempo aproximado de navegação que o dono da embarcação deve utilizar são, respectivamente,', '[{"type":"text","content":"O dono de uma embarcação deve partir do ponto P e chegar ao ponto R por meio de dois deslocamentos lineares e navegando a uma velocidade constante. Essa viagem será feita durante a noite, e como ele dispõe somente de uma bússola e de um relógio, planejou sua rota da seguinte forma:1º – partir do ponto P na direção 110 e navegar por 4 horas, alcançando um ponto Q;2º – partir do ponto Q na direção 90 e navegar por 2 horas, alcançando o ponto de destino R.No entanto, ao direcionar o barco para o primeiro deslocamento, o fez na direção 340, em vez de 110. Com isso, realizou os seguintes deslocamentos:1º – partiu do ponto P na direção 340 e navegou por 4 horas, alcançando um ponto S;2º – partiu do ponto S na direção 90 e navegou por 2 horas, alcançando o ponto T.A figura apresenta a bússola, a rota planejada e a rota executada."},{"type":"image","content":"/enem/2025/dia2/question-164.png"},{"type":"text","content":"O dono da embarcação só percebeu o equívoco ao chegar ao ponto T. Com isso, agora ele precisa definir a direção e o tempo de navegação que lhe permita, partindo do ponto T, chegar ao ponto de destino R por meio de uma rota retilínea.Considere 0,64 como aproximação para cos 50°.A direção e o tempo aproximado de navegação que o dono da embarcação deve utilizar são, respectivamente,"}]', NULL, 'INEP · ENEM 2025 · 2º dia · Caderno 7 azul', 'https://download.inep.gov.br/enem/provas_e_gabaritos/2025_PV_impresso_D2_CD7.pdf', '/enem/2025/dia2/question-164.png', 'enem/2025/dia2', 'official', 'valid', 'published', 'imported', 1);
--> statement-breakpoint
INSERT INTO `question_options` (`id`, `question_id`, `label`, `content`, `is_correct`) VALUES (20250841, 2025169, 'A', '[{"type":"text","content":"135 e 7 horas e 15 minutos."}]', 1);
--> statement-breakpoint
INSERT INTO `question_options` (`id`, `question_id`, `label`, `content`, `is_correct`) VALUES (20250842, 2025169, 'B', '[{"type":"text","content":"45 e 7 horas e 15 minutos."}]', 0);
--> statement-breakpoint
INSERT INTO `question_options` (`id`, `question_id`, `label`, `content`, `is_correct`) VALUES (20250843, 2025169, 'C', '[{"type":"text","content":"135 e 12 horas."}]', 0);
--> statement-breakpoint
INSERT INTO `question_options` (`id`, `question_id`, `label`, `content`, `is_correct`) VALUES (20250844, 2025169, 'D', '[{"type":"text","content":"135 e 6 horas."}]', 0);
--> statement-breakpoint
INSERT INTO `question_options` (`id`, `question_id`, `label`, `content`, `is_correct`) VALUES (20250845, 2025169, 'E', '[{"type":"text","content":"45 e 6 horas."}]', 0);
--> statement-breakpoint
INSERT INTO `questions` (`id`, `external_id`, `year`, `exam_day`, `booklet`, `official_number`, `language`, `area`, `topic`, `statement`, `content_json`, `support_text`, `source_label`, `source_url`, `image_key`, `asset_bundle_key`, `difficulty`, `answer_status`, `status`, `review_status`, `taxonomy_version`) VALUES (2025170, 'enem-2025-d2-azul-shared-165', 2025, 2, 'azul', 165, NULL, 'Matemática', 'Prova oficial ENEM 2025', 'Em um estudo clínico, 55 mulheres foram distribuídas, aleatoriamente, em 5 grupos de 11 pessoas. Para testar uma nova medicação, será escolhido um grupo no qual a maioria das mulheres tenham idades entre 20 e 30 anos. Os demais grupos tomarão placebo ou medicações já existentes no mercado. O quadro, parcialmente preenchido, informa alguns dados relativos às idades das mulheres desses grupos.GruposMenor idadeMaior idadeMédiaMedianaModaDesvio padrão125102259325425152035Mesmo com o quadro incompleto, foi possível selecionar um desses grupos porque, apenas com os dados apresentados no quadro, foi identificado um grupo que, certamente, atendia ao critério de escolha.O grupo escolhido foi o', '[{"type":"text","content":"Em um estudo clínico, 55 mulheres foram distribuídas, aleatoriamente, em 5 grupos de 11 pessoas. Para testar uma nova medicação, será escolhido um grupo no qual a maioria das mulheres tenham idades entre 20 e 30 anos. Os demais grupos tomarão placebo ou medicações já existentes no mercado. O quadro, parcialmente preenchido, informa alguns dados relativos às idades das mulheres desses grupos.GruposMenor idadeMaior idadeMédiaMedianaModaDesvio padrão125102259325425152035Mesmo com o quadro incompleto, foi possível selecionar um desses grupos porque, apenas com os dados apresentados no quadro, foi identificado um grupo que, certamente, atendia ao critério de escolha.O grupo escolhido foi o"}]', NULL, 'INEP · ENEM 2025 · 2º dia · Caderno 7 azul', 'https://download.inep.gov.br/enem/provas_e_gabaritos/2025_PV_impresso_D2_CD7.pdf', NULL, 'enem/2025/dia2', 'official', 'valid', 'published', 'imported', 1);
--> statement-breakpoint
INSERT INTO `question_options` (`id`, `question_id`, `label`, `content`, `is_correct`) VALUES (20250846, 2025170, 'A', '[{"type":"text","content":"1."}]', 0);
--> statement-breakpoint
INSERT INTO `question_options` (`id`, `question_id`, `label`, `content`, `is_correct`) VALUES (20250847, 2025170, 'B', '[{"type":"text","content":"2."}]', 0);
--> statement-breakpoint
INSERT INTO `question_options` (`id`, `question_id`, `label`, `content`, `is_correct`) VALUES (20250848, 2025170, 'C', '[{"type":"text","content":"3."}]', 0);
--> statement-breakpoint
INSERT INTO `question_options` (`id`, `question_id`, `label`, `content`, `is_correct`) VALUES (20250849, 2025170, 'D', '[{"type":"text","content":"4."}]', 1);
--> statement-breakpoint
INSERT INTO `question_options` (`id`, `question_id`, `label`, `content`, `is_correct`) VALUES (20250850, 2025170, 'E', '[{"type":"text","content":"5."}]', 0);
--> statement-breakpoint
INSERT INTO `questions` (`id`, `external_id`, `year`, `exam_day`, `booklet`, `official_number`, `language`, `area`, `topic`, `statement`, `content_json`, `support_text`, `source_label`, `source_url`, `image_key`, `asset_bundle_key`, `difficulty`, `answer_status`, `status`, `review_status`, `taxonomy_version`) VALUES (2025171, 'enem-2025-d2-azul-shared-166', 2025, 2, 'azul', 166, NULL, 'Matemática', 'Prova oficial ENEM 2025', 'Pace é um termo usado por um corredor para denominar o seu ritmo médio em uma corrida. Representa o tempo médio, em segundo, que esse corredor leva para percorrer 1 km.O esquema apresenta o tempo, em segundo, que um corredor levou para cruzar as marcas que definem os quatro primeiros trechos de 1 km, em uma corrida de 5 km, e o tempo gasto para percorrer cada trecho de 1 km. O melhor pace que esse corredor alcançou em corridas de 5 km foi 281 s/km.Para que consiga repetir nessa corrida seu melhor pace em corridas de 5 km, seu tempo, no 5º trecho, deve ser quantos segundos menor do que o que ele gastou para percorrer o 4º trecho?', '[{"type":"text","content":"Pace é um termo usado por um corredor para denominar o seu ritmo médio em uma corrida. Representa o tempo médio, em segundo, que esse corredor leva para percorrer 1 km.O esquema apresenta o tempo, em segundo, que um corredor levou para cruzar as marcas que definem os quatro primeiros trechos de 1 km, em uma corrida de 5 km, e o tempo gasto para percorrer cada trecho de 1 km."},{"type":"image","content":"/enem/2025/dia2/question-166.png"},{"type":"text","content":"O melhor pace que esse corredor alcançou em corridas de 5 km foi 281 s/km.Para que consiga repetir nessa corrida seu melhor pace em corridas de 5 km, seu tempo, no 5º trecho, deve ser quantos segundos menor do que o que ele gastou para percorrer o 4º trecho?"}]', NULL, 'INEP · ENEM 2025 · 2º dia · Caderno 7 azul', 'https://download.inep.gov.br/enem/provas_e_gabaritos/2025_PV_impresso_D2_CD7.pdf', '/enem/2025/dia2/question-166.png', 'enem/2025/dia2', 'official', 'valid', 'published', 'imported', 1);
--> statement-breakpoint
INSERT INTO `question_options` (`id`, `question_id`, `label`, `content`, `is_correct`) VALUES (20250851, 2025171, 'A', '[{"type":"text","content":"1"}]', 0);
--> statement-breakpoint
INSERT INTO `question_options` (`id`, `question_id`, `label`, `content`, `is_correct`) VALUES (20250852, 2025171, 'B', '[{"type":"text","content":"2"}]', 0);
--> statement-breakpoint
INSERT INTO `question_options` (`id`, `question_id`, `label`, `content`, `is_correct`) VALUES (20250853, 2025171, 'C', '[{"type":"text","content":"8"}]', 0);
--> statement-breakpoint
INSERT INTO `question_options` (`id`, `question_id`, `label`, `content`, `is_correct`) VALUES (20250854, 2025171, 'D', '[{"type":"text","content":"9"}]', 0);
--> statement-breakpoint
INSERT INTO `question_options` (`id`, `question_id`, `label`, `content`, `is_correct`) VALUES (20250855, 2025171, 'E', '[{"type":"text","content":"15"}]', 1);
--> statement-breakpoint
INSERT INTO `questions` (`id`, `external_id`, `year`, `exam_day`, `booklet`, `official_number`, `language`, `area`, `topic`, `statement`, `content_json`, `support_text`, `source_label`, `source_url`, `image_key`, `asset_bundle_key`, `difficulty`, `answer_status`, `status`, `review_status`, `taxonomy_version`) VALUES (2025172, 'enem-2025-d2-azul-shared-167', 2025, 2, 'azul', 167, NULL, 'Matemática', 'Prova oficial ENEM 2025', 'Uma pessoa tem um carro bicombustível, que funciona a gás natural veicular (GNV) e a gasolina. O rendimento do carro, medido em km/m³, no caso do gás, ou medido em km/L, no caso da gasolina, depende, entre outros fatores, da velocidade, em km/h, em que o carro trafega. Essa relação está em conformidade com estes gráficos. Durante um feriado, essa pessoa realizou uma viagem de 240 km. Para obter uma estimativa de gasto de combustível, assuma que em todo o trajeto se manteve uma velocidade constante de 60 km/h. Considere que, durante metade do caminho, foi utilizado apenas GNV e, na outra metade, apenas gasolina. O que foi pago pelo metro cúbico de GNV e pelo litro de gasolina correspondeu, respectivamente, a R$ 2,00 e a R$ 3,00.Qual foi a diferença, em real, entre os gastos totais com gasolina e com GNV?', '[{"type":"text","content":"Uma pessoa tem um carro bicombustível, que funciona a gás natural veicular (GNV) e a gasolina. O rendimento do carro, medido em km/m³, no caso do gás, ou medido em km/L, no caso da gasolina, depende, entre outros fatores, da velocidade, em km/h, em que o carro trafega. Essa relação está em conformidade com estes gráficos."},{"type":"image","content":"/enem/2025/dia2/question-167.png"},{"type":"text","content":"Durante um feriado, essa pessoa realizou uma viagem de 240 km. Para obter uma estimativa de gasto de combustível, assuma que em todo o trajeto se manteve uma velocidade constante de 60 km/h. Considere que, durante metade do caminho, foi utilizado apenas GNV e, na outra metade, apenas gasolina. O que foi pago pelo metro cúbico de GNV e pelo litro de gasolina correspondeu, respectivamente, a R$ 2,00 e a R$ 3,00.Qual foi a diferença, em real, entre os gastos totais com gasolina e com GNV?"}]', NULL, 'INEP · ENEM 2025 · 2º dia · Caderno 7 azul', 'https://download.inep.gov.br/enem/provas_e_gabaritos/2025_PV_impresso_D2_CD7.pdf', '/enem/2025/dia2/question-167.png', 'enem/2025/dia2', 'official', 'valid', 'published', 'imported', 1);
--> statement-breakpoint
INSERT INTO `question_options` (`id`, `question_id`, `label`, `content`, `is_correct`) VALUES (20250856, 2025172, 'A', '[{"type":"text","content":"4"}]', 0);
--> statement-breakpoint
INSERT INTO `question_options` (`id`, `question_id`, `label`, `content`, `is_correct`) VALUES (20250857, 2025172, 'B', '[{"type":"text","content":"8"}]', 0);
--> statement-breakpoint
INSERT INTO `question_options` (`id`, `question_id`, `label`, `content`, `is_correct`) VALUES (20250858, 2025172, 'C', '[{"type":"text","content":"14"}]', 0);
--> statement-breakpoint
INSERT INTO `question_options` (`id`, `question_id`, `label`, `content`, `is_correct`) VALUES (20250859, 2025172, 'D', '[{"type":"text","content":"21"}]', 1);
--> statement-breakpoint
INSERT INTO `question_options` (`id`, `question_id`, `label`, `content`, `is_correct`) VALUES (20250860, 2025172, 'E', '[{"type":"text","content":"30"}]', 0);
--> statement-breakpoint
INSERT INTO `questions` (`id`, `external_id`, `year`, `exam_day`, `booklet`, `official_number`, `language`, `area`, `topic`, `statement`, `content_json`, `support_text`, `source_label`, `source_url`, `image_key`, `asset_bundle_key`, `difficulty`, `answer_status`, `status`, `review_status`, `taxonomy_version`) VALUES (2025173, 'enem-2025-d2-azul-shared-168', 2025, 2, 'azul', 168, NULL, 'Matemática', 'Prova oficial ENEM 2025', 'Em um país, a primeira etapa para obtenção da carteira de motorista é a contratação de três produtos:• pacote com 20 aulas teóricas;• pacote com 10 aulas práticas;• aluguel do veículo para realização das aulas práticas.Uma pessoa que pretende obter a carteira de motorista pesquisou o valor do aluguel do veículo e os valores de cada aula teórica e de cada aula prática em três autoescolas. O quadro apresenta esses valores.AutoescolaValor de cada aula teórica (R$)Valor de cada aula prática (R$)Aluguel do veículo (R$)I1080400II3050200III2040400Ela contratará os três produtos numa mesma autoescola de modo que o custo total nessa primeira etapa seja o menor possível.A autoescola que será contratada é a', '[{"type":"text","content":"Em um país, a primeira etapa para obtenção da carteira de motorista é a contratação de três produtos:• pacote com 20 aulas teóricas;• pacote com 10 aulas práticas;• aluguel do veículo para realização das aulas práticas.Uma pessoa que pretende obter a carteira de motorista pesquisou o valor do aluguel do veículo e os valores de cada aula teórica e de cada aula prática em três autoescolas. O quadro apresenta esses valores.AutoescolaValor de cada aula teórica (R$)Valor de cada aula prática (R$)Aluguel do veículo (R$)I1080400II3050200III2040400Ela contratará os três produtos numa mesma autoescola de modo que o custo total nessa primeira etapa seja o menor possível.A autoescola que será contratada é a"}]', NULL, 'INEP · ENEM 2025 · 2º dia · Caderno 7 azul', 'https://download.inep.gov.br/enem/provas_e_gabaritos/2025_PV_impresso_D2_CD7.pdf', NULL, 'enem/2025/dia2', 'official', 'valid', 'published', 'imported', 1);
--> statement-breakpoint
INSERT INTO `question_options` (`id`, `question_id`, `label`, `content`, `is_correct`) VALUES (20250861, 2025173, 'A', '[{"type":"text","content":"I, com o custo total de R$ 1 400,00."}]', 0);
--> statement-breakpoint
INSERT INTO `question_options` (`id`, `question_id`, `label`, `content`, `is_correct`) VALUES (20250862, 2025173, 'B', '[{"type":"text","content":"II, com o custo total de R$ 280,00."}]', 0);
--> statement-breakpoint
INSERT INTO `question_options` (`id`, `question_id`, `label`, `content`, `is_correct`) VALUES (20250863, 2025173, 'C', '[{"type":"text","content":"II, com o custo total de R$ 1 300,00."}]', 0);
--> statement-breakpoint
INSERT INTO `question_options` (`id`, `question_id`, `label`, `content`, `is_correct`) VALUES (20250864, 2025173, 'D', '[{"type":"text","content":"III, com o custo total de R$ 460,00."}]', 0);
--> statement-breakpoint
INSERT INTO `question_options` (`id`, `question_id`, `label`, `content`, `is_correct`) VALUES (20250865, 2025173, 'E', '[{"type":"text","content":"III, com o custo total de R$ 1 200,00."}]', 1);
--> statement-breakpoint
INSERT INTO `questions` (`id`, `external_id`, `year`, `exam_day`, `booklet`, `official_number`, `language`, `area`, `topic`, `statement`, `content_json`, `support_text`, `source_label`, `source_url`, `image_key`, `asset_bundle_key`, `difficulty`, `answer_status`, `status`, `review_status`, `taxonomy_version`) VALUES (2025174, 'enem-2025-d2-azul-shared-169', 2025, 2, 'azul', 169, NULL, 'Matemática', 'Prova oficial ENEM 2025', 'A produtividade de soja em uma área cultivada é a média da quantidade de sacas de 50 quilogramas que são produzidas por hectare. O quadro apresenta a área cultivada e a produtividade de soja em certa propriedade, ao longo de cinco safras, com períodos de um ano, de 2011 a 2016.Safra11-1212-1313-1414-1515-16Área cultivada (hectare)200220250250200Produtividade (sacas de 50 kg por hectare)4030454550O gráfico de linhas que representa a produção de soja dessa propriedade, em tonelada, nessas cinco safras é', '[{"type":"text","content":"A produtividade de soja em uma área cultivada é a média da quantidade de sacas de 50 quilogramas que são produzidas por hectare. O quadro apresenta a área cultivada e a produtividade de soja em certa propriedade, ao longo de cinco safras, com períodos de um ano, de 2011 a 2016.Safra11-1212-1313-1414-1515-16Área cultivada (hectare)200220250250200Produtividade (sacas de 50 kg por hectare)4030454550O gráfico de linhas que representa a produção de soja dessa propriedade, em tonelada, nessas cinco safras é"},{"type":"image","content":"/enem/2025/dia2/question-169.png"},{"type":"image","content":"/enem/2025/dia2/question-169_1.png"},{"type":"image","content":"/enem/2025/dia2/question-169_2.png"},{"type":"image","content":"/enem/2025/dia2/question-169_3.png"},{"type":"image","content":"/enem/2025/dia2/question-169_4.png"}]', NULL, 'INEP · ENEM 2025 · 2º dia · Caderno 7 azul', 'https://download.inep.gov.br/enem/provas_e_gabaritos/2025_PV_impresso_D2_CD7.pdf', '/enem/2025/dia2/question-169.png', 'enem/2025/dia2', 'official', 'valid', 'published', 'imported', 1);
--> statement-breakpoint
INSERT INTO `question_options` (`id`, `question_id`, `label`, `content`, `is_correct`) VALUES (20250866, 2025174, 'A', '[]', 1);
--> statement-breakpoint
INSERT INTO `question_options` (`id`, `question_id`, `label`, `content`, `is_correct`) VALUES (20250867, 2025174, 'B', '[]', 0);
--> statement-breakpoint
INSERT INTO `question_options` (`id`, `question_id`, `label`, `content`, `is_correct`) VALUES (20250868, 2025174, 'C', '[]', 0);
--> statement-breakpoint
INSERT INTO `question_options` (`id`, `question_id`, `label`, `content`, `is_correct`) VALUES (20250869, 2025174, 'D', '[]', 0);
--> statement-breakpoint
INSERT INTO `question_options` (`id`, `question_id`, `label`, `content`, `is_correct`) VALUES (20250870, 2025174, 'E', '[{"type":"text","content":"*020325AZ28*"}]', 0);
--> statement-breakpoint
INSERT INTO `questions` (`id`, `external_id`, `year`, `exam_day`, `booklet`, `official_number`, `language`, `area`, `topic`, `statement`, `content_json`, `support_text`, `source_label`, `source_url`, `image_key`, `asset_bundle_key`, `difficulty`, `answer_status`, `status`, `review_status`, `taxonomy_version`) VALUES (2025175, 'enem-2025-d2-azul-shared-170', 2025, 2, 'azul', 170, NULL, 'Matemática', 'Prova oficial ENEM 2025', 'Uma caixa de descarga, acoplada a um vaso sanitário, tem a forma de paralelepípedo reto retângulo cujas dimensões internas da base são 2,5 dm e 1,5 dm. Nessa caixa há uma boia que interrompe o abastecimento quando a altura da coluna de água atinge 2 dm, conforme a figura. A cada acionamento da descarga, todo o volume de água contida na caixa é despejado no vaso. Para reduzir o volume de água despejado a cada acionamento, uma pessoa colocará, no interior dessa caixa, garrafas de 300 mL, cheias de areia e tampadas, de modo a ficarem submersas quando o abastecimento for interrompido.Para garantir o funcionamento eficiente, o mínimo de água despejada a cada acionamento deve ser de 5 L.A quantidade máxima de garrafas que serão colocadas nessa caixa, garantindo um funcionamento eficiente, é igual a', '[{"type":"text","content":"Uma caixa de descarga, acoplada a um vaso sanitário, tem a forma de paralelepípedo reto retângulo cujas dimensões internas da base são 2,5 dm e 1,5 dm. Nessa caixa há uma boia que interrompe o abastecimento quando a altura da coluna de água atinge 2 dm, conforme a figura."},{"type":"image","content":"/enem/2025/dia2/question-170.png"},{"type":"image","content":"/enem/2025/dia2/question-170_1.png"},{"type":"text","content":"A cada acionamento da descarga, todo o volume de água contida na caixa é despejado no vaso. Para reduzir o volume de água despejado a cada acionamento, uma pessoa colocará, no interior dessa caixa, garrafas de 300 mL, cheias de areia e tampadas, de modo a ficarem submersas quando o abastecimento for interrompido.Para garantir o funcionamento eficiente, o mínimo de água despejada a cada acionamento deve ser de 5 L.A quantidade máxima de garrafas que serão colocadas nessa caixa, garantindo um funcionamento eficiente, é igual a"}]', NULL, 'INEP · ENEM 2025 · 2º dia · Caderno 7 azul', 'https://download.inep.gov.br/enem/provas_e_gabaritos/2025_PV_impresso_D2_CD7.pdf', '/enem/2025/dia2/question-170.png', 'enem/2025/dia2', 'official', 'valid', 'published', 'imported', 1);
--> statement-breakpoint
INSERT INTO `question_options` (`id`, `question_id`, `label`, `content`, `is_correct`) VALUES (20250871, 2025175, 'A', '[{"type":"text","content":"10."}]', 0);
--> statement-breakpoint
INSERT INTO `question_options` (`id`, `question_id`, `label`, `content`, `is_correct`) VALUES (20250872, 2025175, 'B', '[{"type":"text","content":"8."}]', 1);
--> statement-breakpoint
INSERT INTO `question_options` (`id`, `question_id`, `label`, `content`, `is_correct`) VALUES (20250873, 2025175, 'C', '[{"type":"text","content":"4."}]', 0);
--> statement-breakpoint
INSERT INTO `question_options` (`id`, `question_id`, `label`, `content`, `is_correct`) VALUES (20250874, 2025175, 'D', '[{"type":"text","content":"3."}]', 0);
--> statement-breakpoint
INSERT INTO `question_options` (`id`, `question_id`, `label`, `content`, `is_correct`) VALUES (20250875, 2025175, 'E', '[{"type":"text","content":"2."}]', 0);
--> statement-breakpoint
INSERT INTO `questions` (`id`, `external_id`, `year`, `exam_day`, `booklet`, `official_number`, `language`, `area`, `topic`, `statement`, `content_json`, `support_text`, `source_label`, `source_url`, `image_key`, `asset_bundle_key`, `difficulty`, `answer_status`, `status`, `review_status`, `taxonomy_version`) VALUES (2025176, 'enem-2025-d2-azul-shared-171', 2025, 2, 'azul', 171, NULL, 'Matemática', 'Prova oficial ENEM 2025', 'Um confeiteiro passou a produzir tortas em formato de cilindro circular reto, com raio da base variando entre 12 cm e 16 cm e altura de 6 cm. Essas tortas deverão ser embaladas em caixas com formato de prisma reto de base quadrada, de modo que seja possível acomodar a torta em seu interior e ainda restar pelo menos 1 cm de distância entre a torta e as superfícies internas da caixa, lateral e superior. Ele dispõe, originalmente, de caixas no formato pretendido, cujas dimensões internas são 14 cm de comprimento do lado da base e 7 cm de altura, que não atendem às suas necessidades. Portanto, ele comprará novas caixas, com o mesmo formato das caixas originais, mas com comprimento do lado da base maior, que sejam adequadas para embalar todos os tipos de torta que produz.A aresta da base das novas caixas deve ser, no mínimo, quantos centímetros maior do que a das caixas originais?', '[{"type":"text","content":"Um confeiteiro passou a produzir tortas em formato de cilindro circular reto, com raio da base variando entre 12 cm e 16 cm e altura de 6 cm. Essas tortas deverão ser embaladas em caixas com formato de prisma reto de base quadrada, de modo que seja possível acomodar a torta em seu interior e ainda restar pelo menos 1 cm de distância entre a torta e as superfícies internas da caixa, lateral e superior. Ele dispõe, originalmente, de caixas no formato pretendido, cujas dimensões internas são 14 cm de comprimento do lado da base e 7 cm de altura, que não atendem às suas necessidades. Portanto, ele comprará novas caixas, com o mesmo formato das caixas originais, mas com comprimento do lado da base maior, que sejam adequadas para embalar todos os tipos de torta que produz.A aresta da base das novas caixas deve ser, no mínimo, quantos centímetros maior do que a das caixas originais?"}]', NULL, 'INEP · ENEM 2025 · 2º dia · Caderno 7 azul', 'https://download.inep.gov.br/enem/provas_e_gabaritos/2025_PV_impresso_D2_CD7.pdf', NULL, 'enem/2025/dia2', 'official', 'valid', 'published', 'imported', 1);
--> statement-breakpoint
INSERT INTO `question_options` (`id`, `question_id`, `label`, `content`, `is_correct`) VALUES (20250876, 2025176, 'A', '[{"type":"text","content":"4"}]', 0);
--> statement-breakpoint
INSERT INTO `question_options` (`id`, `question_id`, `label`, `content`, `is_correct`) VALUES (20250877, 2025176, 'B', '[{"type":"text","content":"12"}]', 0);
--> statement-breakpoint
INSERT INTO `question_options` (`id`, `question_id`, `label`, `content`, `is_correct`) VALUES (20250878, 2025176, 'C', '[{"type":"text","content":"16"}]', 0);
--> statement-breakpoint
INSERT INTO `question_options` (`id`, `question_id`, `label`, `content`, `is_correct`) VALUES (20250879, 2025176, 'D', '[{"type":"text","content":"18"}]', 0);
--> statement-breakpoint
INSERT INTO `question_options` (`id`, `question_id`, `label`, `content`, `is_correct`) VALUES (20250880, 2025176, 'E', '[{"type":"text","content":"20"}]', 1);
--> statement-breakpoint
INSERT INTO `questions` (`id`, `external_id`, `year`, `exam_day`, `booklet`, `official_number`, `language`, `area`, `topic`, `statement`, `content_json`, `support_text`, `source_label`, `source_url`, `image_key`, `asset_bundle_key`, `difficulty`, `answer_status`, `status`, `review_status`, `taxonomy_version`) VALUES (2025177, 'enem-2025-d2-azul-shared-172', 2025, 2, 'azul', 172, NULL, 'Matemática', 'Prova oficial ENEM 2025', 'Um empresário utiliza máquinas cuja pressão interna P, em atmosfera, depende do tempo contínuo de utilização t, em hora, e de um parâmetro positivo K, que define o modelo da máquina, segundo a expressão:P= 4 ⋅ log[−K ⋅ (t+ 1) ⋅ (t − 19)]O fabricante dessas máquinas recomenda ao usuário que a pressão interna desse tipo de máquina não ultrapasse 10 atmosferas durante seu funcionamento.O empresário pretende comprar novas máquinas desse tipo que deverão funcionar, diariamente, por um período contínuo de 10 horas. Para isso, precisa definir o modelo de máquina a ser adquirida escolhendo o maior valor possível do parâmetro K, atendendo à recomendação do fabricante.O maior valor a ser escolhido para K é', '[{"type":"text","content":"Um empresário utiliza máquinas cuja pressão interna P, em atmosfera, depende do tempo contínuo de utilização t, em hora, e de um parâmetro positivo K, que define o modelo da máquina, segundo a expressão:P= 4 ⋅ log[−K ⋅ (t+ 1) ⋅ (t − 19)]O fabricante dessas máquinas recomenda ao usuário que a pressão interna desse tipo de máquina não ultrapasse 10 atmosferas durante seu funcionamento.O empresário pretende comprar novas máquinas desse tipo que deverão funcionar, diariamente, por um período contínuo de 10 horas. Para isso, precisa definir o modelo de máquina a ser adquirida escolhendo o maior valor possível do parâmetro K, atendendo à recomendação do fabricante.O maior valor a ser escolhido para K é"}]', NULL, 'INEP · ENEM 2025 · 2º dia · Caderno 7 azul', 'https://download.inep.gov.br/enem/provas_e_gabaritos/2025_PV_impresso_D2_CD7.pdf', NULL, 'enem/2025/dia2', 'official', 'valid', 'published', 'imported', 1);
--> statement-breakpoint
INSERT INTO `question_options` (`id`, `question_id`, `label`, `content`, `is_correct`) VALUES (20250881, 2025177, 'A', '[{"type":"text","content":"100,5"}]', 1);
--> statement-breakpoint
INSERT INTO `question_options` (`id`, `question_id`, `label`, `content`, `is_correct`) VALUES (20250882, 2025177, 'B', '[{"type":"text","content":"108"}]', 0);
--> statement-breakpoint
INSERT INTO `question_options` (`id`, `question_id`, `label`, `content`, `is_correct`) VALUES (20250883, 2025177, 'C', '[{"type":"text","content":"108425,"}]', 0);
--> statement-breakpoint
INSERT INTO `question_options` (`id`, `question_id`, `label`, `content`, `is_correct`) VALUES (20250884, 2025177, 'D', '[{"type":"text","content":"109925,"}]', 0);
--> statement-breakpoint
INSERT INTO `question_options` (`id`, `question_id`, `label`, `content`, `is_correct`) VALUES (20250885, 2025177, 'E', '[{"type":"text","content":"25"}]', 0);
--> statement-breakpoint
INSERT INTO `questions` (`id`, `external_id`, `year`, `exam_day`, `booklet`, `official_number`, `language`, `area`, `topic`, `statement`, `content_json`, `support_text`, `source_label`, `source_url`, `image_key`, `asset_bundle_key`, `difficulty`, `answer_status`, `status`, `review_status`, `taxonomy_version`) VALUES (2025178, 'enem-2025-d2-azul-shared-173', 2025, 2, 'azul', 173, NULL, 'Matemática', 'Prova oficial ENEM 2025', 'Em uma cidade, será construído um túnel que atravessa uma montanha para facilitar o trânsito de automóveis e bicicletas. Dois projetos foram elaborados e os esquemas com as vistas frontais desses projetos são apresentados na figura. O Projeto 1 conta com dois túneis, um exclusivo para bicicletas e o outro, para automóveis. O Projeto 2 conta com um único túnel, com espaços reservados para o trânsito exclusivo de bicicletas e automóveis. Nos dois projetos, os túneis têm o formato de semicilindro reto de mesma extensão, com vias de ida e volta para os dois tipos de veículos, separados por muretas.O projeto a ser aprovado será aquele que apresentar a menor área da seção transversal, pois implicará menor volume de material retirado da montanha.Considere 3 como aproximação para p e desconsidere as espessuras das muretas.O projeto a ser aprovado é', '[{"type":"text","content":"Em uma cidade, será construído um túnel que atravessa uma montanha para facilitar o trânsito de automóveis e bicicletas. Dois projetos foram elaborados e os esquemas com as vistas frontais desses projetos são apresentados na figura."},{"type":"image","content":"/enem/2025/dia2/question-173.png"},{"type":"text","content":"O Projeto 1 conta com dois túneis, um exclusivo para bicicletas e o outro, para automóveis. O Projeto 2 conta com um único túnel, com espaços reservados para o trânsito exclusivo de bicicletas e automóveis. Nos dois projetos, os túneis têm o formato de semicilindro reto de mesma extensão, com vias de ida e volta para os dois tipos de veículos, separados por muretas.O projeto a ser aprovado será aquele que apresentar a menor área da seção transversal, pois implicará menor volume de material retirado da montanha.Considere 3 como aproximação para p e desconsidere as espessuras das muretas.O projeto a ser aprovado é"}]', NULL, 'INEP · ENEM 2025 · 2º dia · Caderno 7 azul', 'https://download.inep.gov.br/enem/provas_e_gabaritos/2025_PV_impresso_D2_CD7.pdf', '/enem/2025/dia2/question-173.png', 'enem/2025/dia2', 'official', 'valid', 'published', 'imported', 1);
--> statement-breakpoint
INSERT INTO `question_options` (`id`, `question_id`, `label`, `content`, `is_correct`) VALUES (20250886, 2025178, 'A', '[{"type":"text","content":"o 1, pois apresenta área de seção transversal medindo 67,5 m2."}]', 1);
--> statement-breakpoint
INSERT INTO `question_options` (`id`, `question_id`, `label`, `content`, `is_correct`) VALUES (20250887, 2025178, 'B', '[{"type":"text","content":"o 2, pois apresenta área de seção transversal medindo 121,5 m2."}]', 0);
--> statement-breakpoint
INSERT INTO `question_options` (`id`, `question_id`, `label`, `content`, `is_correct`) VALUES (20250888, 2025178, 'C', '[{"type":"text","content":"o 1, pois apresenta área de seção transversal medindo 135 m2."}]', 0);
--> statement-breakpoint
INSERT INTO `question_options` (`id`, `question_id`, `label`, `content`, `is_correct`) VALUES (20250889, 2025178, 'D', '[{"type":"text","content":"o 2, pois apresenta área de seção transversal medindo 243 m2."}]', 0);
--> statement-breakpoint
INSERT INTO `question_options` (`id`, `question_id`, `label`, `content`, `is_correct`) VALUES (20250890, 2025178, 'E', '[{"type":"text","content":"qualquer um dos dois, pois apresentam áreas de suas seções"}]', 0);
--> statement-breakpoint
INSERT INTO `questions` (`id`, `external_id`, `year`, `exam_day`, `booklet`, `official_number`, `language`, `area`, `topic`, `statement`, `content_json`, `support_text`, `source_label`, `source_url`, `image_key`, `asset_bundle_key`, `difficulty`, `answer_status`, `status`, `review_status`, `taxonomy_version`) VALUES (2025179, 'enem-2025-d2-azul-shared-174', 2025, 2, 'azul', 174, NULL, 'Matemática', 'Prova oficial ENEM 2025', 'Um carro que custa 60 mil reais é comercializado por uma revendedora que oferece duas opções de pagamento, todas sem entrada e sem juros:• opção 1: pagamento em n parcelas iguais;• opção 2: pagamento em 6 parcelas a mais do que na opção 1 e, com isso, o valor de cada parcela se torna R$ 500,00 menor do que o valor da parcela na opção 1.Nas duas opções de pagamento, o valor total a ser pago pelo carro é o mesmo.Qual é a quantidade n de parcelas contidas na opção 1 de pagamento?', '[{"type":"text","content":"Um carro que custa 60 mil reais é comercializado por uma revendedora que oferece duas opções de pagamento, todas sem entrada e sem juros:• opção 1: pagamento em n parcelas iguais;• opção 2: pagamento em 6 parcelas a mais do que na opção 1 e, com isso, o valor de cada parcela se torna R$ 500,00 menor do que o valor da parcela na opção 1.Nas duas opções de pagamento, o valor total a ser pago pelo carro é o mesmo.Qual é a quantidade n de parcelas contidas na opção 1 de pagamento?"}]', NULL, 'INEP · ENEM 2025 · 2º dia · Caderno 7 azul', 'https://download.inep.gov.br/enem/provas_e_gabaritos/2025_PV_impresso_D2_CD7.pdf', NULL, 'enem/2025/dia2', 'official', 'annulled', 'published', 'imported', 1);
--> statement-breakpoint
INSERT INTO `question_options` (`id`, `question_id`, `label`, `content`, `is_correct`) VALUES (20250891, 2025179, 'A', '[{"type":"text","content":"18"}]', 0);
--> statement-breakpoint
INSERT INTO `question_options` (`id`, `question_id`, `label`, `content`, `is_correct`) VALUES (20250892, 2025179, 'B', '[{"type":"text","content":"24"}]', 0);
--> statement-breakpoint
INSERT INTO `question_options` (`id`, `question_id`, `label`, `content`, `is_correct`) VALUES (20250893, 2025179, 'C', '[{"type":"text","content":"30"}]', 0);
--> statement-breakpoint
INSERT INTO `question_options` (`id`, `question_id`, `label`, `content`, `is_correct`) VALUES (20250894, 2025179, 'D', '[{"type":"text","content":"42"}]', 0);
--> statement-breakpoint
INSERT INTO `question_options` (`id`, `question_id`, `label`, `content`, `is_correct`) VALUES (20250895, 2025179, 'E', '[{"type":"text","content":"48"}]', 0);
--> statement-breakpoint
INSERT INTO `questions` (`id`, `external_id`, `year`, `exam_day`, `booklet`, `official_number`, `language`, `area`, `topic`, `statement`, `content_json`, `support_text`, `source_label`, `source_url`, `image_key`, `asset_bundle_key`, `difficulty`, `answer_status`, `status`, `review_status`, `taxonomy_version`) VALUES (2025180, 'enem-2025-d2-azul-shared-175', 2025, 2, 'azul', 175, NULL, 'Matemática', 'Prova oficial ENEM 2025', 'Um pai comprou oito presentes diferentes (dentre os quais, uma bicicleta e um celular) para dar a seus três filhos. Ele pretende distribuir os presentes de modo que o filho mais velho e o mais novo recebam três presentes cada um, e o do meio receba os dois presentes restantes. O mais velho ganhará, entre seus presentes, ou uma bicicleta ou um celular, mas não ambos.De quantas maneiras distintas a distribuição dos presentes pode ser feita?', '[{"type":"text","content":"Um pai comprou oito presentes diferentes (dentre os quais, uma bicicleta e um celular) para dar a seus três filhos. Ele pretende distribuir os presentes de modo que o filho mais velho e o mais novo recebam três presentes cada um, e o do meio receba os dois presentes restantes. O mais velho ganhará, entre seus presentes, ou uma bicicleta ou um celular, mas não ambos.De quantas maneiras distintas a distribuição dos presentes pode ser feita?"}]', NULL, 'INEP · ENEM 2025 · 2º dia · Caderno 7 azul', 'https://download.inep.gov.br/enem/provas_e_gabaritos/2025_PV_impresso_D2_CD7.pdf', NULL, 'enem/2025/dia2', 'official', 'valid', 'published', 'imported', 1);
--> statement-breakpoint
INSERT INTO `question_options` (`id`, `question_id`, `label`, `content`, `is_correct`) VALUES (20250896, 2025180, 'A', '[{"type":"text","content":"36"}]', 0);
--> statement-breakpoint
INSERT INTO `question_options` (`id`, `question_id`, `label`, `content`, `is_correct`) VALUES (20250897, 2025180, 'B', '[{"type":"text","content":"53"}]', 0);
--> statement-breakpoint
INSERT INTO `question_options` (`id`, `question_id`, `label`, `content`, `is_correct`) VALUES (20250898, 2025180, 'C', '[{"type":"text","content":"300"}]', 1);
--> statement-breakpoint
INSERT INTO `question_options` (`id`, `question_id`, `label`, `content`, `is_correct`) VALUES (20250899, 2025180, 'D', '[{"type":"text","content":"360"}]', 0);
--> statement-breakpoint
INSERT INTO `question_options` (`id`, `question_id`, `label`, `content`, `is_correct`) VALUES (20250900, 2025180, 'E', '[{"type":"text","content":"560"}]', 0);
--> statement-breakpoint
INSERT INTO `questions` (`id`, `external_id`, `year`, `exam_day`, `booklet`, `official_number`, `language`, `area`, `topic`, `statement`, `content_json`, `support_text`, `source_label`, `source_url`, `image_key`, `asset_bundle_key`, `difficulty`, `answer_status`, `status`, `review_status`, `taxonomy_version`) VALUES (2025181, 'enem-2025-d2-azul-shared-176', 2025, 2, 'azul', 176, NULL, 'Matemática', 'Prova oficial ENEM 2025', 'A final de um campeonato de futebol foi disputada em 2 tempos regulamentares, de 45 minutos cada, sem acréscimos, com uma prorrogação de 30 minutos, também sem acréscimos. Um jogador entrou no início do segundo tempo, com um equipamento para medir a distância percorrida durante sua participação no jogo. Ao final do segundo tempo regulamentar, esse jogador havia percorrido 4,5 km. Ele manteve na prorrogação a mesma velocidade média que havia mantido no segundo tempo regulamentar.A distância percorrida por esse jogador durante sua participação na partida, em quilômetro, foi', '[{"type":"text","content":"A final de um campeonato de futebol foi disputada em 2 tempos regulamentares, de 45 minutos cada, sem acréscimos, com uma prorrogação de 30 minutos, também sem acréscimos. Um jogador entrou no início do segundo tempo, com um equipamento para medir a distância percorrida durante sua participação no jogo. Ao final do segundo tempo regulamentar, esse jogador havia percorrido 4,5 km. Ele manteve na prorrogação a mesma velocidade média que havia mantido no segundo tempo regulamentar.A distância percorrida por esse jogador durante sua participação na partida, em quilômetro, foi"}]', NULL, 'INEP · ENEM 2025 · 2º dia · Caderno 7 azul', 'https://download.inep.gov.br/enem/provas_e_gabaritos/2025_PV_impresso_D2_CD7.pdf', NULL, 'enem/2025/dia2', 'official', 'valid', 'published', 'imported', 1);
--> statement-breakpoint
INSERT INTO `question_options` (`id`, `question_id`, `label`, `content`, `is_correct`) VALUES (20250901, 2025181, 'A', '[{"type":"text","content":"4,5."}]', 0);
--> statement-breakpoint
INSERT INTO `question_options` (`id`, `question_id`, `label`, `content`, `is_correct`) VALUES (20250902, 2025181, 'B', '[{"type":"text","content":"6,0."}]', 0);
--> statement-breakpoint
INSERT INTO `question_options` (`id`, `question_id`, `label`, `content`, `is_correct`) VALUES (20250903, 2025181, 'C', '[{"type":"text","content":"7,5."}]', 1);
--> statement-breakpoint
INSERT INTO `question_options` (`id`, `question_id`, `label`, `content`, `is_correct`) VALUES (20250904, 2025181, 'D', '[{"type":"text","content":"9,0."}]', 0);
--> statement-breakpoint
INSERT INTO `question_options` (`id`, `question_id`, `label`, `content`, `is_correct`) VALUES (20250905, 2025181, 'E', '[{"type":"text","content":"12,0."}]', 0);
--> statement-breakpoint
INSERT INTO `questions` (`id`, `external_id`, `year`, `exam_day`, `booklet`, `official_number`, `language`, `area`, `topic`, `statement`, `content_json`, `support_text`, `source_label`, `source_url`, `image_key`, `asset_bundle_key`, `difficulty`, `answer_status`, `status`, `review_status`, `taxonomy_version`) VALUES (2025182, 'enem-2025-d2-azul-shared-177', 2025, 2, 'azul', 177, NULL, 'Matemática', 'Prova oficial ENEM 2025', 'A figura ilustra o projeto visual para confecção de uma medalha comemorativa, com a forma de um cilindro circular reto, de diâmetro 6 cm e espessura 3 mm. A figura ABCD tem a forma de um quadrado e é a base de um prisma que atravessa toda a medalha. A região da medalha externa a esse prisma será cunhada em ouro. Pretende-se cunhar 100 dessas medalhas.Considere 3,1 como valor aproximado para p.Qual é o volume de ouro, em centímetro cúbico, necessário para a confecção dessas medalhas?', '[{"type":"text","content":"A figura ilustra o projeto visual para confecção de uma medalha comemorativa, com a forma de um cilindro circular reto, de diâmetro 6 cm e espessura 3 mm."},{"type":"image","content":"/enem/2025/dia2/question-177.png"},{"type":"text","content":"A figura ABCD tem a forma de um quadrado e é a base de um prisma que atravessa toda a medalha. A região da medalha externa a esse prisma será cunhada em ouro. Pretende-se cunhar 100 dessas medalhas.Considere 3,1 como valor aproximado para p.Qual é o volume de ouro, em centímetro cúbico, necessário para a confecção dessas medalhas?"}]', NULL, 'INEP · ENEM 2025 · 2º dia · Caderno 7 azul', 'https://download.inep.gov.br/enem/provas_e_gabaritos/2025_PV_impresso_D2_CD7.pdf', '/enem/2025/dia2/question-177.png', 'enem/2025/dia2', 'official', 'valid', 'published', 'imported', 1);
--> statement-breakpoint
INSERT INTO `question_options` (`id`, `question_id`, `label`, `content`, `is_correct`) VALUES (20250906, 2025182, 'A', '[{"type":"text","content":"288"}]', 0);
--> statement-breakpoint
INSERT INTO `question_options` (`id`, `question_id`, `label`, `content`, `is_correct`) VALUES (20250907, 2025182, 'B', '[{"type":"text","content":"297"}]', 1);
--> statement-breakpoint
INSERT INTO `question_options` (`id`, `question_id`, `label`, `content`, `is_correct`) VALUES (20250908, 2025182, 'C', '[{"type":"text","content":"567"}]', 0);
--> statement-breakpoint
INSERT INTO `question_options` (`id`, `question_id`, `label`, `content`, `is_correct`) VALUES (20250909, 2025182, 'D', '[{"type":"text","content":"990"}]', 0);
--> statement-breakpoint
INSERT INTO `question_options` (`id`, `question_id`, `label`, `content`, `is_correct`) VALUES (20250910, 2025182, 'E', '[{"type":"text","content":"1 134"}]', 0);
--> statement-breakpoint
INSERT INTO `questions` (`id`, `external_id`, `year`, `exam_day`, `booklet`, `official_number`, `language`, `area`, `topic`, `statement`, `content_json`, `support_text`, `source_label`, `source_url`, `image_key`, `asset_bundle_key`, `difficulty`, `answer_status`, `status`, `review_status`, `taxonomy_version`) VALUES (2025183, 'enem-2025-d2-azul-shared-178', 2025, 2, 'azul', 178, NULL, 'Matemática', 'Prova oficial ENEM 2025', 'Três dados cúbicos, com faces numeradas de 1 a 6, foram utilizados em um jogo. Artur escolheu dois dados, e João ficou com o terceiro. O jogo consiste em ambos lançarem seus dados, observarem os números nas faces voltadas para cima e compararem o maior número obtido por Artur com o número obtido por João. Vence o jogador que obtiver o maior número. Em caso de empate, a vitória é de João.O jogador que tem a maior probabilidade de vitória é', '[{"type":"text","content":"Três dados cúbicos, com faces numeradas de 1 a 6, foram utilizados em um jogo. Artur escolheu dois dados, e João ficou com o terceiro. O jogo consiste em ambos lançarem seus dados, observarem os números nas faces voltadas para cima e compararem o maior número obtido por Artur com o número obtido por João. Vence o jogador que obtiver o maior número. Em caso de empate, a vitória é de João.O jogador que tem a maior probabilidade de vitória é"}]', NULL, 'INEP · ENEM 2025 · 2º dia · Caderno 7 azul', 'https://download.inep.gov.br/enem/provas_e_gabaritos/2025_PV_impresso_D2_CD7.pdf', NULL, 'enem/2025/dia2', 'official', 'valid', 'published', 'imported', 1);
--> statement-breakpoint
INSERT INTO `question_options` (`id`, `question_id`, `label`, `content`, `is_correct`) VALUES (20250911, 2025183, 'A', '[{"type":"text","content":"Artur, com probabilidade de 23"}]', 0);
--> statement-breakpoint
INSERT INTO `question_options` (`id`, `question_id`, `label`, `content`, `is_correct`) VALUES (20250912, 2025183, 'B', '[{"type":"text","content":"João, com probabilidade de 49"}]', 0);
--> statement-breakpoint
INSERT INTO `question_options` (`id`, `question_id`, `label`, `content`, `is_correct`) VALUES (20250913, 2025183, 'C', '[{"type":"text","content":"Artur, com probabilidade de 91216"}]', 0);
--> statement-breakpoint
INSERT INTO `question_options` (`id`, `question_id`, `label`, `content`, `is_correct`) VALUES (20250914, 2025183, 'D', '[{"type":"text","content":"João, com probabilidade de 91216"}]', 0);
--> statement-breakpoint
INSERT INTO `question_options` (`id`, `question_id`, `label`, `content`, `is_correct`) VALUES (20250915, 2025183, 'E', '[{"type":"text","content":"Artur, com probabilidade de"}]', 1);
--> statement-breakpoint
INSERT INTO `questions` (`id`, `external_id`, `year`, `exam_day`, `booklet`, `official_number`, `language`, `area`, `topic`, `statement`, `content_json`, `support_text`, `source_label`, `source_url`, `image_key`, `asset_bundle_key`, `difficulty`, `answer_status`, `status`, `review_status`, `taxonomy_version`) VALUES (2025184, 'enem-2025-d2-azul-shared-179', 2025, 2, 'azul', 179, NULL, 'Matemática', 'Prova oficial ENEM 2025', 'A luminância de um objeto é a grandeza que descreve a quantidade de luz produzida ou refletida por sua superfície. Ela está definida como a razão entre a intensidade luminosa, medida em candela (cd), e o quadrado da distância do objeto até o foco de luz, medida em metro (m).A unidade de medida da luminância de um objeto é', '[{"type":"text","content":"A luminância de um objeto é a grandeza que descreve a quantidade de luz produzida ou refletida por sua superfície. Ela está definida como a razão entre a intensidade luminosa, medida em candela (cd), e o quadrado da distância do objeto até o foco de luz, medida em metro (m).A unidade de medida da luminância de um objeto é"}]', NULL, 'INEP · ENEM 2025 · 2º dia · Caderno 7 azul', 'https://download.inep.gov.br/enem/provas_e_gabaritos/2025_PV_impresso_D2_CD7.pdf', NULL, 'enem/2025/dia2', 'official', 'valid', 'published', 'imported', 1);
--> statement-breakpoint
INSERT INTO `question_options` (`id`, `question_id`, `label`, `content`, `is_correct`) VALUES (20250916, 2025184, 'A', '[{"type":"text","content":"cdm2"}]', 1);
--> statement-breakpoint
INSERT INTO `question_options` (`id`, `question_id`, `label`, `content`, `is_correct`) VALUES (20250917, 2025184, 'B', '[{"type":"text","content":"mcd2"}]', 0);
--> statement-breakpoint
INSERT INTO `question_options` (`id`, `question_id`, `label`, `content`, `is_correct`) VALUES (20250918, 2025184, 'C', '[{"type":"text","content":"cdm"}]', 0);
--> statement-breakpoint
INSERT INTO `question_options` (`id`, `question_id`, `label`, `content`, `is_correct`) VALUES (20250919, 2025184, 'D', '[{"type":"text","content":"mcd"}]', 0);
--> statement-breakpoint
INSERT INTO `question_options` (`id`, `question_id`, `label`, `content`, `is_correct`) VALUES (20250920, 2025184, 'E', '[{"type":"text","content":"m"}]', 0);
--> statement-breakpoint
INSERT INTO `questions` (`id`, `external_id`, `year`, `exam_day`, `booklet`, `official_number`, `language`, `area`, `topic`, `statement`, `content_json`, `support_text`, `source_label`, `source_url`, `image_key`, `asset_bundle_key`, `difficulty`, `answer_status`, `status`, `review_status`, `taxonomy_version`) VALUES (2025185, 'enem-2025-d2-azul-shared-180', 2025, 2, 'azul', 180, NULL, 'Matemática', 'Prova oficial ENEM 2025', 'Quatro amigos, cada um com 100 moedas, criaram um jogo, no qual cada um assume uma das quatro posições, 1, 2, 3 ou 4, indicadas na figura, e nela permanece até o final. O desenvolvimento do jogo se dá em rodadas e, em todas elas, cada jogador transfere e recebe uma quantidade de moedas, da seguinte maneira:• o jogador na posição 1 transfere 1 moeda para o jogador na posição 2;• o jogador na posição 2 transfere 2 moedas para o jogador na posição 3;• o jogador na posição 3 transfere 3 moedas para o jogador na posição 4;• o jogador na posição 4 transfere 4 moedas para o jogador na posição 1, completando a rodada.Ao final da rodada n, qual é a expressão algébrica que representa o número de moedas do jogador na posição 1?', '[{"type":"text","content":"Quatro amigos, cada um com 100 moedas, criaram um jogo, no qual cada um assume uma das quatro posições, 1, 2, 3 ou 4, indicadas na figura, e nela permanece até o final."},{"type":"image","content":"/enem/2025/dia2/question-180.png"},{"type":"text","content":"O desenvolvimento do jogo se dá em rodadas e, em todas elas, cada jogador transfere e recebe uma quantidade de moedas, da seguinte maneira:• o jogador na posição 1 transfere 1 moeda para o jogador na posição 2;• o jogador na posição 2 transfere 2 moedas para o jogador na posição 3;• o jogador na posição 3 transfere 3 moedas para o jogador na posição 4;• o jogador na posição 4 transfere 4 moedas para o jogador na posição 1, completando a rodada.Ao final da rodada n, qual é a expressão algébrica que representa o número de moedas do jogador na posição 1?"}]', NULL, 'INEP · ENEM 2025 · 2º dia · Caderno 7 azul', 'https://download.inep.gov.br/enem/provas_e_gabaritos/2025_PV_impresso_D2_CD7.pdf', '/enem/2025/dia2/question-180.png', 'enem/2025/dia2', 'official', 'valid', 'published', 'imported', 1);
--> statement-breakpoint
INSERT INTO `question_options` (`id`, `question_id`, `label`, `content`, `is_correct`) VALUES (20250921, 2025185, 'A', '[{"type":"text","content":"103 + 4n"}]', 0);
--> statement-breakpoint
INSERT INTO `question_options` (`id`, `question_id`, `label`, `content`, `is_correct`) VALUES (20250922, 2025185, 'B', '[{"type":"text","content":"103 + 3n"}]', 0);
--> statement-breakpoint
INSERT INTO `question_options` (`id`, `question_id`, `label`, `content`, `is_correct`) VALUES (20250923, 2025185, 'C', '[{"type":"text","content":"100 + 4n"}]', 0);
--> statement-breakpoint
INSERT INTO `question_options` (`id`, `question_id`, `label`, `content`, `is_correct`) VALUES (20250924, 2025185, 'D', '[{"type":"text","content":"100 + 3n"}]', 1);
--> statement-breakpoint
INSERT INTO `question_options` (`id`, `question_id`, `label`, `content`, `is_correct`) VALUES (20250925, 2025185, 'E', '[{"type":"text","content":"99"}]', 0);
--> statement-breakpoint
INSERT INTO `exam_questions` (`exam_id`, `question_id`, `position`) VALUES (202501, 2025001, 1);
--> statement-breakpoint
INSERT INTO `exam_questions` (`exam_id`, `question_id`, `position`) VALUES (202501, 2025002, 2);
--> statement-breakpoint
INSERT INTO `exam_questions` (`exam_id`, `question_id`, `position`) VALUES (202501, 2025003, 3);
--> statement-breakpoint
INSERT INTO `exam_questions` (`exam_id`, `question_id`, `position`) VALUES (202501, 2025004, 4);
--> statement-breakpoint
INSERT INTO `exam_questions` (`exam_id`, `question_id`, `position`) VALUES (202501, 2025005, 5);
--> statement-breakpoint
INSERT INTO `exam_questions` (`exam_id`, `question_id`, `position`) VALUES (202501, 2025011, 6);
--> statement-breakpoint
INSERT INTO `exam_questions` (`exam_id`, `question_id`, `position`) VALUES (202501, 2025012, 7);
--> statement-breakpoint
INSERT INTO `exam_questions` (`exam_id`, `question_id`, `position`) VALUES (202501, 2025013, 8);
--> statement-breakpoint
INSERT INTO `exam_questions` (`exam_id`, `question_id`, `position`) VALUES (202501, 2025014, 9);
--> statement-breakpoint
INSERT INTO `exam_questions` (`exam_id`, `question_id`, `position`) VALUES (202501, 2025015, 10);
--> statement-breakpoint
INSERT INTO `exam_questions` (`exam_id`, `question_id`, `position`) VALUES (202501, 2025016, 11);
--> statement-breakpoint
INSERT INTO `exam_questions` (`exam_id`, `question_id`, `position`) VALUES (202501, 2025017, 12);
--> statement-breakpoint
INSERT INTO `exam_questions` (`exam_id`, `question_id`, `position`) VALUES (202501, 2025018, 13);
--> statement-breakpoint
INSERT INTO `exam_questions` (`exam_id`, `question_id`, `position`) VALUES (202501, 2025019, 14);
--> statement-breakpoint
INSERT INTO `exam_questions` (`exam_id`, `question_id`, `position`) VALUES (202501, 2025020, 15);
--> statement-breakpoint
INSERT INTO `exam_questions` (`exam_id`, `question_id`, `position`) VALUES (202501, 2025021, 16);
--> statement-breakpoint
INSERT INTO `exam_questions` (`exam_id`, `question_id`, `position`) VALUES (202501, 2025022, 17);
--> statement-breakpoint
INSERT INTO `exam_questions` (`exam_id`, `question_id`, `position`) VALUES (202501, 2025023, 18);
--> statement-breakpoint
INSERT INTO `exam_questions` (`exam_id`, `question_id`, `position`) VALUES (202501, 2025024, 19);
--> statement-breakpoint
INSERT INTO `exam_questions` (`exam_id`, `question_id`, `position`) VALUES (202501, 2025025, 20);
--> statement-breakpoint
INSERT INTO `exam_questions` (`exam_id`, `question_id`, `position`) VALUES (202501, 2025026, 21);
--> statement-breakpoint
INSERT INTO `exam_questions` (`exam_id`, `question_id`, `position`) VALUES (202501, 2025027, 22);
--> statement-breakpoint
INSERT INTO `exam_questions` (`exam_id`, `question_id`, `position`) VALUES (202501, 2025028, 23);
--> statement-breakpoint
INSERT INTO `exam_questions` (`exam_id`, `question_id`, `position`) VALUES (202501, 2025029, 24);
--> statement-breakpoint
INSERT INTO `exam_questions` (`exam_id`, `question_id`, `position`) VALUES (202501, 2025030, 25);
--> statement-breakpoint
INSERT INTO `exam_questions` (`exam_id`, `question_id`, `position`) VALUES (202501, 2025031, 26);
--> statement-breakpoint
INSERT INTO `exam_questions` (`exam_id`, `question_id`, `position`) VALUES (202501, 2025032, 27);
--> statement-breakpoint
INSERT INTO `exam_questions` (`exam_id`, `question_id`, `position`) VALUES (202501, 2025033, 28);
--> statement-breakpoint
INSERT INTO `exam_questions` (`exam_id`, `question_id`, `position`) VALUES (202501, 2025034, 29);
--> statement-breakpoint
INSERT INTO `exam_questions` (`exam_id`, `question_id`, `position`) VALUES (202501, 2025035, 30);
--> statement-breakpoint
INSERT INTO `exam_questions` (`exam_id`, `question_id`, `position`) VALUES (202501, 2025036, 31);
--> statement-breakpoint
INSERT INTO `exam_questions` (`exam_id`, `question_id`, `position`) VALUES (202501, 2025037, 32);
--> statement-breakpoint
INSERT INTO `exam_questions` (`exam_id`, `question_id`, `position`) VALUES (202501, 2025038, 33);
--> statement-breakpoint
INSERT INTO `exam_questions` (`exam_id`, `question_id`, `position`) VALUES (202501, 2025039, 34);
--> statement-breakpoint
INSERT INTO `exam_questions` (`exam_id`, `question_id`, `position`) VALUES (202501, 2025040, 35);
--> statement-breakpoint
INSERT INTO `exam_questions` (`exam_id`, `question_id`, `position`) VALUES (202501, 2025041, 36);
--> statement-breakpoint
INSERT INTO `exam_questions` (`exam_id`, `question_id`, `position`) VALUES (202501, 2025042, 37);
--> statement-breakpoint
INSERT INTO `exam_questions` (`exam_id`, `question_id`, `position`) VALUES (202501, 2025043, 38);
--> statement-breakpoint
INSERT INTO `exam_questions` (`exam_id`, `question_id`, `position`) VALUES (202501, 2025044, 39);
--> statement-breakpoint
INSERT INTO `exam_questions` (`exam_id`, `question_id`, `position`) VALUES (202501, 2025045, 40);
--> statement-breakpoint
INSERT INTO `exam_questions` (`exam_id`, `question_id`, `position`) VALUES (202501, 2025046, 41);
--> statement-breakpoint
INSERT INTO `exam_questions` (`exam_id`, `question_id`, `position`) VALUES (202501, 2025047, 42);
--> statement-breakpoint
INSERT INTO `exam_questions` (`exam_id`, `question_id`, `position`) VALUES (202501, 2025048, 43);
--> statement-breakpoint
INSERT INTO `exam_questions` (`exam_id`, `question_id`, `position`) VALUES (202501, 2025049, 44);
--> statement-breakpoint
INSERT INTO `exam_questions` (`exam_id`, `question_id`, `position`) VALUES (202501, 2025050, 45);
--> statement-breakpoint
INSERT INTO `exam_questions` (`exam_id`, `question_id`, `position`) VALUES (202501, 2025051, 46);
--> statement-breakpoint
INSERT INTO `exam_questions` (`exam_id`, `question_id`, `position`) VALUES (202501, 2025052, 47);
--> statement-breakpoint
INSERT INTO `exam_questions` (`exam_id`, `question_id`, `position`) VALUES (202501, 2025053, 48);
--> statement-breakpoint
INSERT INTO `exam_questions` (`exam_id`, `question_id`, `position`) VALUES (202501, 2025054, 49);
--> statement-breakpoint
INSERT INTO `exam_questions` (`exam_id`, `question_id`, `position`) VALUES (202501, 2025055, 50);
--> statement-breakpoint
INSERT INTO `exam_questions` (`exam_id`, `question_id`, `position`) VALUES (202501, 2025056, 51);
--> statement-breakpoint
INSERT INTO `exam_questions` (`exam_id`, `question_id`, `position`) VALUES (202501, 2025057, 52);
--> statement-breakpoint
INSERT INTO `exam_questions` (`exam_id`, `question_id`, `position`) VALUES (202501, 2025058, 53);
--> statement-breakpoint
INSERT INTO `exam_questions` (`exam_id`, `question_id`, `position`) VALUES (202501, 2025059, 54);
--> statement-breakpoint
INSERT INTO `exam_questions` (`exam_id`, `question_id`, `position`) VALUES (202501, 2025060, 55);
--> statement-breakpoint
INSERT INTO `exam_questions` (`exam_id`, `question_id`, `position`) VALUES (202501, 2025061, 56);
--> statement-breakpoint
INSERT INTO `exam_questions` (`exam_id`, `question_id`, `position`) VALUES (202501, 2025062, 57);
--> statement-breakpoint
INSERT INTO `exam_questions` (`exam_id`, `question_id`, `position`) VALUES (202501, 2025063, 58);
--> statement-breakpoint
INSERT INTO `exam_questions` (`exam_id`, `question_id`, `position`) VALUES (202501, 2025064, 59);
--> statement-breakpoint
INSERT INTO `exam_questions` (`exam_id`, `question_id`, `position`) VALUES (202501, 2025065, 60);
--> statement-breakpoint
INSERT INTO `exam_questions` (`exam_id`, `question_id`, `position`) VALUES (202501, 2025066, 61);
--> statement-breakpoint
INSERT INTO `exam_questions` (`exam_id`, `question_id`, `position`) VALUES (202501, 2025067, 62);
--> statement-breakpoint
INSERT INTO `exam_questions` (`exam_id`, `question_id`, `position`) VALUES (202501, 2025068, 63);
--> statement-breakpoint
INSERT INTO `exam_questions` (`exam_id`, `question_id`, `position`) VALUES (202501, 2025069, 64);
--> statement-breakpoint
INSERT INTO `exam_questions` (`exam_id`, `question_id`, `position`) VALUES (202501, 2025070, 65);
--> statement-breakpoint
INSERT INTO `exam_questions` (`exam_id`, `question_id`, `position`) VALUES (202501, 2025071, 66);
--> statement-breakpoint
INSERT INTO `exam_questions` (`exam_id`, `question_id`, `position`) VALUES (202501, 2025072, 67);
--> statement-breakpoint
INSERT INTO `exam_questions` (`exam_id`, `question_id`, `position`) VALUES (202501, 2025073, 68);
--> statement-breakpoint
INSERT INTO `exam_questions` (`exam_id`, `question_id`, `position`) VALUES (202501, 2025074, 69);
--> statement-breakpoint
INSERT INTO `exam_questions` (`exam_id`, `question_id`, `position`) VALUES (202501, 2025075, 70);
--> statement-breakpoint
INSERT INTO `exam_questions` (`exam_id`, `question_id`, `position`) VALUES (202501, 2025076, 71);
--> statement-breakpoint
INSERT INTO `exam_questions` (`exam_id`, `question_id`, `position`) VALUES (202501, 2025077, 72);
--> statement-breakpoint
INSERT INTO `exam_questions` (`exam_id`, `question_id`, `position`) VALUES (202501, 2025078, 73);
--> statement-breakpoint
INSERT INTO `exam_questions` (`exam_id`, `question_id`, `position`) VALUES (202501, 2025079, 74);
--> statement-breakpoint
INSERT INTO `exam_questions` (`exam_id`, `question_id`, `position`) VALUES (202501, 2025080, 75);
--> statement-breakpoint
INSERT INTO `exam_questions` (`exam_id`, `question_id`, `position`) VALUES (202501, 2025081, 76);
--> statement-breakpoint
INSERT INTO `exam_questions` (`exam_id`, `question_id`, `position`) VALUES (202501, 2025082, 77);
--> statement-breakpoint
INSERT INTO `exam_questions` (`exam_id`, `question_id`, `position`) VALUES (202501, 2025083, 78);
--> statement-breakpoint
INSERT INTO `exam_questions` (`exam_id`, `question_id`, `position`) VALUES (202501, 2025084, 79);
--> statement-breakpoint
INSERT INTO `exam_questions` (`exam_id`, `question_id`, `position`) VALUES (202501, 2025085, 80);
--> statement-breakpoint
INSERT INTO `exam_questions` (`exam_id`, `question_id`, `position`) VALUES (202501, 2025086, 81);
--> statement-breakpoint
INSERT INTO `exam_questions` (`exam_id`, `question_id`, `position`) VALUES (202501, 2025087, 82);
--> statement-breakpoint
INSERT INTO `exam_questions` (`exam_id`, `question_id`, `position`) VALUES (202501, 2025088, 83);
--> statement-breakpoint
INSERT INTO `exam_questions` (`exam_id`, `question_id`, `position`) VALUES (202501, 2025089, 84);
--> statement-breakpoint
INSERT INTO `exam_questions` (`exam_id`, `question_id`, `position`) VALUES (202501, 2025090, 85);
--> statement-breakpoint
INSERT INTO `exam_questions` (`exam_id`, `question_id`, `position`) VALUES (202501, 2025091, 86);
--> statement-breakpoint
INSERT INTO `exam_questions` (`exam_id`, `question_id`, `position`) VALUES (202501, 2025092, 87);
--> statement-breakpoint
INSERT INTO `exam_questions` (`exam_id`, `question_id`, `position`) VALUES (202501, 2025093, 88);
--> statement-breakpoint
INSERT INTO `exam_questions` (`exam_id`, `question_id`, `position`) VALUES (202501, 2025094, 89);
--> statement-breakpoint
INSERT INTO `exam_questions` (`exam_id`, `question_id`, `position`) VALUES (202501, 2025095, 90);
--> statement-breakpoint
INSERT INTO `exam_questions` (`exam_id`, `question_id`, `position`) VALUES (202502, 2025006, 1);
--> statement-breakpoint
INSERT INTO `exam_questions` (`exam_id`, `question_id`, `position`) VALUES (202502, 2025007, 2);
--> statement-breakpoint
INSERT INTO `exam_questions` (`exam_id`, `question_id`, `position`) VALUES (202502, 2025008, 3);
--> statement-breakpoint
INSERT INTO `exam_questions` (`exam_id`, `question_id`, `position`) VALUES (202502, 2025009, 4);
--> statement-breakpoint
INSERT INTO `exam_questions` (`exam_id`, `question_id`, `position`) VALUES (202502, 2025010, 5);
--> statement-breakpoint
INSERT INTO `exam_questions` (`exam_id`, `question_id`, `position`) VALUES (202502, 2025011, 6);
--> statement-breakpoint
INSERT INTO `exam_questions` (`exam_id`, `question_id`, `position`) VALUES (202502, 2025012, 7);
--> statement-breakpoint
INSERT INTO `exam_questions` (`exam_id`, `question_id`, `position`) VALUES (202502, 2025013, 8);
--> statement-breakpoint
INSERT INTO `exam_questions` (`exam_id`, `question_id`, `position`) VALUES (202502, 2025014, 9);
--> statement-breakpoint
INSERT INTO `exam_questions` (`exam_id`, `question_id`, `position`) VALUES (202502, 2025015, 10);
--> statement-breakpoint
INSERT INTO `exam_questions` (`exam_id`, `question_id`, `position`) VALUES (202502, 2025016, 11);
--> statement-breakpoint
INSERT INTO `exam_questions` (`exam_id`, `question_id`, `position`) VALUES (202502, 2025017, 12);
--> statement-breakpoint
INSERT INTO `exam_questions` (`exam_id`, `question_id`, `position`) VALUES (202502, 2025018, 13);
--> statement-breakpoint
INSERT INTO `exam_questions` (`exam_id`, `question_id`, `position`) VALUES (202502, 2025019, 14);
--> statement-breakpoint
INSERT INTO `exam_questions` (`exam_id`, `question_id`, `position`) VALUES (202502, 2025020, 15);
--> statement-breakpoint
INSERT INTO `exam_questions` (`exam_id`, `question_id`, `position`) VALUES (202502, 2025021, 16);
--> statement-breakpoint
INSERT INTO `exam_questions` (`exam_id`, `question_id`, `position`) VALUES (202502, 2025022, 17);
--> statement-breakpoint
INSERT INTO `exam_questions` (`exam_id`, `question_id`, `position`) VALUES (202502, 2025023, 18);
--> statement-breakpoint
INSERT INTO `exam_questions` (`exam_id`, `question_id`, `position`) VALUES (202502, 2025024, 19);
--> statement-breakpoint
INSERT INTO `exam_questions` (`exam_id`, `question_id`, `position`) VALUES (202502, 2025025, 20);
--> statement-breakpoint
INSERT INTO `exam_questions` (`exam_id`, `question_id`, `position`) VALUES (202502, 2025026, 21);
--> statement-breakpoint
INSERT INTO `exam_questions` (`exam_id`, `question_id`, `position`) VALUES (202502, 2025027, 22);
--> statement-breakpoint
INSERT INTO `exam_questions` (`exam_id`, `question_id`, `position`) VALUES (202502, 2025028, 23);
--> statement-breakpoint
INSERT INTO `exam_questions` (`exam_id`, `question_id`, `position`) VALUES (202502, 2025029, 24);
--> statement-breakpoint
INSERT INTO `exam_questions` (`exam_id`, `question_id`, `position`) VALUES (202502, 2025030, 25);
--> statement-breakpoint
INSERT INTO `exam_questions` (`exam_id`, `question_id`, `position`) VALUES (202502, 2025031, 26);
--> statement-breakpoint
INSERT INTO `exam_questions` (`exam_id`, `question_id`, `position`) VALUES (202502, 2025032, 27);
--> statement-breakpoint
INSERT INTO `exam_questions` (`exam_id`, `question_id`, `position`) VALUES (202502, 2025033, 28);
--> statement-breakpoint
INSERT INTO `exam_questions` (`exam_id`, `question_id`, `position`) VALUES (202502, 2025034, 29);
--> statement-breakpoint
INSERT INTO `exam_questions` (`exam_id`, `question_id`, `position`) VALUES (202502, 2025035, 30);
--> statement-breakpoint
INSERT INTO `exam_questions` (`exam_id`, `question_id`, `position`) VALUES (202502, 2025036, 31);
--> statement-breakpoint
INSERT INTO `exam_questions` (`exam_id`, `question_id`, `position`) VALUES (202502, 2025037, 32);
--> statement-breakpoint
INSERT INTO `exam_questions` (`exam_id`, `question_id`, `position`) VALUES (202502, 2025038, 33);
--> statement-breakpoint
INSERT INTO `exam_questions` (`exam_id`, `question_id`, `position`) VALUES (202502, 2025039, 34);
--> statement-breakpoint
INSERT INTO `exam_questions` (`exam_id`, `question_id`, `position`) VALUES (202502, 2025040, 35);
--> statement-breakpoint
INSERT INTO `exam_questions` (`exam_id`, `question_id`, `position`) VALUES (202502, 2025041, 36);
--> statement-breakpoint
INSERT INTO `exam_questions` (`exam_id`, `question_id`, `position`) VALUES (202502, 2025042, 37);
--> statement-breakpoint
INSERT INTO `exam_questions` (`exam_id`, `question_id`, `position`) VALUES (202502, 2025043, 38);
--> statement-breakpoint
INSERT INTO `exam_questions` (`exam_id`, `question_id`, `position`) VALUES (202502, 2025044, 39);
--> statement-breakpoint
INSERT INTO `exam_questions` (`exam_id`, `question_id`, `position`) VALUES (202502, 2025045, 40);
--> statement-breakpoint
INSERT INTO `exam_questions` (`exam_id`, `question_id`, `position`) VALUES (202502, 2025046, 41);
--> statement-breakpoint
INSERT INTO `exam_questions` (`exam_id`, `question_id`, `position`) VALUES (202502, 2025047, 42);
--> statement-breakpoint
INSERT INTO `exam_questions` (`exam_id`, `question_id`, `position`) VALUES (202502, 2025048, 43);
--> statement-breakpoint
INSERT INTO `exam_questions` (`exam_id`, `question_id`, `position`) VALUES (202502, 2025049, 44);
--> statement-breakpoint
INSERT INTO `exam_questions` (`exam_id`, `question_id`, `position`) VALUES (202502, 2025050, 45);
--> statement-breakpoint
INSERT INTO `exam_questions` (`exam_id`, `question_id`, `position`) VALUES (202502, 2025051, 46);
--> statement-breakpoint
INSERT INTO `exam_questions` (`exam_id`, `question_id`, `position`) VALUES (202502, 2025052, 47);
--> statement-breakpoint
INSERT INTO `exam_questions` (`exam_id`, `question_id`, `position`) VALUES (202502, 2025053, 48);
--> statement-breakpoint
INSERT INTO `exam_questions` (`exam_id`, `question_id`, `position`) VALUES (202502, 2025054, 49);
--> statement-breakpoint
INSERT INTO `exam_questions` (`exam_id`, `question_id`, `position`) VALUES (202502, 2025055, 50);
--> statement-breakpoint
INSERT INTO `exam_questions` (`exam_id`, `question_id`, `position`) VALUES (202502, 2025056, 51);
--> statement-breakpoint
INSERT INTO `exam_questions` (`exam_id`, `question_id`, `position`) VALUES (202502, 2025057, 52);
--> statement-breakpoint
INSERT INTO `exam_questions` (`exam_id`, `question_id`, `position`) VALUES (202502, 2025058, 53);
--> statement-breakpoint
INSERT INTO `exam_questions` (`exam_id`, `question_id`, `position`) VALUES (202502, 2025059, 54);
--> statement-breakpoint
INSERT INTO `exam_questions` (`exam_id`, `question_id`, `position`) VALUES (202502, 2025060, 55);
--> statement-breakpoint
INSERT INTO `exam_questions` (`exam_id`, `question_id`, `position`) VALUES (202502, 2025061, 56);
--> statement-breakpoint
INSERT INTO `exam_questions` (`exam_id`, `question_id`, `position`) VALUES (202502, 2025062, 57);
--> statement-breakpoint
INSERT INTO `exam_questions` (`exam_id`, `question_id`, `position`) VALUES (202502, 2025063, 58);
--> statement-breakpoint
INSERT INTO `exam_questions` (`exam_id`, `question_id`, `position`) VALUES (202502, 2025064, 59);
--> statement-breakpoint
INSERT INTO `exam_questions` (`exam_id`, `question_id`, `position`) VALUES (202502, 2025065, 60);
--> statement-breakpoint
INSERT INTO `exam_questions` (`exam_id`, `question_id`, `position`) VALUES (202502, 2025066, 61);
--> statement-breakpoint
INSERT INTO `exam_questions` (`exam_id`, `question_id`, `position`) VALUES (202502, 2025067, 62);
--> statement-breakpoint
INSERT INTO `exam_questions` (`exam_id`, `question_id`, `position`) VALUES (202502, 2025068, 63);
--> statement-breakpoint
INSERT INTO `exam_questions` (`exam_id`, `question_id`, `position`) VALUES (202502, 2025069, 64);
--> statement-breakpoint
INSERT INTO `exam_questions` (`exam_id`, `question_id`, `position`) VALUES (202502, 2025070, 65);
--> statement-breakpoint
INSERT INTO `exam_questions` (`exam_id`, `question_id`, `position`) VALUES (202502, 2025071, 66);
--> statement-breakpoint
INSERT INTO `exam_questions` (`exam_id`, `question_id`, `position`) VALUES (202502, 2025072, 67);
--> statement-breakpoint
INSERT INTO `exam_questions` (`exam_id`, `question_id`, `position`) VALUES (202502, 2025073, 68);
--> statement-breakpoint
INSERT INTO `exam_questions` (`exam_id`, `question_id`, `position`) VALUES (202502, 2025074, 69);
--> statement-breakpoint
INSERT INTO `exam_questions` (`exam_id`, `question_id`, `position`) VALUES (202502, 2025075, 70);
--> statement-breakpoint
INSERT INTO `exam_questions` (`exam_id`, `question_id`, `position`) VALUES (202502, 2025076, 71);
--> statement-breakpoint
INSERT INTO `exam_questions` (`exam_id`, `question_id`, `position`) VALUES (202502, 2025077, 72);
--> statement-breakpoint
INSERT INTO `exam_questions` (`exam_id`, `question_id`, `position`) VALUES (202502, 2025078, 73);
--> statement-breakpoint
INSERT INTO `exam_questions` (`exam_id`, `question_id`, `position`) VALUES (202502, 2025079, 74);
--> statement-breakpoint
INSERT INTO `exam_questions` (`exam_id`, `question_id`, `position`) VALUES (202502, 2025080, 75);
--> statement-breakpoint
INSERT INTO `exam_questions` (`exam_id`, `question_id`, `position`) VALUES (202502, 2025081, 76);
--> statement-breakpoint
INSERT INTO `exam_questions` (`exam_id`, `question_id`, `position`) VALUES (202502, 2025082, 77);
--> statement-breakpoint
INSERT INTO `exam_questions` (`exam_id`, `question_id`, `position`) VALUES (202502, 2025083, 78);
--> statement-breakpoint
INSERT INTO `exam_questions` (`exam_id`, `question_id`, `position`) VALUES (202502, 2025084, 79);
--> statement-breakpoint
INSERT INTO `exam_questions` (`exam_id`, `question_id`, `position`) VALUES (202502, 2025085, 80);
--> statement-breakpoint
INSERT INTO `exam_questions` (`exam_id`, `question_id`, `position`) VALUES (202502, 2025086, 81);
--> statement-breakpoint
INSERT INTO `exam_questions` (`exam_id`, `question_id`, `position`) VALUES (202502, 2025087, 82);
--> statement-breakpoint
INSERT INTO `exam_questions` (`exam_id`, `question_id`, `position`) VALUES (202502, 2025088, 83);
--> statement-breakpoint
INSERT INTO `exam_questions` (`exam_id`, `question_id`, `position`) VALUES (202502, 2025089, 84);
--> statement-breakpoint
INSERT INTO `exam_questions` (`exam_id`, `question_id`, `position`) VALUES (202502, 2025090, 85);
--> statement-breakpoint
INSERT INTO `exam_questions` (`exam_id`, `question_id`, `position`) VALUES (202502, 2025091, 86);
--> statement-breakpoint
INSERT INTO `exam_questions` (`exam_id`, `question_id`, `position`) VALUES (202502, 2025092, 87);
--> statement-breakpoint
INSERT INTO `exam_questions` (`exam_id`, `question_id`, `position`) VALUES (202502, 2025093, 88);
--> statement-breakpoint
INSERT INTO `exam_questions` (`exam_id`, `question_id`, `position`) VALUES (202502, 2025094, 89);
--> statement-breakpoint
INSERT INTO `exam_questions` (`exam_id`, `question_id`, `position`) VALUES (202502, 2025095, 90);
--> statement-breakpoint
INSERT INTO `exam_questions` (`exam_id`, `question_id`, `position`) VALUES (202503, 2025096, 1);
--> statement-breakpoint
INSERT INTO `exam_questions` (`exam_id`, `question_id`, `position`) VALUES (202503, 2025097, 2);
--> statement-breakpoint
INSERT INTO `exam_questions` (`exam_id`, `question_id`, `position`) VALUES (202503, 2025098, 3);
--> statement-breakpoint
INSERT INTO `exam_questions` (`exam_id`, `question_id`, `position`) VALUES (202503, 2025099, 4);
--> statement-breakpoint
INSERT INTO `exam_questions` (`exam_id`, `question_id`, `position`) VALUES (202503, 2025100, 5);
--> statement-breakpoint
INSERT INTO `exam_questions` (`exam_id`, `question_id`, `position`) VALUES (202503, 2025101, 6);
--> statement-breakpoint
INSERT INTO `exam_questions` (`exam_id`, `question_id`, `position`) VALUES (202503, 2025102, 7);
--> statement-breakpoint
INSERT INTO `exam_questions` (`exam_id`, `question_id`, `position`) VALUES (202503, 2025103, 8);
--> statement-breakpoint
INSERT INTO `exam_questions` (`exam_id`, `question_id`, `position`) VALUES (202503, 2025104, 9);
--> statement-breakpoint
INSERT INTO `exam_questions` (`exam_id`, `question_id`, `position`) VALUES (202503, 2025105, 10);
--> statement-breakpoint
INSERT INTO `exam_questions` (`exam_id`, `question_id`, `position`) VALUES (202503, 2025106, 11);
--> statement-breakpoint
INSERT INTO `exam_questions` (`exam_id`, `question_id`, `position`) VALUES (202503, 2025107, 12);
--> statement-breakpoint
INSERT INTO `exam_questions` (`exam_id`, `question_id`, `position`) VALUES (202503, 2025108, 13);
--> statement-breakpoint
INSERT INTO `exam_questions` (`exam_id`, `question_id`, `position`) VALUES (202503, 2025109, 14);
--> statement-breakpoint
INSERT INTO `exam_questions` (`exam_id`, `question_id`, `position`) VALUES (202503, 2025110, 15);
--> statement-breakpoint
INSERT INTO `exam_questions` (`exam_id`, `question_id`, `position`) VALUES (202503, 2025111, 16);
--> statement-breakpoint
INSERT INTO `exam_questions` (`exam_id`, `question_id`, `position`) VALUES (202503, 2025112, 17);
--> statement-breakpoint
INSERT INTO `exam_questions` (`exam_id`, `question_id`, `position`) VALUES (202503, 2025113, 18);
--> statement-breakpoint
INSERT INTO `exam_questions` (`exam_id`, `question_id`, `position`) VALUES (202503, 2025114, 19);
--> statement-breakpoint
INSERT INTO `exam_questions` (`exam_id`, `question_id`, `position`) VALUES (202503, 2025115, 20);
--> statement-breakpoint
INSERT INTO `exam_questions` (`exam_id`, `question_id`, `position`) VALUES (202503, 2025116, 21);
--> statement-breakpoint
INSERT INTO `exam_questions` (`exam_id`, `question_id`, `position`) VALUES (202503, 2025117, 22);
--> statement-breakpoint
INSERT INTO `exam_questions` (`exam_id`, `question_id`, `position`) VALUES (202503, 2025118, 23);
--> statement-breakpoint
INSERT INTO `exam_questions` (`exam_id`, `question_id`, `position`) VALUES (202503, 2025119, 24);
--> statement-breakpoint
INSERT INTO `exam_questions` (`exam_id`, `question_id`, `position`) VALUES (202503, 2025120, 25);
--> statement-breakpoint
INSERT INTO `exam_questions` (`exam_id`, `question_id`, `position`) VALUES (202503, 2025121, 26);
--> statement-breakpoint
INSERT INTO `exam_questions` (`exam_id`, `question_id`, `position`) VALUES (202503, 2025122, 27);
--> statement-breakpoint
INSERT INTO `exam_questions` (`exam_id`, `question_id`, `position`) VALUES (202503, 2025123, 28);
--> statement-breakpoint
INSERT INTO `exam_questions` (`exam_id`, `question_id`, `position`) VALUES (202503, 2025124, 29);
--> statement-breakpoint
INSERT INTO `exam_questions` (`exam_id`, `question_id`, `position`) VALUES (202503, 2025125, 30);
--> statement-breakpoint
INSERT INTO `exam_questions` (`exam_id`, `question_id`, `position`) VALUES (202503, 2025126, 31);
--> statement-breakpoint
INSERT INTO `exam_questions` (`exam_id`, `question_id`, `position`) VALUES (202503, 2025127, 32);
--> statement-breakpoint
INSERT INTO `exam_questions` (`exam_id`, `question_id`, `position`) VALUES (202503, 2025128, 33);
--> statement-breakpoint
INSERT INTO `exam_questions` (`exam_id`, `question_id`, `position`) VALUES (202503, 2025129, 34);
--> statement-breakpoint
INSERT INTO `exam_questions` (`exam_id`, `question_id`, `position`) VALUES (202503, 2025130, 35);
--> statement-breakpoint
INSERT INTO `exam_questions` (`exam_id`, `question_id`, `position`) VALUES (202503, 2025131, 36);
--> statement-breakpoint
INSERT INTO `exam_questions` (`exam_id`, `question_id`, `position`) VALUES (202503, 2025132, 37);
--> statement-breakpoint
INSERT INTO `exam_questions` (`exam_id`, `question_id`, `position`) VALUES (202503, 2025133, 38);
--> statement-breakpoint
INSERT INTO `exam_questions` (`exam_id`, `question_id`, `position`) VALUES (202503, 2025134, 39);
--> statement-breakpoint
INSERT INTO `exam_questions` (`exam_id`, `question_id`, `position`) VALUES (202503, 2025135, 40);
--> statement-breakpoint
INSERT INTO `exam_questions` (`exam_id`, `question_id`, `position`) VALUES (202503, 2025136, 41);
--> statement-breakpoint
INSERT INTO `exam_questions` (`exam_id`, `question_id`, `position`) VALUES (202503, 2025137, 42);
--> statement-breakpoint
INSERT INTO `exam_questions` (`exam_id`, `question_id`, `position`) VALUES (202503, 2025138, 43);
--> statement-breakpoint
INSERT INTO `exam_questions` (`exam_id`, `question_id`, `position`) VALUES (202503, 2025139, 44);
--> statement-breakpoint
INSERT INTO `exam_questions` (`exam_id`, `question_id`, `position`) VALUES (202503, 2025140, 45);
--> statement-breakpoint
INSERT INTO `exam_questions` (`exam_id`, `question_id`, `position`) VALUES (202503, 2025141, 46);
--> statement-breakpoint
INSERT INTO `exam_questions` (`exam_id`, `question_id`, `position`) VALUES (202503, 2025142, 47);
--> statement-breakpoint
INSERT INTO `exam_questions` (`exam_id`, `question_id`, `position`) VALUES (202503, 2025143, 48);
--> statement-breakpoint
INSERT INTO `exam_questions` (`exam_id`, `question_id`, `position`) VALUES (202503, 2025144, 49);
--> statement-breakpoint
INSERT INTO `exam_questions` (`exam_id`, `question_id`, `position`) VALUES (202503, 2025145, 50);
--> statement-breakpoint
INSERT INTO `exam_questions` (`exam_id`, `question_id`, `position`) VALUES (202503, 2025146, 51);
--> statement-breakpoint
INSERT INTO `exam_questions` (`exam_id`, `question_id`, `position`) VALUES (202503, 2025147, 52);
--> statement-breakpoint
INSERT INTO `exam_questions` (`exam_id`, `question_id`, `position`) VALUES (202503, 2025148, 53);
--> statement-breakpoint
INSERT INTO `exam_questions` (`exam_id`, `question_id`, `position`) VALUES (202503, 2025149, 54);
--> statement-breakpoint
INSERT INTO `exam_questions` (`exam_id`, `question_id`, `position`) VALUES (202503, 2025150, 55);
--> statement-breakpoint
INSERT INTO `exam_questions` (`exam_id`, `question_id`, `position`) VALUES (202503, 2025151, 56);
--> statement-breakpoint
INSERT INTO `exam_questions` (`exam_id`, `question_id`, `position`) VALUES (202503, 2025152, 57);
--> statement-breakpoint
INSERT INTO `exam_questions` (`exam_id`, `question_id`, `position`) VALUES (202503, 2025153, 58);
--> statement-breakpoint
INSERT INTO `exam_questions` (`exam_id`, `question_id`, `position`) VALUES (202503, 2025154, 59);
--> statement-breakpoint
INSERT INTO `exam_questions` (`exam_id`, `question_id`, `position`) VALUES (202503, 2025155, 60);
--> statement-breakpoint
INSERT INTO `exam_questions` (`exam_id`, `question_id`, `position`) VALUES (202503, 2025156, 61);
--> statement-breakpoint
INSERT INTO `exam_questions` (`exam_id`, `question_id`, `position`) VALUES (202503, 2025157, 62);
--> statement-breakpoint
INSERT INTO `exam_questions` (`exam_id`, `question_id`, `position`) VALUES (202503, 2025158, 63);
--> statement-breakpoint
INSERT INTO `exam_questions` (`exam_id`, `question_id`, `position`) VALUES (202503, 2025159, 64);
--> statement-breakpoint
INSERT INTO `exam_questions` (`exam_id`, `question_id`, `position`) VALUES (202503, 2025160, 65);
--> statement-breakpoint
INSERT INTO `exam_questions` (`exam_id`, `question_id`, `position`) VALUES (202503, 2025161, 66);
--> statement-breakpoint
INSERT INTO `exam_questions` (`exam_id`, `question_id`, `position`) VALUES (202503, 2025162, 67);
--> statement-breakpoint
INSERT INTO `exam_questions` (`exam_id`, `question_id`, `position`) VALUES (202503, 2025163, 68);
--> statement-breakpoint
INSERT INTO `exam_questions` (`exam_id`, `question_id`, `position`) VALUES (202503, 2025164, 69);
--> statement-breakpoint
INSERT INTO `exam_questions` (`exam_id`, `question_id`, `position`) VALUES (202503, 2025165, 70);
--> statement-breakpoint
INSERT INTO `exam_questions` (`exam_id`, `question_id`, `position`) VALUES (202503, 2025166, 71);
--> statement-breakpoint
INSERT INTO `exam_questions` (`exam_id`, `question_id`, `position`) VALUES (202503, 2025167, 72);
--> statement-breakpoint
INSERT INTO `exam_questions` (`exam_id`, `question_id`, `position`) VALUES (202503, 2025168, 73);
--> statement-breakpoint
INSERT INTO `exam_questions` (`exam_id`, `question_id`, `position`) VALUES (202503, 2025169, 74);
--> statement-breakpoint
INSERT INTO `exam_questions` (`exam_id`, `question_id`, `position`) VALUES (202503, 2025170, 75);
--> statement-breakpoint
INSERT INTO `exam_questions` (`exam_id`, `question_id`, `position`) VALUES (202503, 2025171, 76);
--> statement-breakpoint
INSERT INTO `exam_questions` (`exam_id`, `question_id`, `position`) VALUES (202503, 2025172, 77);
--> statement-breakpoint
INSERT INTO `exam_questions` (`exam_id`, `question_id`, `position`) VALUES (202503, 2025173, 78);
--> statement-breakpoint
INSERT INTO `exam_questions` (`exam_id`, `question_id`, `position`) VALUES (202503, 2025174, 79);
--> statement-breakpoint
INSERT INTO `exam_questions` (`exam_id`, `question_id`, `position`) VALUES (202503, 2025175, 80);
--> statement-breakpoint
INSERT INTO `exam_questions` (`exam_id`, `question_id`, `position`) VALUES (202503, 2025176, 81);
--> statement-breakpoint
INSERT INTO `exam_questions` (`exam_id`, `question_id`, `position`) VALUES (202503, 2025177, 82);
--> statement-breakpoint
INSERT INTO `exam_questions` (`exam_id`, `question_id`, `position`) VALUES (202503, 2025178, 83);
--> statement-breakpoint
INSERT INTO `exam_questions` (`exam_id`, `question_id`, `position`) VALUES (202503, 2025179, 84);
--> statement-breakpoint
INSERT INTO `exam_questions` (`exam_id`, `question_id`, `position`) VALUES (202503, 2025180, 85);
--> statement-breakpoint
INSERT INTO `exam_questions` (`exam_id`, `question_id`, `position`) VALUES (202503, 2025181, 86);
--> statement-breakpoint
INSERT INTO `exam_questions` (`exam_id`, `question_id`, `position`) VALUES (202503, 2025182, 87);
--> statement-breakpoint
INSERT INTO `exam_questions` (`exam_id`, `question_id`, `position`) VALUES (202503, 2025183, 88);
--> statement-breakpoint
INSERT INTO `exam_questions` (`exam_id`, `question_id`, `position`) VALUES (202503, 2025184, 89);
--> statement-breakpoint
INSERT INTO `exam_questions` (`exam_id`, `question_id`, `position`) VALUES (202503, 2025185, 90);
